Unnamed: 0,Private,Apps,Accept,Enroll,Top10perc,Top25perc,F.Undergrad,P.Undergrad,Outstate,Room.Board,Books,Personal,PhD,Terminal,S.F.Ratio,perc.alumni,Expend,Grad.Rate,Apps_trans,Accept_trans,Enroll_trans,Top10perc_trans,F.Undergrad_trans,P.Undergrad_trans,Outstate_trans,Books_trans,Personal_trans,PhD_trans,Terminal_trans,S.F.Ratio_trans,perc.alumni_trans,Expend_trans,Accept_Rate,Outstate_Tier,Outstate_Tier_encoded,Private_encoded,Outstate_Tier_encoded_scaled,Private_encoded_scaled,Apps_trans_scaled,Accept_trans_scaled,Enroll_trans_scaled,Top10perc_trans_scaled,F.Undergrad_trans_scaled,P.Undergrad_trans_scaled,Outstate_trans_scaled,Books_trans_scaled,Personal_trans_scaled,PhD_trans_scaled,Terminal_trans_scaled,S.F.Ratio_trans_scaled,perc.alumni_trans_scaled,Expend_trans_scaled,Accept_Rate_trans,Private_encoded_trans,Private_encoded_scaled_trans,Accept_Rate_trans_scaled,Private_encoded_trans_scaled,Private_encoded_scaled_trans_scaled
Abilene Christian University,Yes,1660,1232,721,23,52,2885,537,7440,3300,450,2200,70.0,78,18.1,12,7041,60,0.027875084216752014,0.04112349978782947,0.49398839253252935,-0.04753313995778422,0.43375745827735374,0.3064872489683561,-0.6934524379658119,-0.6143252338289236,1.271441718087908,-0.2915826792352699,-0.2828555413330692,1.0190329338711737,-0.8347120348951067,-0.4911902928883103,0.7421686746987952,Low,0,1,-1.0987972149572356,0.6125530498969481,0.027875084216751667,0.041123499787829546,0.49398839253252874,-0.04753313995778462,0.4337574582773542,0.30648724896835605,-0.6934524379658126,-0.6143252338289233,1.271441718087907,-0.2915826792352703,-0.28285554133306934,1.0190329338711732,-0.8347120348951071,-0.4911902928882912,-0.21865560254241662,0.6125530498969479,0.612553049896948,-0.21865560254241712,0.6125530498969481,0.6125530498969483
Adelphi University,Yes,2186,1924,512,16,29,2683,1227,12280,6450,750,1500,29.0,30,12.2,16,10527,56,0.2830852881943322,0.4860695997446218,0.1425396793929512,-0.5868962977653778,0.36552603724079685,0.8731629541442719,0.5562703143209636,1.302507133936391,0.4565936404384389,-2.176663437470544,-2.247871935822592,-0.43446218134192693,-0.4323290036172367,0.5523695353645415,0.8801463860933212,Medium,1,1,0.3581403891754813,0.6125530498969481,0.2830852881943319,0.4860695997446219,0.14253967939295056,-0.5868962977653782,0.3655260372407973,0.8731629541442718,0.556270314320963,1.3025071339363914,0.4565936404384379,-2.1766634374705442,-2.247871935822592,-0.4344621813419273,-0.4323290036172371,0.5523695353645606,1.003336385868238,0.6125530498969479,0.612553049896948,1.0033363858682378,0.6125530498969481,0.6125530498969483
Adrian College,Yes,1428,1097,336,22,50,1036,99,11250,3750,400,1165,53.0,66,12.9,30,8735,54,-0.11389115379524906,-0.07700543793018212,-0.31617706301307386,-0.1160987382636973,-0.636915710278457,-0.7316464440072331,0.32201189678612024,-1.0388011424180428,-0.06865548763817216,-1.2616584368949362,-1.0406490873905974,-0.24905677256531966,0.6744919519989533,0.0963933164348799,0.7682072829131653,Medium,1,1,0.3581403891754813,0.6125530498969481,-0.1138911537952494,-0.07700543793018205,-0.3161770630130746,-0.1160987382636977,-0.6369157102784565,-0.7316464440072332,0.3220118967861195,-1.0388011424180428,-0.06865548763817315,-1.2616584368949366,-1.0406490873905974,-0.24905677256532008,0.6744919519989528,0.09639331643489897,-0.01742464273315185,0.6125530498969479,0.612553049896948,-0.017424642733152286,0.6125530498969481,0.6125530498969483
Agnes Scott College,Yes,417,349,137,60,89,510,63,12960,5450,450,875,92.0,97,7.7,37,19016,59,-1.3330514001444782,-1.2948110844500123,-1.3971079459704356,1.6091146533387966,-1.5313305281499452,-0.9827260974044782,0.7039283295979933,-0.6143252338289236,-0.6517887649745615,1.3621979324255895,1.3651568927969056,-1.7470120335841908,1.1257980885897985,1.7270031071000755,0.8369304556354916,Medium,1,1,0.3581403891754813,0.6125530498969481,-1.3330514001444786,-1.2948110844500123,-1.3971079459704365,1.609114653338796,-1.5313305281499447,-0.9827260974044784,0.7039283295979927,-0.6143252338289233,-0.6517887649745625,1.362197932425589,1.3651568927969056,-1.7470120335841912,1.125798088589798,1.7270031071000946,0.5775950663823208,0.6125530498969479,0.612553049896948,0.5775950663823205,0.6125530498969481,0.6125530498969483
Alaska Pacific University,Yes,193,146,55,16,44,249,869,7560,4120,800,1500,76.0,72,11.9,2,10922,15,-2.1523361516389374,-2.2864857517717887,-2.6538266391848824,-0.5868962977653778,-2.5877021869158714,0.6316190134718619,-0.6567794366897636,1.553695186961413,0.4565936404384389,0.11480358880148679,-0.6873174824544503,-0.5152188828746125,-2.329357208369601,0.6370519765995337,0.7564766839378239,Low,0,1,-1.0987972149572356,0.6125530498969481,-2.152336151638938,-2.2864857517717887,-2.6538266391848837,-0.5868962977653782,-2.587702186915871,0.6316190134718618,-0.6567794366897642,1.5536951869614135,0.4565936404384379,0.11480358880148643,-0.6873174824544505,-0.5152188828746129,-2.3293572083696015,0.6370519765995528,-0.10964844224189522,0.6125530498969479,0.612553049896948,-0.10964844224189568,0.6125530498969481,0.6125530498969483
Albertson College,Yes,587,479,158,38,62,678,41,13500,3335,500,675,75.0,73,9.4,11,9727,55,-0.9834591515317835,-0.9485228017998929,-1.2153674616026684,0.7767056047201572,-1.1553027961829594,-1.2110331645966375,0.8175992438831524,-0.22914901677242944,-1.1698338049692316,0.0447497870211825,-0.6235308993858222,-1.2228535013648447,-0.9453261344609437,0.36485606780594454,0.8160136286201022,Medium,1,1,0.3581403891754813,0.6125530498969481,-0.9834591515317839,-0.9485228017998928,-1.2153674616026693,0.7767056047201567,-1.155302796182959,-1.2110331645966375,0.8175992438831517,-0.22914901677242913,-1.1698338049692327,0.04474978702118213,-0.6235308993858223,-1.2228535013648452,-0.9453261344609442,0.36485606780596364,0.3862351916280114,0.6125530498969479,0.612553049896948,0.38623519162801107,0.6125530498969481,0.6125530498969483
Albertus Magnus College,Yes,353,340,103,17,45,416,230,13290,5720,500,1500,90.0,93,11.5,26,8861,63,-1.506510533633622,-1.3237171601245863,-1.7723179350158718,-0.5000085327852752,-1.8150220375101371,-0.23384814646205462,0.7737552072176591,-0.22914901677242944,0.4565936404384389,1.1932365358027166,0.9693375120855497,-0.6241683558478293,0.3918121831278882,0.13304701290641674,0.9631728045325779,Medium,1,1,0.3581403891754813,0.6125530498969481,-1.5065105336336224,-1.3237171601245863,-1.7723179350158726,-0.5000085327852757,-1.8150220375101367,-0.2338481464620547,0.7737552072176584,-0.22914901677242913,0.4565936404384379,1.1932365358027162,0.9693375120855496,-0.6241683558478297,0.3918121831278878,0.1330470129064358,1.9464036561011844,0.6125530498969479,0.612553049896948,1.9464036561011844,0.6125530498969481,0.6125530498969483
Albion College,Yes,1899,1720,489,37,68,1594,32,13868,4826,450,850,89.0,100,13.7,37,11487,73,0.1532310868928054,0.3754920445577133,0.09391910438190838,0.7305835658560428,-0.15706230981818542,-1.3380783400810938,0.8933624127542497,-0.6143252338289236,-0.7101522318661437,1.1101537037083895,1.6800113003699915,-0.042038843535126456,1.1257980885897985,0.7502919785871572,0.9057398630858347,Medium,1,1,0.3581403891754813,0.6125530498969481,0.15323108689280504,0.37549204455771334,0.09391910438190772,0.7305835658560423,-0.15706230981818498,-1.3380783400810938,0.893362412754249,-0.6143252338289233,-0.7101522318661447,1.110153703708389,1.6800113003699915,-0.04203884353512687,1.125798088589798,0.7502919785871763,1.2758041043075126,0.6125530498969479,0.612553049896948,1.2758041043075123,0.6125530498969481,0.6125530498969483
Albright College,Yes,1038,839,227,30,63,973,306,15595,4400,300,500,79.0,84,11.3,23,11644,80,-0.41946431311888704,-0.3535733875805028,-0.7706952927942133,0.3771313679720627,-0.7106328409913837,-0.056425392670277026,1.2322956289218325,-2.0489462340837274,-1.756532921293452,0.3305429069207441,0.17540598418550252,-0.6792077728800088,0.16480224108923644,0.7802450944091319,0.8082851637764933,High,2,1,1.8150779933081982,0.6125530498969481,-0.4194643131188874,-0.3535733875805027,-0.7706952927942141,0.3771313679720623,-0.7106328409913832,-0.0564253926702771,1.2322956289218319,-2.0489462340837274,-1.756532921293453,0.33054290692074373,0.1754059841855024,-0.6792077728800092,0.16480224108923605,0.780245094409151,0.3178558510163972,0.6125530498969479,0.612553049896948,0.3178558510163968,0.6125530498969481,0.6125530498969483
Alderson-Broaddus College,Yes,582,498,172,21,44,799,78,10468,3380,660,1800,40.0,41,11.5,15,8991,52,-0.9921009632023521,-0.9064909849397514,-1.108997895324639,-0.18710169614595554,-0.9488114852595048,-0.8654616196426677,0.13456450095113598,0.8110292102757778,0.8416278943466902,-1.8231328600691903,-2.0249833565326143,-0.6241683558478293,-0.5277223720549751,0.1700311970567114,0.8556701030927835,Medium,1,1,0.3581403891754813,0.6125530498969481,-0.9921009632023524,-0.9064909849397513,-1.10899789532464,-0.18710169614595593,-0.9488114852595043,-0.8654616196426678,0.13456450095113526,0.8110292102757782,0.8416278943466892,-1.8231328600691907,-2.0249833565326143,-0.6241683558478297,-0.5277223720549755,0.17003119705673048,0.7570644171397467,0.6125530498969479,0.612553049896948,0.7570644171397465,0.6125530498969481,0.6125530498969483
Alfred University,Yes,1732,1425,472,37,75,1830,110,16548,5406,500,600,82.0,88,11.3,31,10932,73,0.06757799441907153,0.18791038995419446,0.05625345047371651,0.7305835658560428,-0.012629969739564912,-0.6715325760288845,1.408847795869445,-0.22914901677242944,-1.4016694654541817,0.5546527948873138,0.5120879513281108,-0.6792077728800088,0.7420738947418721,0.6391344042892935,0.8227482678983834,High,2,1,1.8150779933081982,0.6125530498969481,0.06757799441907118,0.18791038995419454,0.056253450473715834,0.7305835658560423,-0.012629969739564454,-0.6715325760288846,1.4088477958694443,-0.22914901677242913,-1.4016694654541828,0.5546527948873134,0.5120879513281107,-0.6792077728800092,0.7420738947418717,0.6391344042893126,0.44683592760879987,0.6125530498969479,0.612553049896948,0.44683592760879953,0.6125530498969481,0.6125530498969483
Allegheny College,Yes,2652,1900,484,44,77,1707,44,17080,4440,400,600,73.0,91,9.9,41,11711,76,0.4592060535400196,0.4737286093265102,0.0829998160861375,1.0350695150852658,-0.08486911648070146,-1.1742007602630395,1.5045134067783403,-1.0388011424180428,-1.4016694654541817,-0.09256994792772753,0.781503315639944,-1.0758964274030898,1.3638859589907049,0.7928387205687742,0.7164404223227753,High,2,1,1.8150779933081982,0.6125530498969481,0.45920605354001925,0.47372860932651023,0.08299981608613684,1.0350695150852653,-0.084869116480701,-1.1742007602630395,1.5045134067783397,-1.0388011424180428,-1.4016694654541828,-0.0925699479277279,0.7815033156399439,-1.0758964274030902,1.3638859589907044,0.7928387205687933,-0.40535077038027967,0.6125530498969479,0.612553049896948,-0.4053507703802802,0.6125530498969481,0.6125530498969483
Allentown Coll. of St. Francis de Sales,Yes,1179,780,290,38,64,1130,638,9690,4785,600,1000,60.0,84,13.3,21,7940,74,-0.2965948381183774,-0.4296782811441906,-0.4836392714989347,0.7767056047201572,-0.5365208871280956,0.4213309517069193,-0.06129050338777985,0.4497726389260374,-0.3813083118461038,-0.8946430399991983,0.17540598418550252,-0.1449220622273889,0.004942020606680277,-0.15523320441133603,0.6615776081424937,Medium,1,1,0.3581403891754813,0.6125530498969481,-0.2965948381183777,-0.42967828114419054,-0.48363927149893543,0.7767056047201567,-0.5365208871280952,0.42133095170691925,-0.06129050338778057,0.4497726389260378,-0.3813083118461048,-0.8946430399991986,0.1754059841855024,-0.14492206222738932,0.004942020606679884,-0.15523320441131697,-0.7657605354144992,0.6125530498969479,0.612553049896948,-0.7657605354144998,0.6125530498969481,0.6125530498969483
Alma College,Yes,1267,1080,385,44,73,1306,28,12572,4552,400,400,79.0,87,15.3,32,9305,68,-0.22765560201479393,-0.09297484747023868,-0.1646626445757431,1.0350695150852658,-0.37337497544083403,-1.4050727970678636,0.6203181859620271,-1.0388011424180428,-2.184287331771188,0.3305429069207441,0.4255260215207906,0.3579040707316264,0.808539510579746,0.2560543018019544,0.8524072612470402,Medium,1,1,0.3581403891754813,0.6125530498969481,-0.2276556020147943,-0.09297484747023861,-0.16466264457574378,1.0350695150852653,-0.3733749754408336,-1.4050727970678636,0.6203181859620265,-1.0388011424180428,-2.184287331771189,0.33054290692074373,0.4255260215207905,0.357904070731626,0.8085395105797456,0.25605430180197347,0.725258998719329,0.6125530498969479,0.612553049896948,0.7252589987193286,0.6125530498969481,0.6125530498969483
Alverno College,Yes,494,313,157,23,46,1317,1235,8352,3640,650,2449,36.0,69,11.1,26,8127,55,-1.1587406089223402,-1.415598723356076,-1.2233767439261074,-0.04753313995778422,-0.36407914876959574,0.8777828514941316,-0.42384095974398683,0.7528645357434074,1.5037183500275915,-1.9645552609015684,-0.870204749794732,-0.7346353504225267,0.3918121831278882,-0.09264348370542107,0.6336032388663968,Low,0,1,-1.0987972149572356,0.6125530498969481,-1.1587406089223407,-1.415598723356076,-1.2233767439261083,-0.04753313995778462,-0.3640791487695953,0.8777828514941315,-0.42384095974398756,0.7528645357434078,1.5037183500275904,-1.9645552609015688,-0.8702047497947321,-0.7346353504225271,0.3918121831278878,-0.092643483705402,-0.9310989861334084,0.6125530498969479,0.612553049896948,-0.931098986133409,0.6125530498969481,0.6125530498969483
American International College,Yes,1420,1093,220,9,22,1018,287,8700,4780,450,1400,78.0,84,14.7,19,7355,69,-0.11921182884132073,-0.08073901855629047,-0.8081810446807128,-1.348494791392716,-0.6574084548327211,-0.09665544581816274,-0.3260741592092893,-0.6143252338289236,0.3122382660840021,0.2576999703306144,0.17540598418550252,0.21000461555961872,-0.16286735762255852,-0.36666846912669654,0.7697183098591549,Low,0,1,-1.0987972149572356,0.6125530498969481,-0.11921182884132107,-0.0807390185562904,-0.8081810446807136,-1.3484947913927166,-0.6574084548327207,-0.09665544581816281,-0.32607415920929,-0.6143252338289233,0.3122382660840011,0.25769997033061404,0.1754059841855024,0.2100046155596183,-0.1628673576225589,-0.36666846912667744,-0.005355165952557795,0.6125530498969479,0.612553049896948,-0.0053551659525582305,0.6125530498969481,0.6125530498969483
Amherst College,Yes,4302,992,418,83,96,1593,5,19760,5300,660,1598,75.0,98,8.4,63,21424,100,0.8893232109394398,-0.18018361318456771,-0.07465510641790439,2.2511270800650833,-0.15772880058231023,-2.1648813283667963,1.9588194643556514,0.8110292102757778,0.5896605358372503,0.0447497870211825,1.4683762334705521,-1.5262541109104928,2.4973679239732567,1.9215286780626208,0.23059042305904232,High,2,1,1.8150779933081982,0.6125530498969481,0.8893232109394394,-0.18018361318456763,-0.07465510641790508,2.251127080065083,-0.15772880058230979,-2.1648813283667963,1.9588194643556507,0.8110292102757782,0.5896605358372493,0.04474978702118213,1.4683762334705521,-1.5262541109104932,2.4973679239732562,1.92152867806264,-2.305357472247701,0.6125530498969479,0.612553049896948,-2.3053574722477017,0.6125530498969481,0.6125530498969483
Anderson University,Yes,1216,908,423,19,40,1819,281,10100,3520,550,1100,48.0,61,12.1,14,7994,59,-0.26695793859455924,-0.27151619468698834,-0.06173493142114209,-0.337261774390416,-0.018846107556024245,-0.10986457730692725,0.043160357020957926,0.12378880488361321,-0.18660316336359328,-1.4960693268775773,-1.2980146652677276,-0.4612920948206636,-0.6263490551654358,-0.13692744445841787,0.7467105263157895,Medium,1,1,0.3581403891754813,0.6125530498969481,-0.2669579385945596,-0.2715161946869883,-0.06173493142114278,-0.3372617743904164,-0.018846107556023787,-0.10986457730692732,0.04316035702095721,0.12378880488361355,-0.18660316336359428,-1.4960693268775778,-1.2980146652677276,-0.46129209482066397,-0.6263490551654363,-0.1369274444583988,-0.18446183290636645,0.6125530498969479,0.612553049896948,-0.18446183290636692,0.6125530498969481,0.6125530498969483
Andrews University,Yes,1130,704,322,14,23,1586,326,9996,3090,900,1320,62.0,66,11.5,18,10908,46,-0.337417254852237,-0.5373258201578683,-0.36419817095638113,-0.7737777547234982,-0.16240856128131098,-0.016465949345803112,0.01693315386092406,2.0174693819460012,0.18970517544918392,-0.7814483389667398,-1.0406490873905974,-0.6241683558478293,-0.2501326687269887,0.6341316323281305,0.6230088495575221,Medium,1,1,0.3581403891754813,0.6125530498969481,-0.33741725485223734,-0.5373258201578682,-0.36419817095638185,-0.7737777547234986,-0.16240856128131054,-0.016465949345803185,0.016933153860923342,2.017469381946002,0.18970517544918292,-0.7814483389667402,-1.0406490873905974,-0.6241683558478297,-0.2501326687269891,0.6341316323281496,-0.9906583884629641,0.6125530498969479,0.612553049896948,-0.9906583884629647,0.6125530498969481,0.6125530498969483
Angelo State University,No,3540,2001,1016,24,54,4190,1512,5130,3592,500,2000,60.0,62,23.1,5,4010,34,0.7178245381154568,0.5245794989826329,0.8279144383421037,0.018775285270126344,0.7678833035549765,1.0229473237607476,-1.4912476731641928,-0.22914901677242944,1.0665053144911143,-0.8946430399991983,-1.2491515938109201,2.1030730059438842,-1.7484034784636024,-2.392427444312699,0.5652542372881356,Low,0,0,-1.0987972149572356,-1.6325116659989423,0.7178245381154564,0.524579498982633,0.8279144383421031,0.018775285270125945,0.7678833035549769,1.0229473237607476,-1.4912476731641935,-0.22914901677242913,1.0665053144911132,-0.8946430399991986,-1.2491515938109201,2.103073005943884,-1.748403478463603,-2.39242744431268,-1.28763480877705,-1.6325116659989425,-1.6325116659989423,-1.2876348087770506,-1.6325116659989423,-1.6325116659989423
Antioch University,Yes,713,661,252,25,44,712,23,15476,3336,400,1100,69.0,82,11.3,35,42926,48,-0.7884433412194426,-0.6038837360915813,-0.6469379804656546,0.08298682799864276,-1.0929995414317568,-1.501860118632481,1.2097565060734918,-1.0388011424180428,-0.18660316336359328,-0.3560631885270026,0.01651265888576715,-0.6792077728800088,1.0017342937327451,2.8359285989034007,0.9270687237026648,High,2,1,1.8150779933081982,0.6125530498969481,-0.7884433412194429,-0.6038837360915812,-0.6469379804656554,0.08298682799864236,-1.0929995414317564,-1.501860118632481,1.2097565060734912,-1.0388011424180428,-0.18660316336359428,-0.35606318852700297,0.01651265888576704,-0.6792077728800092,1.0017342937327447,2.8359285989034198,1.515035856113331,0.6125530498969479,0.612553049896948,1.515035856113331,0.6125530498969481,0.6125530498969483
Appalachian State University,No,7313,4664,1910,20,63,9940,1035,6806,2540,96,2000,83.0,96,18.3,14,5854,70,1.343813280213956,1.3298299918327967,1.3977751754216614,-0.26074560260699386,1.4439936909590871,0.7531127343527558,-0.8939548716793383,-5.697849625357854,1.0665053144911143,0.6312170198691968,1.263654675854437,1.0645957340584027,-0.6263490551654358,-1.0519790977714143,0.6377683577191303,Low,0,0,-1.0987972149572356,-1.6325116659989423,1.3438132802139555,1.3298299918327967,1.397775175421661,-0.26074560260699425,1.4439936909590876,0.7531127343527557,-0.893954871679339,-5.697849625357855,1.0665053144911132,0.6312170198691964,1.263654675854437,1.0645957340584022,-0.6263490551654363,-1.0519790977713952,-0.9072308324291307,-1.6325116659989425,-1.6325116659989423,-0.9072308324291314,-1.6325116659989423,-1.6325116659989423
Aquinas College,Yes,619,516,219,20,51,1251,767,11208,4124,350,1615,55.0,65,12.7,25,6584,65,-0.9299547802480593,-0.8682224451128951,-0.8136481306779576,-0.26074560260699386,-0.421330000957384,0.5459681884012452,0.31216588242301735,-1.5123285343587667,0.6119709026638089,-1.161423662356272,-1.0947584403093151,-0.3016095177954872,0.31770887154146105,-0.6885623561691819,0.8336025848142165,Medium,1,1,0.3581403891754813,0.6125530498969481,-0.9299547802480597,-0.868222445112895,-0.8136481306779584,-0.26074560260699425,-0.42133000095738354,0.5459681884012451,0.3121658824230166,-1.5123285343587667,0.6119709026638079,-1.1614236623562724,-1.0947584403093151,-0.3016095177954876,0.31770887154146066,-0.6885623561691628,0.5465255820153792,0.6125530498969479,0.612553049896948,0.5465255820153788,0.6125530498969481,0.6125530498969483
Arizona State University Main campus,No,12809,10308,3761,24,49,22593,7585,7434,4850,700,2100,88.0,93,18.9,5,4602,48,1.8050545067903165,2.0423003159074957,1.9501463108363524,0.018775285270126344,1.9779981126152577,2.275071376769951,-0.6952962560826422,1.0362571162148249,1.1712343376226138,1.0280025774963892,0.9693375120855497,1.2000743836939878,-1.7484034784636024,-1.8724564615501094,0.8047466625029276,Low,0,0,-1.0987972149572356,-1.6325116659989423,1.805054506790316,2.0423003159074957,1.950146310836352,0.018775285270125945,1.9779981126152582,2.275071376769951,-0.6952962560826429,1.0362571162148253,1.1712343376226126,1.0280025774963888,0.9693375120855496,1.2000743836939873,-1.748403478463603,-1.8724564615500903,0.28695896987834874,-1.6325116659989425,-1.6325116659989423,0.28695896987834835,-1.6325116659989423,-1.6325116659989423
Arkansas College (Lyon College),Yes,708,334,166,46,74,530,182,8644,3922,500,800,79.0,88,12.6,24,14579,54,-0.7954533329846024,-1.3434452747136214,-1.153319452123974,1.1150339710778354,-1.4791601330324486,-0.3759536379958345,-0.341631090896846,-0.22914901677242944,-0.8318078970334455,0.3305429069207441,0.5120879513281108,-0.3280101887390996,0.24207061628816592,1.2454800341382144,0.4717514124293785,Low,0,1,-1.0987972149572356,0.6125530498969481,-0.7954533329846027,-1.3434452747136214,-1.153319452123975,1.115033971077835,-1.4791601330324482,-0.37595363799583453,-0.34163109089684673,-0.22914901677242913,-0.8318078970334465,0.33054290692074373,0.5120879513281107,-0.3280101887391,0.24207061628816554,1.2454800341382335,-1.6794520136341218,0.6125530498969479,0.612553049896948,-1.6794520136341227,0.6125530498969481,0.6125530498969483
Arkansas Tech University,No,1734,1729,951,12,52,3602,939,3460,2650,450,1000,57.0,60,19.6,5,4739,48,0.06865542614588838,0.3806601293385439,0.7649233974867117,-0.9818731086748947,0.6357823096123657,0.6852340260347194,-2.232444194605243,-0.6143252338289236,-0.3813083118461038,-1.057488442042449,-1.3455990913496088,1.3559208750186327,-1.7484034784636024,-1.766610895038358,0.9971164936562861,Low,0,0,-1.0987972149572356,-1.6325116659989423,0.06865542614588803,0.38066012933854393,0.7649233974867111,-0.9818731086748952,0.6357823096123661,0.6852340260347193,-2.232444194605244,-0.6143252338289233,-0.3813083118461048,-1.0574884420424495,-1.3455990913496088,1.3559208750186322,-1.748403478463603,-1.766610895038339,2.383821266059252,-1.6325116659989425,-1.6325116659989423,2.383821266059252,-1.6325116659989423,-1.6325116659989423
Assumption College,Yes,2135,1700,491,23,59,1708,689,12000,5920,500,500,93.0,93,13.8,30,7100,88,0.26139861778642,0.3639030851511576,0.09825078894194458,-0.04753313995778422,-0.0842564643796792,0.47313795422238897,0.4939078687110157,-0.22914901677242944,-1.756532921293452,1.448076800235107,0.9693375120855497,-0.01650783055462927,0.6744919519989533,-0.46714618436082295,0.7962529274004684,Medium,1,1,0.3581403891754813,0.6125530498969481,0.26139861778641965,0.36390308515115766,0.09825078894194392,-0.04753313995778462,-0.08425646437967874,0.4731379542223889,0.493907868711015,-0.22914901677242913,-1.756532921293453,1.4480768002351065,0.9693375120855496,-0.016507830554629687,0.6744919519989528,-0.46714618436080385,0.2138355323026136,0.6125530498969479,0.612553049896948,0.2138355323026132,0.6125530498969481,0.6125530498969483
Auburn University-Main Campus,No,7548,6791,3070,25,57,16262,1716,6300,3933,600,1908,85.0,91,16.7,18,6642,69,1.3703508845123415,1.6723286516496423,1.790742608060054,0.08298682799864276,1.7756338629517652,1.1150370759204198,-1.062974741569998,0.4497726389260374,0.965778853639158,0.7871378673668015,0.781503315639944,0.6941250685837765,-0.2501326687269887,-0.6623569194695326,0.8997085320614733,Low,0,0,-1.0987972149572356,-1.6325116659989423,1.370350884512341,1.6723286516496423,1.7907426080600535,0.08298682799864236,1.7756338629517656,1.1150370759204198,-1.0629747415699986,0.4497726389260378,0.965778853639157,0.7871378673668011,0.7815033156399439,0.6941250685837761,-0.2501326687269891,-0.6623569194695135,1.2101827190032493,-1.6325116659989425,-1.6325116659989423,1.210182719003249,-1.6325116659989423,-1.6325116659989423
Augsburg College,Yes,662,513,257,12,30,2074,726,11902,4372,540,950,65.0,65,12.8,31,7836,58,-0.8625504017494298,-0.8745005511217011,-0.6238843987283929,-0.9818731086748947,0.11457941919631885,0.508575704131079,0.4718553163023066,0.05550628934752403,-0.48552498885819567,-0.6047051624414783,-1.0947584403093151,-0.27529199961519973,0.7420738947418721,-0.1910355503864039,0.7749244712990937,Medium,1,1,0.3581403891754813,0.6125530498969481,-0.8625504017494301,-0.874500551121701,-0.6238843987283936,-0.9818731086748952,0.11457941919631931,0.5085757041310789,0.47185531630230587,0.05550628934752436,-0.48552498885819667,-0.6047051624414786,-1.0947584403093151,-0.2752919996152001,0.7420738947418717,-0.19103555038638484,0.03656551490424478,0.6125530498969479,0.612553049896948,0.036565514904244346,0.6125530498969481,0.6125530498969483
Augustana College IL,Yes,1879,1658,497,36,69,1950,38,13353,4173,540,821,78.0,83,12.7,40,9220,71,0.14340853598738912,0.3390841574485213,0.11112463571943347,0.683476302864234,0.05235772629903182,-1.25035396304698,0.7869559166021637,0.05550628934752403,-0.7798785384917823,0.2576999703306144,0.09518189874570733,-0.3016095177954872,1.3055390172857926,0.23321436737028708,0.8823842469398616,Medium,1,1,0.3581403891754813,0.6125530498969481,0.14340853598738876,0.33908415744852133,0.1111246357194328,0.6834763028642336,0.05235772629903228,-1.25035396304698,0.786955916602163,0.05550628934752436,-0.7798785384917833,0.25769997033061404,0.09518189874570722,-0.3016095177954876,1.3055390172857921,0.23321436737030615,1.0265412891546135,0.6125530498969479,0.612553049896948,1.0265412891546133,0.6125530498969481,0.6125530498969483
Augustana College,Yes,761,725,306,21,58,1337,300,10990,3244,600,1021,66.0,70,10.4,30,6871,69,-0.7237133734481125,-0.5063832469003334,-0.42211799022486685,-0.18710169614595554,-0.3474176565522442,-0.06887772985913919,0.260667050015694,0.4497726389260374,-0.3389697533108387,-0.5439362728703399,-0.8106418143240208,-0.9318252596102692,0.6744919519989533,-0.5622427028191037,0.9526938239159002,Medium,1,1,0.3581403891754813,0.6125530498969481,-0.7237133734481128,-0.5063832469003333,-0.42211799022486757,-0.18710169614595593,-0.34741765655224377,-0.06887772985913926,0.2606670500156933,0.4497726389260378,-0.33896975331083967,-0.5439362728703402,-0.8106418143240209,-0.9318252596102696,0.6744919519989528,-0.5622427028190846,1.817691236436991,0.6125530498969479,0.612553049896948,1.817691236436991,0.6125530498969481,0.6125530498969483
Austin College,Yes,948,798,295,42,74,1120,15,11280,4342,400,1150,81.0,95,13.0,33,11361,71,-0.507651489856733,-0.40582487664728745,-0.4640018165174354,0.9521981331052524,-0.5467087239577507,-1.7040137178469246,0.3290299885963058,-1.0388011424180428,-0.0953232079457115,0.47901914729053885,1.1638582779526243,-0.2229029900664657,0.8739402534841448,0.7257926375216123,0.8417721518987342,Medium,1,1,0.3581403891754813,0.6125530498969481,-0.5076514898567334,-0.4058248766472874,-0.4640018165174361,0.9521981331052519,-0.5467087239577503,-1.7040137178469246,0.32902998859630506,-1.0388011424180428,-0.0953232079457125,0.47901914729053846,1.1638582779526243,-0.2229029900664661,0.8739402534841444,0.7257926375216314,0.6232260202487022,0.6125530498969479,0.612553049896948,0.6232260202487019,0.6125530498969481,0.6125530498969483
Averett College,Yes,627,556,172,16,40,777,538,9925,4135,750,1350,59.0,67,22.4,11,6523,48,-0.9170416219529709,-0.7880557649706963,-1.108997895324639,-0.5868962977653778,-0.983400626876283,0.30771780007236427,-0.0010750875095531672,1.302507133936391,0.236441135041996,-0.9498508314361171,-0.9851956007117693,1.9576041592094642,-0.9453261344609437,-0.7165101643787235,0.886762360446571,Medium,1,1,0.3581403891754813,0.6125530498969481,-0.9170416219529712,-0.7880557649706962,-1.10899789532464,-0.5868962977653782,-0.9834006268762826,0.3077178000723642,-0.0010750875095538852,1.3025071339363914,0.236441135041995,-0.9498508314361175,-0.9851956007117694,1.9576041592094637,-0.9453261344609442,-0.7165101643787044,1.0722784758826107,0.6125530498969479,0.612553049896948,1.0722784758826105,0.6125530498969481,0.6125530498969483
Baker University,Yes,602,483,206,21,47,958,466,8620,4100,400,2250,58.0,68,11.0,21,6136,65,-0.9579995396683371,-0.9395277313472329,-0.8874506121675922,-0.18710169614595554,-0.7290445332847445,0.21327770038895646,-0.34831861749189164,-1.0388011424180428,1.3199729923470302,-1.004132554468048,-0.9283850943804479,-0.762497566859782,0.004942020606680277,-0.903700137449826,0.8023255813953488,Low,0,1,-1.0987972149572356,0.6125530498969481,-0.9579995396683374,-0.9395277313472328,-0.887450612167593,-0.18710169614595593,-0.7290445332847441,0.21327770038895638,-0.34831861749189236,-1.0388011424180428,1.3199729923470291,-1.0041325544680484,-0.928385094380448,-0.7624975668597824,0.004942020606679884,-0.9037001374498069,0.2659664510651664,0.6125530498969479,0.612553049896948,0.26596645106516603,0.6125530498969481,0.6125530498969483
Baldwin-Wallace College,Yes,1690,1366,662,30,61,2718,1460,10995,4410,1000,1000,68.0,74,17.6,20,8086,85,0.04463831941133109,0.14541411601488888,0.40807183526213026,0.3771313679720627,0.37778846608272787,0.9976602245902023,0.26185570065763164,2.438259845296428,-0.3813083118461038,-0.4196154901574144,-0.558311349746167,0.9042148943004111,-0.07789765626183243,-0.10617509277113449,0.808284023668639,Medium,1,1,0.3581403891754813,0.6125530498969481,0.04463831941133074,0.14541411601488896,0.40807183526212965,0.3771313679720623,0.3777884660827283,0.9976602245902022,0.2618557006576309,2.438259845296429,-0.3813083118461048,-0.4196154901574148,-0.5583113497461671,0.9042148943004107,-0.07789765626183281,-0.10617509277111542,0.3178458546524121,0.6125530498969479,0.612553049896948,0.3178458546524117,0.6125530498969481,0.6125530498969483
Barat College,Yes,261,192,111,15,36,453,266,9690,4300,500,500,57.0,77,9.7,35,9337,71,-1.8260954671086296,-1.9687126162726214,-1.672402968778429,-0.6779904542213022,-1.6948418503721536,-0.1440465646907973,-0.06129050338777985,-0.22914901677242944,-1.756532921293452,-1.057488442042449,-0.3539307841170397,-1.1343222081673965,1.0017342937327451,0.264569671716386,0.735632183908046,Medium,1,1,0.3581403891754813,0.6125530498969481,-1.82609546710863,-1.9687126162726214,-1.6724029687784299,-0.6779904542213027,-1.6948418503721532,-0.14404656469079738,-0.06129050338778057,-0.22914901677242913,-1.756532921293453,-1.0574884420424495,-0.3539307841170398,-1.134322208167397,1.0017342937327447,0.2645696717164051,-0.26720733012638265,0.6125530498969479,0.612553049896948,-0.26720733012638315,0.6125530498969481,0.6125530498969483
Bard College,Yes,1910,838,285,50,85,1004,15,19264,6206,750,750,98.0,98,10.4,30,13894,79,0.1585862813332729,-0.35481505588950774,-0.5036709234900614,1.2670949932019226,-0.6736549443404114,-1.7040137178469246,1.877936376866113,1.302507133936391,-0.960715953306189,1.8914587580049667,1.4683762334705521,-0.9318252596102692,0.6744919519989533,1.150594598238403,0.4387434554973822,High,2,1,1.8150779933081982,0.6125530498969481,0.15858628133327254,-0.3548150558895077,-0.5036709234900622,1.2670949932019222,-0.673654944340411,-1.7040137178469246,1.8779363768661124,1.3025071339363914,-0.96071595330619,1.8914587580049662,1.4683762334705521,-0.9318252596102696,0.6744919519989528,1.150594598238422,-1.7947233227608688,0.6125530498969479,0.612553049896948,-1.7947233227608697,0.6125530498969481,0.6125530498969483
Barnard College,Yes,2496,1402,531,53,95,2121,69,17926,8124,600,850,83.0,93,10.3,33,12580,91,0.4042205521453873,0.17157189103767176,0.18084021176096163,1.3749718020632458,0.1369883924257922,-0.9330797465670045,1.6526908918394725,0.4497726389260374,-0.7101522318661437,0.6312170198691968,0.9693375120855497,-0.9604175254095518,0.8739402534841448,0.9467020594880287,0.561698717948718,High,2,1,1.8150779933081982,0.6125530498969481,0.404220552145387,0.17157189103767184,0.180840211760961,1.3749718020632453,0.13698839242579264,-0.9330797465670047,1.6526908918394718,0.4497726389260378,-0.7101522318661447,0.6312170198691964,0.9693375120855496,-0.9604175254095523,0.8739402534841444,0.9467020594880478,-1.304460068628733,0.6125530498969479,0.612553049896948,-1.3044600686287338,0.6125530498969481,0.6125530498969483
Barry University,Yes,990,784,279,18,45,1811,3144,11290,5360,600,1800,76.0,78,12.6,11,9084,72,-0.46542800325032313,-0.42432702791534,-0.5282504468415923,-0.41691464264756517,-0.02339578914694879,1.5698065814191604,0.3313666273025452,0.4497726389260374,0.8416278943466902,0.11480358880148679,-0.2828555413330692,-0.3280101887390996,-0.9453261344609437,0.19598688981904883,0.7919191919191919,Medium,1,1,0.3581403891754813,0.6125530498969481,-0.46542800325032346,-0.42432702791533994,-0.5282504468415931,-0.41691464264756556,-0.023395789146948332,1.5698065814191604,0.33136662730254446,0.4497726389260378,0.8416278943466892,0.11480358880148643,-0.28285554133306934,-0.3280101887391,-0.9453261344609442,0.1959868898190679,0.1770865216277785,0.6125530498969479,0.612553049896948,0.17708652162777808,0.6125530498969481,0.6125530498969483
Baylor University,Yes,6075,5349,2367,34,66,9919,484,6450,3920,600,1346,71.0,76,18.5,38,7503,72,1.1869492478752022,1.4557955424412599,1.5790171659797785,0.5861080901616065,1.4424901101265637,0.23807445754375747,-1.0119678787514388,0.4497726389260374,0.23026557364173544,-0.22617376518526458,-0.42352364534226566,1.1099549318779256,1.186525502100285,-0.3107812607805853,0.8804938271604938,Low,0,1,-1.0987972149572356,0.6125530498969481,1.1869492478752017,1.4557955424412599,1.579017165979778,0.586108090161606,1.4424901101265641,0.2380744575437574,-1.0119678787514395,0.4497726389260378,0.23026557364173444,-0.22617376518526494,-0.4235236453422658,1.1099549318779252,1.1865255021002845,-0.3107812607805662,1.0069314129114908,0.6125530498969479,0.612553049896948,1.0069314129114906,0.6125530498969481,0.6125530498969483
Beaver College,Yes,1163,850,348,23,56,878,519,12850,5400,400,800,78.0,89,12.2,30,8954,73,-0.30972125495993,-0.34001854790080843,-0.27681744039153794,-0.04753313995778422,-0.8335520701903105,0.28397209534078993,0.6803933763521203,-1.0388011424180428,-0.8318078970334455,0.2576999703306144,0.6002637149158834,-0.43446218134192693,0.6744919519989533,0.1595892827401136,0.7308684436801376,Medium,1,1,0.3581403891754813,0.6125530498969481,-0.30972125495993036,-0.3400185479008084,-0.27681744039153866,-0.04753313995778462,-0.8335520701903101,0.2839720953407899,0.6803933763521196,-1.0388011424180428,-0.8318078970334465,0.25769997033061404,0.6002637149158833,-0.4344621813419273,0.6744919519989528,0.15958928274013268,-0.3021064200621812,0.6125530498969479,0.612553049896948,-0.3021064200621817,0.6125530498969481,0.6125530498969483
Bellarmine College,Yes,807,707,308,39,63,1198,605,8840,2950,750,1290,74.0,82,13.1,31,6668,84,-0.6656636034640874,-0.5328455003813007,-0.4146893188785438,0.821887512510805,-0.47003687202019073,0.3857551139811216,-0.2874675143248177,1.302507133936391,0.14197503239976528,-0.024374663811267006,0.01651265888576715,-0.19682982022428813,0.7420738947418721,-0.6507239176712355,0.8760842627013631,Medium,1,1,0.3581403891754813,0.6125530498969481,-0.6656636034640877,-0.5328455003813006,-0.41468931887854454,0.8218875125108046,-0.4700368720201903,0.38575511398112156,-0.28746751432481843,1.3025071339363914,0.14197503239976428,-0.02437466381126737,0.01651265888576704,-0.19682982022428855,0.7420738947418717,-0.6507239176712164,0.9615133979218634,0.6125530498969479,0.612553049896948,0.9615133979218632,0.6125530498969481,0.6125530498969483
Belmont Abbey College,Yes,632,494,129,17,36,709,131,9000,4850,300,2480,78.0,85,13.2,10,7550,52,-0.9090602743211865,-0.9151957726268133,-1.4749455336252875,-0.5000085327852752,-1.0983497348856706,-0.5705263683871301,-0.2438343441522976,-2.0489462340837274,1.5310882418887717,0.2576999703306144,0.25719681074029643,-0.17083644547256602,-1.060970526681064,-0.29338766091865626,0.7816455696202531,Medium,1,1,0.3581403891754813,0.6125530498969481,-0.9090602743211869,-0.9151957726268132,-1.4749455336252884,-0.5000085327852757,-1.0983497348856701,-0.5705263683871302,-0.24383434415229832,-2.0489462340837274,1.5310882418887706,0.25769997033061404,0.2571968107402963,-0.17083644547256643,-1.0609705266810645,-0.29338766091863716,0.0914611062983101,0.6125530498969479,0.612553049896948,0.09146110629830968,0.6125530498969481,0.6125530498969483
Belmont University,Yes,1220,974,481,28,67,1964,623,7800,3664,650,900,61.0,61,11.1,19,7614,49,-0.2638120411000628,-0.19904014516410398,0.07638555767456087,0.26440143846515807,0.05962111603898401,0.40537353182655866,-0.5845649575677309,0.7528645357434074,-0.5949489827396871,-0.8385089510035679,-1.2980146652677276,-0.7346353504225267,-0.16286735762255852,-0.2699695003134239,0.7983606557377049,Low,0,1,-1.0987972149572356,0.6125530498969481,-0.2638120411000631,-0.1990401451641039,0.0763855576745602,0.2644014384651577,0.05962111603898447,0.4053735318265586,-0.5845649575677315,0.7528645357434078,-0.5949489827396881,-0.8385089510035683,-1.2980146652677276,-0.7346353504225271,-0.1628673576225589,-0.26996950031340483,0.23184493003643325,0.6125530498969479,0.612553049896948,0.23184493003643286,0.6125530498969481,0.6125530498969483
Beloit College,Yes,1320,923,284,26,54,1085,81,16304,3616,355,715,75.0,95,11.1,26,12957,69,-0.18857098746864043,-0.254560600663524,-0.5077258642752942,0.14524475095617614,-0.5832587468958396,-0.8444832209799878,1.364294492030937,-1.4624123781873197,-1.0557736570191054,0.0447497870211825,1.1638582779526243,-0.7346353504225267,0.3918121831278882,1.008453527837201,0.6992424242424242,High,2,1,1.8150779933081982,0.6125530498969481,-0.1885709874686408,-0.25456060066352393,-0.507725864275295,0.14524475095617576,-0.5832587468958391,-0.844483220979988,1.3642944920309363,-1.4624123781873197,-1.0557736570191065,0.04474978702118213,1.1638582779526243,-0.7346353504225271,0.3918121831278878,1.0084535278372202,-0.5237027506854441,0.6125530498969479,0.612553049896948,-0.5237027506854447,0.6125530498969481,0.6125530498969483
Bemidji State University,No,1208,877,546,12,36,3796,824,4425,2700,660,1800,57.0,62,19.6,16,3752,46,-0.27328317428933774,-0.3075272521133158,0.20997652189421875,-0.9818731086748947,0.6821084158680634,0.5950291122368255,-1.7812764950108653,0.8110292102757778,0.8416278943466902,-1.057488442042449,-1.2491515938109201,1.3559208750186327,-0.4323290036172367,-2.6577929972476197,0.7259933774834437,Low,0,0,-1.0987972149572356,-1.6325116659989423,-0.27328317428933807,-0.3075272521133157,0.20997652189421812,-0.9818731086748952,0.6821084158680638,0.5950291122368254,-1.781276495010866,0.8110292102757782,0.8416278943466892,-1.0574884420424495,-1.2491515938109201,1.3559208750186322,-0.4323290036172371,-2.6577929972476007,-0.3374019619719513,-1.6325116659989425,-1.6325116659989423,-0.3374019619719518,-1.6325116659989423,-1.6325116659989423
Benedictine College,Yes,632,620,222,14,24,702,501,9550,3850,350,250,75.0,84,14.1,18,5922,58,-0.9090602743211865,-0.6718042239716324,-0.7973322103496764,-0.7737777547234982,-1.1109414798093515,0.26073289557076035,-0.09762072918257073,-1.5123285343587667,-3.0619405032836524,0.0447497870211825,0.17540598418550252,0.05964138157856781,-0.2501326687269887,-1.0152293453427368,0.9810126582278481,Medium,1,1,0.3581403891754813,0.6125530498969481,-0.9090602743211869,-0.6718042239716323,-0.7973322103496772,-0.7737777547234986,-1.110941479809351,0.2607328955707603,-0.09762072918257145,-1.5123285343587667,-3.0619405032836533,0.04474978702118213,0.1754059841855024,0.059641381578567396,-0.2501326687269891,-1.0152293453427177,2.172333441346851,0.6125530498969479,0.612553049896948,2.172333441346851,0.6125530498969481,0.6125530498969483
Bennington College,Yes,519,327,114,25,53,457,2,21700,4100,600,500,35.0,59,10.1,33,16364,55,-1.1083515269135147,-1.36694508797616,-1.6370444077077289,0.08298682799864276,-1.6825681685623972,-2.4679406326137143,2.2629504345082254,0.4497726389260374,-1.756532921293452,-1.9976114769053313,-1.391918192175684,-1.0179321545692772,0.8739402534841448,1.4633526137989477,0.630057803468208,High,2,1,1.8150779933081982,0.6125530498969481,-1.1083515269135151,-1.36694508797616,-1.6370444077077297,0.08298682799864236,-1.6825681685623968,-2.4679406326137143,2.2629504345082245,0.4497726389260378,-1.756532921293453,-1.9976114769053317,-1.391918192175684,-1.0179321545692777,0.8739402534841444,1.4633526137989668,-0.9512137847575939,0.6125530498969479,0.612553049896948,-0.9512137847575945,0.6125530498969481,0.6125530498969483
Bentley College,Yes,3466,2330,640,20,60,3095,1533,13800,5510,630,850,87.0,87,17.5,20,10941,82,0.6990927713826794,0.6729704902870632,0.3737443057411765,-0.26074560260699386,0.4987757027379349,1.0329347866903604,0.8794630497883545,0.6341541487893395,-0.7101522318661437,0.9467830013589739,0.4255260215207906,0.8810919176520503,-0.07789765626183243,0.6410060787352883,0.6722446624350836,Medium,1,1,0.3581403891754813,0.6125530498969481,0.6990927713826791,0.6729704902870633,0.3737443057411759,-0.26074560260699425,0.49877570273793537,1.0329347866903604,0.8794630497883539,0.63415414878934,-0.7101522318661447,0.9467830013589735,0.4255260215207905,0.8810919176520499,-0.07789765626183281,0.6410060787353073,-0.69952935366507,0.6125530498969479,0.612553049896948,-0.6995293536650705,0.6125530498969481,0.6125530498969483
Berry College,Yes,1858,1221,480,37,68,1620,49,8050,3940,350,2375,80.0,80,16.3,17,10511,63,0.13297336548270378,0.0320288514344553,0.07417021705452571,0.7305835658560428,-0.13991033170989442,-1.1175304058302242,-0.5108774058803224,-1.5123285343587667,1.437063558332626,0.4043159082560863,-0.13620911968157937,0.599273199975862,-0.3398815888114029,0.5488362384626414,0.6571582346609257,Low,0,1,-1.0987972149572356,0.6125530498969481,0.13297336548270342,0.03202885143445538,0.07417021705452505,0.7305835658560423,-0.13991033170989398,-1.1175304058302242,-0.510877405880323,-1.5123285343587667,1.4370635583326248,0.40431590825608593,-0.13620911968157948,0.5992731999758616,-0.3398815888114033,0.5488362384626605,-0.7926770796571178,0.6125530498969479,0.612553049896948,-0.7926770796571184,0.6125530498969481,0.6125530498969483
Bethany College,Yes,878,816,200,16,41,706,62,8740,3363,550,1700,62.0,68,11.6,29,7718,48,-0.5826914470977534,-0.3825398654091073,-0.9233439972829369,-0.5868962977653778,-1.1037275733725336,-0.991411497696945,-0.31500229704223853,0.12378880488361321,0.7203603688354095,-0.7814483389667398,-0.9283850943804479,-0.5967914238632761,0.605737985971725,-0.23255550488226648,0.929384965831435,Low,0,1,-1.0987972149572356,0.6125530498969481,-0.5826914470977538,-0.3825398654091072,-0.9233439972829377,-0.5868962977653782,-1.1037275733725331,-0.9914114976969451,-0.31500229704223925,0.12378880488361355,0.7203603688354085,-0.7814483389667402,-0.928385094380448,-0.5967914238632765,0.6057379859717246,-0.2325555048822474,1.5417000603591435,0.6125530498969479,0.612553049896948,1.5417000603591435,0.6125530498969481,0.6125530498969483
Bethel College KS,Yes,202,184,122,19,42,537,101,8540,3580,500,1400,61.0,80,8.8,32,8324,56,-2.1026375522751204,-2.017725385613976,-1.5477414460189312,-0.337261774390416,-1.4614640477788383,-0.7202810335864781,-0.3706991149478402,-0.22914901677242944,0.3122382660840021,-0.8385089510035679,-0.13620911968157937,-1.403296020123217,0.808539510579746,-0.029065114096444016,0.9108910891089109,Low,0,1,-1.0987972149572356,0.6125530498969481,-2.102637552275121,-2.017725385613976,-1.547741446018932,-0.3372617743904164,-1.4614640477788379,-0.7202810335864782,-0.3706991149478409,-0.22914901677242913,0.3122382660840011,-0.8385089510035683,-0.13620911968157948,-1.4032960201232174,0.8085395105797456,-0.029065114096424944,1.3325513523889028,0.6125530498969479,0.612553049896948,1.3325513523889025,0.6125530498969481,0.6125530498969483
Bethel College,Yes,502,384,104,11,28,347,74,6200,2900,600,800,63.0,63,11.7,13,7623,35,-1.1423243160234842,-1.1895046015650756,-1.7593507618111646,-1.095737735489672,-2.0783314624626508,-0.8945956011036518,-1.0974240937706987,0.4497726389260374,-0.8318078970334455,-0.7234609819608288,-1.1989966331316235,-0.5695082346102578,-0.7285459060471434,-0.2667006611368595,0.7649402390438247,Low,0,1,-1.0987972149572356,0.6125530498969481,-1.1423243160234846,-1.1895046015650756,-1.7593507618111655,-1.0957377354896725,-2.0783314624626503,-0.8945956011036519,-1.0974240937706994,0.4497726389260378,-0.8318078970334465,-0.7234609819608291,-1.1989966331316235,-0.5695082346102582,-0.7285459060471439,-0.2667006611368404,-0.04337142733677372,0.6125530498969479,0.612553049896948,-0.04337142733677416,0.6125530498969481,0.6125530498969483
Bethune Cookman College,Yes,1646,1150,542,12,30,2128,82,5188,3396,650,2500,48.0,48,13.8,9,6817,58,0.019940648999340557,-0.02886652428144533,0.20229803226725734,-0.9818731086748947,0.1402740779757207,-0.8376461676233993,-1.4685837065978347,0.7528645357434074,1.5485785299599362,-1.4960693268775773,-1.8218082056103093,-0.01650783055462927,-1.18236541463741,-0.5853824304533164,0.6986634264884569,Low,0,1,-1.0987972149572356,0.6125530498969481,0.01994064899934021,-0.028866524281445257,0.2022980322672567,-0.9818731086748952,0.14027407797572114,-0.8376461676233994,-1.4685837065978353,0.7528645357434078,1.548578529959935,-1.4960693268775778,-1.8218082056103093,-0.016507830554629687,-1.1823654146374105,-0.5853824304532973,-0.52759985080729,0.6125530498969479,0.612553049896948,-0.5275998508072905,0.6125530498969481,0.6125530498969483
Birmingham-Southern College,Yes,805,588,287,67,88,1376,207,11660,4325,400,900,74.0,79,14.0,34,8649,72,-0.6681129260133892,-0.7282390782420975,-0.4956100164975276,1.8225839165201243,-0.3157847223309707,-0.29818440824111064,0.41688315428635947,-1.0388011424180428,-0.5949489827396871,-0.024374663811267006,-0.21028570541136532,0.03433157324728856,0.9383237726310382,0.07090404849162672,0.7304347826086957,Medium,1,1,0.3581403891754813,0.6125530498969481,-0.6681129260133896,-0.7282390782420974,-0.49561001649752834,1.8225839165201239,-0.31578472233097027,-0.2981844082411107,0.41688315428635875,-1.0388011424180428,-0.5949489827396881,-0.02437466381126737,-0.21028570541136543,0.034331573247288145,0.9383237726310377,0.07090404849164579,-0.305263255408636,0.6125530498969479,0.612553049896948,-0.3052632554086365,0.6125530498969481,0.6125530498969483
Blackburn College,Yes,500,336,156,25,55,421,27,6500,2700,500,1000,76.0,76,14.3,53,8377,51,-1.1464019699670065,-1.3368275002293064,-1.2314448734949623,0.08298682799864276,-1.798036381609017,-1.4231391560978544,-0.9951389235086038,-0.22914901677242944,-0.3813083118461038,0.11480358880148679,-0.42352364534226566,0.11004466967325688,2.0131860854053287,-0.012355030941227267,0.672,Low,0,1,-1.0987972149572356,0.6125530498969481,-1.146401969967007,-1.3368275002293064,-1.2314448734949632,0.08298682799864236,-1.7980363816090166,-1.4231391560978544,-0.9951389235086044,-0.22914901677242913,-0.3813083118461048,0.11480358880148643,-0.4235236453422658,0.11004466967325646,2.0131860854053283,-0.012355030941208196,-0.7010686503030862,0.6125530498969479,0.612553049896948,-0.7010686503030867,0.6125530498969481,0.6125530498969483
Bloomsburg Univ. of Pennsylvania,No,6773,3028,1025,15,55,5847,946,7844,2948,500,1680,75.0,68,18.0,19,7041,75,1.279195002441081,0.9247393755822713,0.836268204352713,-0.6779904542213022,1.0439756429851126,0.6903929495217187,-0.5714845836094821,-0.22914901677242944,0.6953161792059601,0.0447497870211825,-0.9283850943804479,0.9961742295717294,-0.16286735762255852,-0.4911902928883103,0.4470692455337369,Low,0,0,-1.0987972149572356,-1.6325116659989423,1.2791950024410805,0.9247393755822714,0.8362682043527124,-0.6779904542213027,1.043975642985113,0.6903929495217186,-0.5714845836094827,-0.22914901677242913,0.6953161792059591,0.04474978702118213,-0.928385094380448,0.996174229571729,-0.1628673576225589,-0.4911902928882912,-1.7666865864127375,-1.6325116659989425,-1.6325116659989423,-1.7666865864127383,-1.6325116659989423,-1.6325116659989423
Bluefield College,Yes,377,358,181,15,30,653,129,7150,4350,450,1500,61.0,67,17.8,3,6259,53,-1.4377878864959928,-1.2666899114446375,-1.0457450668833967,-0.6779904542213022,-1.2035937508527657,-0.5794868221535362,-0.7837125907287525,-0.6143252338289236,0.4565936404384389,-0.8385089510035679,-0.9851956007117693,0.9503002630614447,-2.110816300186537,-0.8422736629645549,0.9496021220159151,Low,0,1,-1.0987972149572356,0.6125530498969481,-1.4377878864959932,-1.2666899114446375,-1.0457450668833976,-0.6779904542213027,-1.2035937508527652,-0.5794868221535363,-0.7837125907287532,-0.6143252338289233,0.4565936404384379,-0.8385089510035683,-0.9851956007117694,0.9503002630614442,-2.1108163001865377,-0.8422736629645358,1.780271516332768,0.6125530498969479,0.612553049896948,1.780271516332768,0.6125530498969481,0.6125530498969483
Bluffton College,Yes,692,514,209,20,50,760,81,9900,3990,400,900,76.0,71,13.3,19,9073,58,-0.8182472639839609,-0.8724035008839885,-0.8699523621748388,-0.26074560260699386,-1.010956127826071,-0.8444832209799878,-0.007436159806771041,-1.0388011424180428,-0.5949489827396871,0.11480358880148679,-0.7496836000340958,-0.1449220622273889,-0.16286735762255852,0.19293827179148482,0.7427745664739884,Medium,1,1,0.3581403891754813,0.6125530498969481,-0.8182472639839612,-0.8724035008839884,-0.8699523621748396,-0.26074560260699425,-1.0109561278260706,-0.844483220979988,-0.007436159806771759,-1.0388011424180428,-0.5949489827396881,0.11480358880148643,-0.749683600034096,-0.14492206222738932,-0.1628673576225589,0.19293827179150388,-0.21411588230788914,0.6125530498969479,0.612553049896948,-0.21411588230788964,0.6125530498969481,0.6125530498969483
Boston University,Yes,20192,13007,3810,45,80,14971,3113,18420,6810,475,1025,80.0,81,11.9,16,16836,72,2.165845803592826,2.243819809785184,1.960139818407672,1.0754007694010428,1.7223837251669971,1.5621715607557831,1.7370999903743716,-0.4173160543227945,-0.33099678624008766,0.4043159082560863,-0.06061368145330422,-0.5152188828746125,-0.4323290036172367,1.5149297161030832,0.6441660063391442,High,2,1,1.8150779933081982,0.6125530498969481,2.1658458035928256,2.243819809785184,1.9601398184076715,1.0754007694010423,1.7223837251669976,1.5621715607557831,1.737099990374371,-0.4173160543227942,-0.33099678624008866,0.40431590825608593,-0.060613681453304334,-0.5152188828746129,-0.4323290036172371,1.5149297161031023,-0.8700645200131549,0.6125530498969479,0.612553049896948,-0.8700645200131556,0.6125530498969481,0.6125530498969483
Bowdoin College,Yes,3356,1019,418,76,100,1490,8,19030,5885,1495,875,93.0,96,11.2,52,20447,96,0.670439760105228,-0.15257410409918515,-0.07465510641790439,2.072502063570248,-0.22924644444266268,-1.9790579201942156,1.8393023419081889,4.097064764963158,-0.6517887649745615,1.448076800235107,1.263654675854437,-0.706872473805698,1.9622254883185175,1.8468723033700776,0.3036352800953516,High,2,1,1.8150779933081982,0.6125530498969481,0.6704397601052277,-0.15257410409918506,-0.07465510641790508,2.0725020635702474,-0.22924644444266223,-1.9790579201942156,1.8393023419081882,4.097064764963159,-0.6517887649745625,1.4480768002351065,1.263654675854437,-0.7068724738056984,1.962225488318517,1.8468723033700967,-2.1632888442835077,0.6125530498969479,0.612553049896948,-2.1632888442835085,0.6125530498969481,0.6125530498969483
Bowling Green State University,No,9251,7333,3076,14,45,13699,1213,7452,3352,600,1700,81.0,89,21.1,14,6918,67,1.5395819647433355,1.741219614840369,1.7922999363801289,-0.7737777547234982,1.664135003867308,0.865011525141902,-0.6897677301156425,0.4497726389260374,0.7203603688354095,0.47901914729053885,0.6002637149158834,1.6823612126260927,-0.6263490551654358,-0.5423296884080125,0.7926710625878284,Low,0,0,-1.0987972149572356,-1.6325116659989423,1.539581964743335,1.741219614840369,1.7922999363801284,-0.7737777547234986,1.6641350038673084,0.8650115251419019,-0.6897677301156432,0.4497726389260378,0.7203603688354085,0.47901914729053846,0.6002637149158833,1.6823612126260923,-0.6263490551654363,-0.5423296884079934,0.1834352401325207,-1.6325116659989425,-1.6325116659989423,0.18343524013252027,-1.6325116659989423,-1.6325116659989423
Bradford College,Yes,443,330,151,5,36,453,42,14080,6270,500,900,57.0,80,10.2,21,15387,46,-1.2705906896686623,-1.3568086310293646,-1.2726972134809096,-2.0101834480079033,-1.6948418503721536,-1.1984957319825702,0.9364104141201304,-0.22914901677242944,-0.5949489827396871,-1.057488442042449,-0.13620911968157937,-0.989119355802782,0.004942020606680277,1.3489293573912877,0.744920993227991,Medium,1,1,0.3581403891754813,0.6125530498969481,-1.2705906896686627,-1.3568086310293646,-1.2726972134809105,-2.0101834480079037,-1.6948418503721532,-1.1984957319825702,0.9364104141201297,-0.22914901677242913,-0.5949489827396881,-1.0574884420424495,-0.13620911968157948,-0.9891193558027824,0.004942020606679884,1.3489293573913068,-0.1979795793637093,0.6125530498969479,0.612553049896948,-0.1979795793637098,0.6125530498969481,0.6125530498969483
Bradley University,Yes,3767,3414,1061,30,58,4531,643,10870,4440,2000,1522,75.0,81,14.4,21,7671,85,0.772766043899711,1.038488531932784,0.8688554978699314,0.3771313679720627,0.8345353003370942,0.4265740516663208,0.23203221579628247,5.351448160646715,0.48715231742867665,0.0447497870211825,-0.06061368145330422,0.13513949985508442,0.004942020606680277,-0.24936685550846904,0.9062914786302098,Medium,1,1,0.3581403891754813,0.6125530498969481,0.7727660438997107,1.038488531932784,0.8688554978699309,0.3771313679720623,0.8345353003370947,0.42657405166632073,0.23203221579628175,5.351448160646716,0.48715231742867565,0.04474978702118213,-0.060613681453304334,0.135139499855084,0.004942020606679884,-0.24936685550844997,1.281849832292048,0.6125530498969479,0.612553049896948,1.2818498322920477,0.6125530498969481,0.6125530498969483
Brandeis University,Yes,4186,2743,740,48,77,2819,62,19380,6750,410,1000,90.0,97,9.8,24,17150,84,0.8654251019593864,0.8303036976546846,0.5199397154846517,1.192310901338738,0.4121219682434848,-0.991411497696945,1.8969740560242403,-0.9503427203511436,-0.3813083118461038,1.1932365358027166,1.3651568927969056,-1.1050508670227819,0.24207061628816592,1.5480228046652182,0.65527950310559,High,2,1,1.8150779933081982,0.6125530498969481,0.865425101959386,0.8303036976546847,0.5199397154846511,1.1923109013387376,0.41212196824348524,-0.9914114976969451,1.8969740560242396,-0.9503427203511434,-0.3813083118461048,1.1932365358027162,1.3651568927969056,-1.1050508670227823,0.24207061628816554,1.5480228046652373,-0.8040278247839524,0.6125530498969479,0.612553049896948,-0.8040278247839531,0.6125530498969481,0.6125530498969483
Brenau University,Yes,367,274,158,12,41,917,479,9592,5879,500,700,71.0,80,13.7,12,5935,49,-1.4658364201963372,-1.5644436349587898,-1.2153674616026684,-0.9818731086748947,-0.7812169563728836,0.2312719976787625,-0.08668513181226821,-0.22914901677242944,-1.0978374622751548,-0.22617376518526458,-0.13620911968157937,-0.042038843535126456,-0.8347120348951067,-1.0082776875391843,0.7465940054495913,Medium,1,1,0.3581403891754813,0.6125530498969481,-1.4658364201963376,-1.5644436349587898,-1.2153674616026693,-0.9818731086748952,-0.7812169563728831,0.23127199767876241,-0.08668513181226893,-0.22914901677242913,-1.0978374622751559,-0.22617376518526494,-0.13620911968157948,-0.04203884353512687,-0.8347120348951071,-1.0082776875391652,-0.18534379521033117,0.6125530498969479,0.612553049896948,-0.18534379521033165,0.6125530498969481,0.6125530498969483
Brewton-Parker College,Yes,1436,1228,1202,10,26,1320,822,4371,2370,500,2000,62.0,62,12.6,10,4900,18,-0.10860236513277889,0.03782643997934796,0.9851982880383153,-1.2174962818199055,-0.36156033692821155,0.5933608922112563,-1.8047096452433722,-0.22914901677242944,1.0665053144911143,-0.7814483389667398,-1.2491515938109201,-0.3280101887390996,-1.060970526681064,-1.6480988000930372,0.8551532033426184,Low,0,1,-1.0987972149572356,0.6125530498969481,-0.10860236513277924,0.03782643997934804,0.9851982880383148,-1.217496281819906,-0.3615603369282111,0.5933608922112562,-1.8047096452433729,-0.22914901677242913,1.0665053144911132,-0.7814483389667402,-1.2491515938109201,-0.3280101887391,-1.0609705266810645,-1.6480988000930181,0.7520099701375391,0.6125530498969479,0.612553049896948,0.7520099701375389,0.6125530498969481,0.6125530498969483
Briar Cliff College,Yes,392,351,155,16,44,738,430,10260,3597,600,1500,39.0,66,13.1,26,8355,58,-1.3971750893497534,-1.2884955687111916,-1.239572661660142,-0.5868962977653778,-1.0477518275373146,0.16094586167007482,0.08316567005402882,0.4497726389260374,0.4565936404384389,-1.8598688064952549,-1.0406490873905974,-0.19682982022428813,0.3918121831278882,-0.019271443427096007,0.8954081632653061,Medium,1,1,0.3581403891754813,0.6125530498969481,-1.3971750893497539,-1.2884955687111916,-1.2395726616601428,-0.5868962977653782,-1.047751827537314,0.16094586167007474,0.0831656700540281,0.4497726389260378,0.4565936404384379,-1.8598688064952553,-1.0406490873905974,-0.19682982022428855,0.3918121831278878,-0.019271443427076936,1.1639306673403333,0.6125530498969479,0.612553049896948,1.1639306673403331,0.6125530498969481,0.6125530498969483
Bridgewater College,Yes,838,673,292,22,53,881,55,10265,4725,560,875,75.0,73,13.2,24,8655,82,-0.6285103661706806,-0.5848541227331717,-0.4757377994762998,-0.1160987382636973,-0.8294265576274429,-1.0559990837916504,0.0844092106144527,0.19099699186252314,-0.6517887649745615,0.0447497870211825,-0.6235308993858222,-0.17083644547256602,0.24207061628816592,0.07269503736169379,0.8031026252983293,Medium,1,1,0.3581403891754813,0.6125530498969481,-0.6285103661706809,-0.5848541227331716,-0.4757377994763005,-0.1160987382636977,-0.8294265576274424,-1.0559990837916504,0.08440921061445197,0.1909969918625235,-0.6517887649745625,0.04474978702118213,-0.6235308993858223,-0.17083644547256643,0.24207061628816554,0.07269503736171286,0.272690966194348,0.6125530498969479,0.612553049896948,0.27269096619434763,0.6125530498969481,0.6125530498969483
Brigham Young University at Provo,Yes,7365,5402,4615,48,82,27378,1253,2340,3580,860,1220,76.0,76,20.5,40,7916,33,1.3497635392110787,1.4648120158087699,2.105783314699689,1.192310901338738,2.089634709122236,0.8880784824767024,-2.875761779694335,1.8376355786846115,0.026479657957832952,0.11480358880148679,-0.42352364534226566,1.5529708138411364,1.3055390172857926,-0.16343085890571002,0.73346911065852,Low,0,1,-1.0987972149572356,0.6125530498969481,1.3497635392110783,1.4648120158087699,2.1057833146996887,1.1923109013387376,2.0896347091222363,0.8880784824767023,-2.875761779694336,1.837635578684612,0.026479657957831946,0.11480358880148643,-0.4235236453422658,1.552970813841136,1.3055390172857921,-0.16343085890569095,-0.2831043821673964,0.6125530498969479,0.612553049896948,-0.2831043821673969,0.6125530498969481,0.6125530498969483
Brown University,Yes,12586,3239,1462,87,95,5643,349,19528,5926,720,1100,99.0,100,7.6,39,20440,97,1.7908885047893888,0.9887198752409522,1.1632873812058255,2.347890916902214,1.015503950000447,0.026813873612804462,1.9211551290433597,1.1446884358218732,-0.18660316336359328,1.9829336861494546,1.6800113003699915,-1.7791662128196926,1.2464286838639715,1.846317618471102,0.2573494358811378,High,2,1,1.8150779933081982,0.6125530498969481,1.7908885047893883,0.9887198752409523,1.163287381205825,2.3478909169022137,1.0155039500004475,0.02681387361280439,1.921155129043359,1.1446884358218736,-0.18660316336359428,1.9829336861494542,1.6800113003699915,-1.779166212819693,1.246428683863971,1.8463176184711212,-2.2573035741882364,0.6125530498969479,0.612553049896948,-2.2573035741882372,0.6125530498969481,0.6125530498969483
Bryn Mawr College,Yes,1465,810,313,71,95,1088,16,18165,6750,500,1200,100.0,100,12.3,49,17449,89,-0.08969209881850071,-0.39023999894027245,-0.39635837152107606,1.9367494180219447,-0.5800699359806818,-1.6742336975236374,1.693716777813035,-0.22914901677242944,-0.007646689375954711,2.0753417906703646,1.6800113003699915,-0.40771996836088487,1.806191872967965,1.57867779184511,0.552901023890785,High,2,1,1.8150779933081982,0.6125530498969481,-0.08969209881850106,-0.3902399989402724,-0.3963583715210768,1.9367494180219442,-0.5800699359806814,-1.6742336975236374,1.6937167778130344,-0.22914901677242913,-0.007646689375955717,2.075341790670364,1.6800113003699915,-0.40771996836088525,1.8061918729679645,1.5786777918451291,-1.3453998877803177,0.6125530498969479,0.612553049896948,-1.3453998877803184,0.6125530498969481,0.6125530498969483
Bucknell University,Yes,6548,3813,862,49,85,3316,31,18550,4750,800,1200,95.0,97,14.2,36,13675,93,1.250619922744123,1.1424350104405132,0.6701029211661362,1.23000324536072,0.561631530404269,-1.3541005140413436,1.7590651888032558,1.553695186961413,-0.007646689375954711,1.6226316210808194,1.3651568927969056,0.0848788535167615,1.0642129526815685,1.118721864713379,0.5823152107513745,High,2,1,1.8150779933081982,0.6125530498969481,1.2506199227441226,1.1424350104405132,0.6701029211661357,1.2300032453607195,0.5616315304042695,-1.3541005140413436,1.7590651888032551,1.5536951869614135,-0.007646689375955717,1.622631621080819,1.3651568927969056,0.08487885351676108,1.064212952681568,1.118721864713398,-1.2046133849437064,0.6125530498969479,0.612553049896948,-1.204613384943707,0.6125530498969481,0.6125530498969483
Buena Vista College,Yes,860,688,285,32,70,1928,442,13306,3797,450,950,62.0,69,8.8,10,6333,78,-0.6030269009010543,-0.56157077616018,-0.5036709234900614,0.48416411722208674,0.040814424064959866,0.17881976886012757,0.7771116562340152,-0.6143252338289236,-0.48552498885819567,-0.7814483389667398,-0.870204749794732,-1.403296020123217,-1.060970526681064,-0.8062073073562886,0.8,Medium,1,1,0.3581403891754813,0.6125530498969481,-0.6030269009010546,-0.5615707761601799,-0.5036709234900622,0.48416411722208635,0.040814424064960324,0.1788197688601275,0.7771116562340146,-0.6143252338289233,-0.48552498885819667,-0.7814483389667402,-0.8702047497947321,-1.4032960201232174,-1.0609705266810645,-0.8062073073562696,0.24591424374288126,0.6125530498969479,0.612553049896948,0.24591424374288087,0.6125530498969481,0.6125530498969483
Butler University,Yes,2362,2037,700,40,68,2607,148,13130,4650,500,1600,77.0,81,10.9,29,9511,83,0.35395979732039895,0.5420436503647322,0.464370153891133,0.8661712529818544,0.3382142414422329,-0.4990089399257461,0.7400437683022836,-0.22914901677242944,0.5922966635947635,0.18578692338884797,-0.06061368145330422,-0.7904603108847902,0.605737985971725,0.31009622992291536,0.8624047417442845,Medium,1,1,0.3581403891754813,0.6125530498969481,0.3539597973203986,0.5420436503647323,0.4643701538911324,0.8661712529818539,0.33821424144223333,-0.49900893992574613,0.7400437683022829,-0.22914901677242913,0.5922966635947625,0.1857869233888476,-0.060613681453304334,-0.7904603108847906,0.6057379859717246,0.31009622992293445,0.8234661513444691,0.6125530498969479,0.612553049896948,0.8234661513444689,0.6125530498969481,0.6125530498969483
Cabrini College,Yes,599,494,224,8,28,1035,446,10518,6250,300,300,59.0,76,16.5,36,7117,71,-0.9630366617507282,-0.9151957726268133,-0.7865953355825228,-1.490473824946659,-0.6380427796921677,0.18467946292273418,0.14681977670878904,-2.0489462340837274,-2.7252136699495475,-0.9498508314361171,-0.42352364534226566,0.646816259628484,1.0642129526815685,-0.4602753289101036,0.8247078464106845,Medium,1,1,0.3581403891754813,0.6125530498969481,-0.9630366617507286,-0.9151957726268132,-0.7865953355825236,-1.4904738249466594,-0.6380427796921673,0.1846794629227341,0.14681977670878832,-2.0489462340837274,-2.7252136699495484,-0.9498508314361175,-0.4235236453422658,0.6468162596284835,1.064212952681568,-0.4602753289100845,0.46464811229934366,0.6125530498969479,0.612553049896948,0.46464811229934333,0.6125530498969481,0.6125530498969483
Caldwell College,Yes,1011,604,213,17,42,693,868,8900,4600,425,1000,87.0,96,13.9,25,7922,55,-0.44503110267018814,-0.6996222184189643,-0.8470659416908405,-0.5000085327852752,-1.127357436143893,0.630824894821059,-0.2710447465085932,-0.8211185263638522,-0.3813083118461038,0.9467830013589739,1.263654675854437,0.008948736859618622,0.31770887154146105,-0.16137785470583174,0.5974282888229476,Medium,1,1,0.3581403891754813,0.6125530498969481,-0.44503110267018847,-0.6996222184189642,-0.8470659416908413,-0.5000085327852757,-1.1273574361438925,0.6308248948210589,-0.27104474650859395,-0.821118526363852,-0.3813083118461048,0.9467830013589735,1.263654675854437,0.008948736859618205,0.31770887154146066,-0.16137785470581267,-1.127831657377848,0.6125530498969479,0.612553049896948,-1.1278316573778486,0.6125530498969481,0.6125530498969483
California Lutheran University,Yes,563,247,247,23,52,1427,432,12950,5300,612,576,72.0,74,12.4,17,8985,60,-1.0256813702677314,-1.681394467863423,-0.6705246522194981,-0.04753313995778422,-0.27602948480898143,0.16395618782238103,0.7017942239263457,0.5244697217532128,-1.4815454046904608,-0.15983625199593327,-0.558311349746167,-0.38106451301120514,-0.3398815888114029,0.1683424199428151,0.43872113676731794,Medium,1,1,0.3581403891754813,0.6125530498969481,-1.0256813702677319,-1.681394467863423,-0.6705246522194989,-0.04753313995778462,-0.276029484808981,0.16395618782238094,0.701794223926345,0.5244697217532133,-1.481545404690462,-0.15983625199593363,-0.5583113497461671,-0.38106451301120553,-0.3398815888114033,0.16834241994283416,-1.794797561253193,0.6125530498969479,0.612553049896948,-1.794797561253194,0.6125530498969481,0.6125530498969483
California Polytechnic-San Luis,No,7811,3817,1650,47,73,12911,1404,7380,4877,612,2091,72.0,81,19.8,13,8453,59,1.3990183113576709,1.1434171857444317,1.2706200446530245,1.1539956758627181,1.6246341283069352,0.9694907653551544,-0.7119347808911651,0.5244697217532128,1.1620000772565902,-0.15983625199593327,-0.06061368145330422,1.4000262349763708,-0.7285459060471434,0.011324076077558792,0.4886698246063244,Low,0,0,-1.0987972149572356,-1.6325116659989423,1.3990183113576704,1.1434171857444317,1.270620044653024,1.1539956758627177,1.6246341283069357,0.9694907653551543,-0.7119347808911658,0.5244697217532133,1.162000077256589,-0.15983625199593363,-0.060613681453304334,1.4000262349763704,-0.7285459060471439,0.011324076077577863,-1.6159652257061008,-1.6325116659989425,-1.6325116659989423,-1.6159652257061017,-1.6325116659989423,-1.6325116659989423
California State University at Fresno,No,4540,3294,1483,5,60,13494,1254,7706,4368,600,1926,90.0,90,21.2,8,7268,61,0.9362607865935916,1.0046654327082136,1.1760468123699486,-2.0101834480079033,1.654130534106865,0.8886464925770783,-0.6126726702928329,0.4497726389260374,0.9858351094519782,1.1932365358027166,0.6900649668386472,1.703777938019297,-1.310419180097965,-0.400337500894166,0.7255506607929515,Low,0,0,-1.0987972149572356,-1.6325116659989423,0.9362607865935912,1.0046654327082136,1.1760468123699481,-2.0101834480079037,1.6541305341068655,0.8886464925770782,-0.6126726702928336,0.4497726389260378,0.9858351094519772,1.1932365358027162,0.690064966838647,1.7037779380192966,-1.3104191800979654,-0.4003375008941469,-0.34058636969523115,-1.6325116659989425,-1.6325116659989423,-0.34058636969523165,-1.6325116659989423,-1.6325116659989423
Calvin College,Yes,1784,1512,913,29,56,3401,136,10230,3710,400,1210,75.0,81,14.8,41,7786,81,0.09516619432280915,0.24725766545286093,0.7257477709242769,0.32152095127645364,0.5844601296289293,-0.5486568717948546,0.07569605349661883,-1.0388011424180428,0.009481775432553024,0.0447497870211825,-0.06061368145330422,0.2348219920998793,1.3638859589907049,-0.20851023889601608,0.8475336322869955,Medium,1,1,0.3581403891754813,0.6125530498969481,0.0951661943228088,0.24725766545286101,0.7257477709242763,0.32152095127645325,0.5844601296289298,-0.5486568717948547,0.07569605349661811,-1.0388011424180428,0.009481775432552018,0.04474978702118213,-0.060613681453304334,0.2348219920998789,1.3638859589907044,-0.208510238895997,0.6781922796041159,0.6125530498969479,0.612553049896948,0.6781922796041155,0.6125530498969481,0.6125530498969483
Campbell University,Yes,2087,1339,657,20,54,3191,1204,7550,2790,600,500,77.0,77,21.8,34,3739,63,0.24047363349370748,0.12530718620019,0.4003869965706257,-0.26074560260699386,0.5267310204053057,0.8597258232245718,-0.6598208512842492,0.4497726389260374,-1.756532921293452,0.18578692338884797,-0.3539307841170397,1.8314128398805933,0.9383237726310382,-2.671907195958954,0.6415908001916627,Low,0,1,-1.0987972149572356,0.6125530498969481,0.24047363349370712,0.12530718620019007,0.4003869965706251,-0.26074560260699425,0.5267310204053062,0.8597258232245717,-0.6598208512842498,0.4497726389260378,-1.756532921293453,0.1857869233888476,-0.3539307841170398,1.831412839880593,0.9383237726310377,-2.671907195958935,-0.8850987485449207,0.6125530498969479,0.612553049896948,-0.8850987485449213,0.6125530498969481,0.6125530498969483
Campbellsville College,Yes,848,587,298,25,55,935,184,6060,3070,600,1300,62.0,66,17.7,13,5391,49,-0.6168391080469758,-0.7300551774048354,-0.45240261024656314,0.08298682799864276,-0.7579689513940482,-0.369385371908251,-1.1462719174562,0.4497726389260374,0.1579982604829097,-0.7814483389667398,-1.0406490873905974,0.9272842059255697,-0.7285459060471434,-1.320948411747339,0.6922169811320755,Low,0,1,-1.0987972149572356,0.6125530498969481,-0.6168391080469762,-0.7300551774048353,-0.45240261024656386,0.08298682799864236,-0.7579689513940477,-0.36938537190825105,-1.1462719174562006,0.4497726389260378,0.15799826048290871,-0.7814483389667402,-1.0406490873905974,0.9272842059255693,-0.7285459060471439,-1.3209484117473198,-0.5706106696566993,0.6125530498969479,0.612553049896948,-0.5706106696566998,0.6125530498969481,0.6125530498969483
Canisius College,Yes,2853,2193,753,16,34,2978,434,10750,5340,400,1130,90.0,92,14.6,26,7972,64,0.52514371121213,0.6140865599071155,0.5372563605004562,-0.5868962977653778,0.46324033323957886,0.1669538302781348,0.2031889464536947,-1.0388011424180428,-0.13138566673394933,1.1932365358027166,0.8745903245365926,0.18511882893705714,0.3918121831278882,-0.14436225853658483,0.768664563617245,Medium,1,1,0.3581403891754813,0.6125530498969481,0.5251437112121297,0.6140865599071156,0.5372563605004557,-0.5868962977653782,0.4632403332395793,0.1669538302781347,0.20318894645369398,-1.0388011424180428,-0.13138566673395033,1.1932365358027162,0.8745903245365925,0.18511882893705672,0.3918121831278878,-0.14436225853656576,-0.013776679397669429,0.6125530498969479,0.612553049896948,-0.013776679397669866,0.6125530498969481,0.6125530498969483
Capital University,Yes,1747,1382,449,34,66,1662,960,13050,4000,500,800,64.0,69,12.1,27,9557,83,0.07562638926674231,0.15712973449013912,0.0027242539302285234,0.5861080901616065,-0.11290026838439143,0.7006070577467998,0.7230867763152471,-0.22914901677242944,-0.8318078970334455,-0.6645466615014023,-0.870204749794732,-0.4612920948206636,0.464466880638092,0.3219178655112278,0.7910704064109902,Medium,1,1,0.3581403891754813,0.6125530498969481,0.07562638926674196,0.1571297344901392,0.0027242539302278473,0.586108090161606,-0.11290026838439098,0.7006070577467997,0.7230867763152464,-0.22914901677242913,-0.8318078970334465,-0.6645466615014026,-0.8702047497947321,-0.46129209482066397,0.4644668806380916,0.3219178655112469,0.16993302245858066,0.6125530498969479,0.612553049896948,0.16993302245858025,0.6125530498969481,0.6125530498969483
Capitol College,Yes,100,90,35,10,52,282,331,8400,2812,300,2134,10.0,50,12.1,24,7976,52,-2.8864098356365715,-2.8612609076441524,-3.337368377014188,-1.2174962818199055,-2.3924029027075435,-0.006825730482078455,-0.41019873029626974,-2.0489462340837274,1.2057916321448667,-2.5265754853049125,-1.7540883479816314,-0.4612920948206636,0.24207061628816592,-0.1430081219056232,0.9,Low,0,1,-1.0987972149572356,0.6125530498969481,-2.886409835636572,-2.8612609076441524,-3.3373683770141893,-1.217496281819906,-2.392402902707543,-0.006825730482078528,-0.41019873029627046,-2.0489462340837274,1.2057916321448656,-2.526575485304913,-1.7540883479816314,-0.46129209482066397,0.24207061628816554,-0.14300812190560414,1.2133336670604014,0.6125530498969479,0.612553049896948,1.2133336670604011,0.6125530498969481,0.6125530498969483
Carleton College,Yes,2694,1579,489,75,93,1870,12,19292,3957,550,550,81.0,93,10.4,60,17960,91,0.47341766242464334,0.2905239252197197,0.09391910438190838,2.045929987248018,0.009595998584790386,-1.8048433792180707,1.882538559587504,0.12378880488361321,-1.5716298036474603,0.47901914729053885,0.9693375120855497,-0.9318252596102692,2.356633289468622,1.6292354700511187,0.5861172976985894,High,2,1,1.8150779933081982,0.6125530498969481,0.473417662424643,0.29052392521971976,0.09391910438190772,2.0459299872480177,0.009595998584790844,-1.8048433792180707,1.8825385595875033,0.12378880488361355,-1.5716298036474614,0.47901914729053846,0.9693375120855496,-0.9318252596102696,2.3566332894686215,1.6292354700511378,-1.1855875096036497,0.6125530498969479,0.612553049896948,-1.1855875096036503,0.6125530498969481,0.6125530498969483
Carnegie Mellon University,Yes,8728,5201,1191,60,89,4265,291,17900,5690,450,1250,86.0,93,9.2,31,24386,74,1.491432777229253,1.4301021217562964,0.976702917068261,1.6091146533387966,0.7830972034817116,-0.08798841183029611,1.6482061987137038,-0.6143252338289236,0.07671009872843897,0.8664948177542383,0.9693375120855497,-1.2824886008259322,0.7420738947418721,2.119027172160029,0.5958982584784601,High,2,1,1.8150779933081982,0.6125530498969481,1.4914327772292526,1.4301021217562964,0.9767029170682604,1.609114653338796,0.7830972034817121,-0.08798841183029618,1.648206198713703,-0.6143252338289233,0.07671009872843797,0.866494817754238,0.9693375120855496,-1.2824886008259326,0.7420738947418717,2.119027172160048,-1.1357462998800243,0.6125530498969479,0.612553049896948,-1.135746299880025,0.6125530498969481,0.6125530498969483
Carroll College,Yes,1160,991,352,19,55,1357,737,12200,3880,480,930,74.0,81,17.8,25,7666,79,-0.3122040185472807,-0.18122156591952795,-0.2640442629411666,-0.337261774390416,-0.33105720389167687,0.5187933899170081,0.538548635061208,-0.37900292043178496,-0.5286396969354419,-0.024374663811267006,-0.06061368145330422,0.9503002630614447,0.31770887154146105,-0.25116464700509344,0.8543103448275862,Medium,1,1,0.3581403891754813,0.6125530498969481,-0.312204018547281,-0.18122156591952787,-0.26404426294116734,-0.3372617743904164,-0.3310572038916764,0.518793389917008,0.5385486350612073,-0.3790029204317847,-0.5286396969354429,-0.02437466381126737,-0.060613681453304334,0.9503002630614442,0.31770887154146066,-0.25116464700507435,0.7437809670111335,0.6125530498969479,0.612553049896948,0.7437809670111332,0.6125530498969481,0.6125530498969483
Carson-Newman College,Yes,1096,951,464,27,62,1776,239,8150,3150,400,500,61.0,62,13.6,16,6716,67,-0.3668751723093476,-0.2236842805853324,0.037982710359957865,0.20567765393688317,-0.04359273250139943,-0.21025768633299818,-0.4818234017054697,-1.0388011424180428,-1.756532921293452,-0.8385089510035679,-1.2491515938109201,-0.06764502846155519,-0.4323290036172367,-0.6294303413361905,0.8677007299270073,Low,0,1,-1.0987972149572356,0.6125530498969481,-0.3668751723093479,-0.22368428058533232,0.03798271035995719,0.20567765393688278,-0.04359273250139897,-0.21025768633299827,-0.48182340170547044,-1.0388011424180428,-1.756532921293453,-0.8385089510035683,-1.2491515938109201,-0.06764502846155561,-0.4323290036172371,-0.6294303413361714,0.8764031076539335,0.6125530498969479,0.612553049896948,0.8764031076539333,0.6125530498969481,0.6125530498969483
Carthage College,Yes,1616,1427,434,20,43,1405,580,13125,3775,500,1300,74.0,89,15.9,22,7364,62,0.0026916501597886956,0.1893177778074135,-0.03392052671602056,-0.26074560260699386,-0.2929629317729835,0.3576045072494735,0.7389859480046441,-0.22914901677242944,0.1579982604829097,-0.024374663811267006,0.6002637149158834,0.5034686642441683,0.08579840488433134,-0.3632205191193567,0.8830445544554455,Medium,1,1,0.3581403891754813,0.6125530498969481,0.002691650159788348,0.18931777780741357,-0.03392052671602125,-0.26074560260699425,-0.29296293177298305,0.35760450724947346,0.7389859480046435,-0.22914901677242913,0.15799826048290871,-0.02437466381126737,0.6002637149158833,0.5034686642441678,0.08579840488433095,-0.3632205191193376,1.0334105547536723,0.6125530498969479,0.612553049896948,1.033410554753672,0.6125530498969481,0.6125530498969483
Case Western Reserve University,Yes,3877,3156,713,71,93,3051,513,15700,4730,525,1460,95.0,95,2.9,29,19733,67,0.798124696318164,0.9640996243027534,0.48282418136694616,1.9367494180219447,0.48560716498551015,0.27630853447135695,1.2520894434855123,-0.04901447100702777,0.39995323816588035,1.6226316210808194,1.1638582779526243,-3.5452811021927726,0.605737985971725,1.7887395794326155,0.8140314676296105,High,2,1,1.8150779933081982,0.6125530498969481,0.7981246963181636,0.9640996243027535,0.48282418136694555,1.9367494180219442,0.4856071649855106,0.2763085344713569,1.2520894434855117,-0.04901447100702746,0.39995323816587935,1.622631621080819,1.1638582779526243,-3.545281102192773,0.6057379859717246,1.7887395794326346,0.36857955711760143,0.6125530498969479,0.612553049896948,0.36857955711760104,0.6125530498969481,0.6125530498969483
Castleton State College,No,1257,940,363,9,22,1547,294,7656,4690,400,700,75.0,91,14.7,8,6318,79,-0.2352265822031233,-0.2356968609795194,-0.22976369162971375,-1.348494791392716,-0.18895068966351802,-0.08155907217543215,-0.6277154293158018,-1.0388011424180428,-1.0978374622751548,0.0447497870211825,0.781503315639944,0.21000461555961872,-1.310419180097965,-0.8134653807322536,0.7478122513922036,Low,0,0,-1.0987972149572356,-1.6325116659989423,-0.23522658220312367,-0.2356968609795193,-0.22976369162971444,-1.3484947913927166,-0.18895068966351758,-0.08155907217543222,-0.6277154293158025,-1.0388011424180428,-1.0978374622751559,0.04474978702118213,0.7815033156399439,0.2100046155596183,-1.3104191800979654,-0.8134653807322345,-0.17611038749113248,-1.6325116659989425,-1.6325116659989423,-0.17611038749113295,-1.6325116659989423,-1.6325116659989423
Catawba College,Yes,1083,880,291,13,34,915,80,9270,4100,600,1860,75.0,82,13.5,27,8425,55,-0.37839846493920515,-0.30398328948225134,-0.47968071091938363,-0.8748385657786061,-0.7838343578658066,-0.8513969218978396,-0.17134466405131193,0.4497726389260374,0.9114260614734201,0.0447497870211825,0.01651265888576715,-0.09332712383236806,0.464466880638092,0.0026385308947871338,0.8125577100646353,Medium,1,1,0.3581403891754813,0.6125530498969481,-0.3783984649392055,-0.3039832894822513,-0.47968071091938436,-0.8748385657786065,-0.7838343578658061,-0.8513969218978397,-0.17134466405131266,0.4497726389260378,0.9114260614734191,0.04474978702118213,0.01651265888576704,-0.09332712383236848,0.4644668806380916,0.002638530894806205,0.355505313585811,0.6125530498969479,0.612553049896948,0.3555053135858106,0.6125530498969481,0.6125530498969483
Catholic University of America,Yes,1754,1465,505,24,49,2159,211,13712,6408,526,1100,90.0,96,9.3,18,12751,75,0.07935696574711638,0.21566439933958653,0.12801341170967734,0.018775285270126344,0.15466820002687584,-0.28654270580824537,0.8614086837306055,-0.04196592039303374,-0.18660316336359328,1.1932365358027166,1.263654675854437,-1.2526084942517992,-0.2501326687269887,0.975060254281943,0.8352337514253135,Medium,1,1,0.3581403891754813,0.6125530498969481,0.07935696574711604,0.21566439933958662,0.1280134117096767,0.018775285270125945,0.15466820002687628,-0.2865427058082454,0.8614086837306049,-0.04196592039303343,-0.18660316336359428,1.1932365358027162,1.263654675854437,-1.2526084942517997,-0.2501326687269891,0.9750602542819621,0.561724545800495,0.6125530498969479,0.612553049896948,0.5617245458004947,0.6125530498969481,0.6125530498969483
Cazenovia College,Yes,3847,3433,527,9,35,1010,12,9384,4840,600,500,22.0,47,14.3,20,7697,100,0.7912860481842736,1.0437269989849096,0.17290981293903185,-1.348494791392716,-0.6666585703449984,-1.8048433792180707,-0.14115428749274922,0.4497726389260374,-1.756532921293452,-2.3438656331400742,-1.854012679433033,0.11004466967325688,-0.07789765626183243,-0.2400473915665903,0.8923836755913699,Medium,1,1,0.3581403891754813,0.6125530498969481,0.7912860481842733,1.0437269989849096,0.1729098129390312,-1.3484947913927166,-0.666658570344998,-1.8048433792180707,-0.14115428749274994,0.4497726389260378,-1.756532921293453,-2.3438656331400747,-1.854012679433033,0.11004466967325646,-0.07789765626183281,-0.24004739156657123,1.1316665847149676,0.6125530498969479,0.612553049896948,1.1316665847149674,0.6125530498969481,0.6125530498969483
Cedar Crest College,Yes,776,607,198,25,58,791,764,14340,5285,500,1000,58.0,83,11.7,39,10961,74,-0.704379887488903,-0.6943468073312872,-0.935584685715265,0.08298682799864276,-0.961253622543014,0.5432947997537767,0.988627684926385,-0.22914901677242944,-0.3813083118461038,-1.004132554468048,0.09518189874570733,-0.5695082346102578,1.2464286838639715,0.6451568659043251,0.7822164948453608,Medium,1,1,0.3581403891754813,0.6125530498969481,-0.7043798874889033,-0.6943468073312871,-0.9355846857152658,0.08298682799864236,-0.9612536225430136,0.5432947997537766,0.9886276849263843,-0.22914901677242913,-0.3813083118461048,-1.0041325544680484,0.09518189874570722,-0.5695082346102582,1.246428683863971,0.6451568659043442,0.09616485532126307,0.6125530498969479,0.612553049896948,0.09616485532126266,0.6125530498969481,0.6125530498969483
Cedarville College,Yes,1307,1090,616,25,55,2196,82,7344,4410,570,1000,50.0,52,15.3,34,6897,64,-0.1979998749665203,-0.08354880592958153,0.3347065054539671,0.08298682799864276,0.17152194884325347,-0.8376461676233993,-0.7230716102577422,0.25716645871250754,-0.3813083118461038,-1.4050766892516116,-1.6818585158460908,0.3579040707316264,0.9383237726310382,-0.5512011263878434,0.8339709257842387,Low,0,1,-1.0987972149572356,0.6125530498969481,-0.19799987496652066,-0.08354880592958146,0.33470650545396646,0.08298682799864236,0.17152194884325392,-0.8376461676233994,-0.7230716102577429,0.25716645871250793,-0.3813083118461048,-1.405076689251612,-1.6818585158460908,0.357904070731626,0.9383237726310377,-0.5512011263878243,0.5499527203078983,0.6125530498969479,0.612553049896948,0.549952720307898,0.6125530498969481,0.6125530498969483
Centenary College,Yes,369,312,90,12,46,396,526,11400,5400,500,760,41.0,85,9.5,20,9583,24,-1.460161759073459,-1.4191624272194043,-1.9553034254219788,-0.9818731086748947,-1.8855364574093967,0.292811410881305,0.3569803764545789,-0.22914901677242944,-0.934310671829889,-1.7854761085291093,0.25719681074029643,-1.1932219027537532,-0.07789765626183243,0.3285609141653942,0.8455284552845529,Medium,1,1,0.3581403891754813,0.6125530498969481,-1.4601617590734595,-1.4191624272194043,-1.9553034254219797,-0.9818731086748952,-1.8855364574093962,0.29281141088130497,0.3569803764545782,-0.22914901677242913,-0.93431067182989,-1.7854761085291098,0.2571968107402963,-1.1932219027537536,-0.07789765626183281,0.3285609141654133,0.658979668273535,0.6125530498969479,0.612553049896948,0.6589796682735347,0.6125530498969481,0.6125530498969483
Centenary College of Louisiana,Yes,495,434,210,35,55,775,44,8950,3490,600,1900,86.0,92,11.3,25,9685,66,-1.1566730538585883,-1.0556237859848931,-0.8641837731335517,0.635335268105144,-0.9866041496833927,-1.1742007602630395,-0.25741457910793925,0.4497726389260374,0.9568086491871414,0.8664948177542383,0.8745903245365926,-0.6792077728800088,0.31770887154146105,0.3543560015431348,0.8767676767676768,Medium,1,1,0.3581403891754813,0.6125530498969481,-1.1566730538585888,-1.0556237859848931,-0.8641837731335524,0.6353352681051435,-0.9866041496833923,-1.1742007602630395,-0.25741457910793997,0.4497726389260378,0.9568086491871404,0.866494817754238,0.8745903245365925,-0.6792077728800092,0.31770887154146066,0.3543560015431539,0.9685229102193218,0.6125530498969479,0.612553049896948,0.9685229102193216,0.6125530498969481,0.6125530498969483
Center for Creative Studies,Yes,601,396,203,1,20,525,323,11230,6643,2340,620,8.0,58,6.8,4,13025,47,-0.9596755849373846,-1.155742640957806,-0.9052446697017991,-3.226531284931711,-1.491975325436692,-0.02231496035734868,0.3173263357584517,6.047635804188223,-1.3373331290205177,-2.544341287316448,-1.436985365837391,-2.0424718257510004,-1.9198799308640517,1.01929735871607,0.6589018302828619,Medium,1,1,0.3581403891754813,0.6125530498969481,-0.9596755849373849,-1.155742640957806,-0.9052446697017998,-3.2265312849317116,-1.4919753254366916,-0.022314960357348753,0.317326335758451,6.047635804188224,-1.3373331290205188,-2.5443412873164486,-1.436985365837391,-2.042471825751001,-1.9198799308640522,1.0192973587160892,-0.7820938613121429,0.6125530498969479,0.612553049896948,-0.7820938613121435,0.6125530498969481,0.6125530498969483
Central College,Yes,1283,1113,401,31,65,1355,40,10938,3660,650,600,76.0,90,13.5,29,8444,67,-0.21567438811546874,-0.06221533674606167,-0.1199554619900207,0.4313193649006998,-0.3326799840051528,-1.2238465018477889,0.24828396961564145,0.7528645357434074,-1.4016694654541817,0.11480358880148679,0.6900649668386472,-0.09332712383236806,0.605737985971725,0.008537138505544288,0.8674980514419329,Medium,1,1,0.3581403891754813,0.6125530498969481,-0.2156743881154691,-0.06221533674606159,-0.1199554619900214,0.4313193649006994,-0.33267998400515236,-1.2238465018477889,0.24828396961564073,0.7528645357434078,-1.4016694654541828,0.11480358880148643,0.690064966838647,-0.09332712383236848,0.6057379859717246,0.00853713850556336,0.874365455597996,0.6125530498969479,0.612553049896948,0.8743654555979958,0.6125530498969481,0.6125530498969483
Central Connecticut State University,No,4158,2532,902,6,24,6394,3881,5962,4444,500,985,69.0,73,16.7,4,4900,49,0.8595500442677522,0.7533552713679346,0.7140548340224434,-1.8174726933497243,1.1146997042017148,1.7336255696988387,-1.1809081765765606,-0.22914901677242944,-0.4120571206356933,-0.3560631885270026,-0.6235308993858222,0.6941250685837765,-1.9198799308640517,-1.6480988000930372,0.6089466089466089,Low,0,0,-1.0987972149572356,-1.6325116659989423,0.8595500442677518,0.7533552713679347,0.7140548340224429,-1.8174726933497247,1.1146997042017153,1.7336255696988387,-1.1809081765765612,-0.22914901677242913,-0.4120571206356943,-0.35606318852700297,-0.6235308993858223,0.6941250685837761,-1.9198799308640522,-1.6480988000930181,-1.0672081296007325,-1.6325116659989425,-1.6325116659989423,-1.0672081296007332,-1.6325116659989423,-1.6325116659989423
Central Missouri State University,No,4681,4101,1436,10,35,8094,1596,4620,3288,300,2250,69.0,80,19.7,4,5501,50,0.9628384767165463,1.210472698573113,1.1471932898700623,-1.2174962818199055,1.2946246354668207,1.0621645538178088,-1.698187843805867,-2.0489462340837274,1.3199729923470302,-0.3560631885270026,-0.13620911968157937,1.3779965760601174,-1.9198799308640517,-1.2538943935387334,0.8760948515274514,Low,0,0,-1.0987972149572356,-1.6325116659989423,0.962838476716546,1.210472698573113,1.1471932898700619,-1.217496281819906,1.2946246354668212,1.0621645538178088,-1.6981878438058677,-2.0489462340837274,1.3199729923470291,-0.35606318852700297,-0.13620911968157948,1.377996576060117,-1.9198799308640522,-1.2538943935387143,0.9616219208586697,-1.6325116659989425,-1.6325116659989423,0.9616219208586695,-1.6325116659989423,-1.6325116659989423
Central Washington University,No,2785,2011,1007,8,65,6507,898,7242,3603,654,1416,67.0,89,18.1,0,6413,51,0.5034103374457976,0.5294641621389262,0.8194747251094371,-1.490473824946659,1.1283917554020486,0.6542929569720044,-0.7548220094459698,0.7762234603948068,0.3359643243951337,-0.4822397840169151,0.6002637149158834,1.0190329338711737,-2.939282937555179,-0.7679407049482155,0.7220825852782765,Low,0,0,-1.0987972149572356,-1.6325116659989423,0.5034103374457972,0.5294641621389263,0.8194747251094365,-1.4904738249466594,1.128391755402049,0.6542929569720043,-0.7548220094459704,0.7762234603948073,0.3359643243951327,-0.4822397840169155,0.6002637149158833,1.0190329338711732,-2.9392829375551797,-0.7679407049481964,-0.36541226402733823,-1.6325116659989425,-1.6325116659989423,-0.36541226402733873,-1.6325116659989423,-1.6325116659989423
Central Wesleyan College,Yes,174,146,88,8,29,1047,33,8300,3080,600,600,62.0,62,15.2,18,3365,58,-2.2659170379175673,-2.2864857517717887,-1.9861302240809007,-1.490473824946659,-0.6246047708019041,-1.3224939968973393,-0.43867829091697014,0.4497726389260374,-1.4016694654541817,-0.7814483389667398,-1.2491515938109201,0.3334196419182193,-0.2501326687269887,-3.1133720724334637,0.8390804597701149,Low,0,1,-1.0987972149572356,0.6125530498969481,-2.2659170379175677,-2.2864857517717887,-1.9861302240809016,-1.4904738249466594,-0.6246047708019037,-1.3224939968973393,-0.43867829091697086,0.4497726389260378,-1.4016694654541828,-0.7814483389667402,-1.2491515938109201,0.33341964191821893,-0.2501326687269891,-3.1133720724334446,0.5977951050735794,0.6125530498969479,0.612553049896948,0.597795105073579,0.6125530498969481,0.6125530498969483
Centre College,Yes,1013,888,288,55,82,943,7,11850,4270,600,900,95.0,99,11.4,60,13118,74,-0.443112286358352,-0.2945955145634425,-0.49160380616913507,1.4442444179862461,-0.7478108817456917,-2.0337059225665857,0.4601054924304006,0.4497726389260374,-0.5949489827396871,1.6226316210808194,1.5733239615731247,-0.6516401064957508,2.356633289468622,1.0339873110506859,0.876604146100691,Medium,1,1,0.3581403891754813,0.6125530498969481,-0.4431122863583523,-0.29459551456344246,-0.4916038061691358,1.4442444179862457,-0.7478108817456912,-2.0337059225665857,0.4601054924303999,0.4497726389260378,-0.5949489827396881,1.622631621080819,1.5733239615731247,-0.6516401064957512,2.3566332894686215,1.033987311050705,0.9668446545817033,0.6125530498969479,0.612553049896948,0.9668446545817031,0.6125530498969481,0.6125530498969483
Chapman University,Yes,959,771,351,23,48,1662,209,16624,5895,600,1100,72.0,80,12.8,6,12692,47,-0.4964018489425673,-0.44182663697286073,-0.26722180546366914,-0.04753313995778422,-0.11290026838439143,-0.2923382186643866,1.4226368340790951,0.4497726389260374,-0.18660316336359328,-0.15983625199593327,-0.13620911968157937,-0.27529199961519973,-1.5915826153084158,0.965342456479849,0.8039624608967675,High,2,1,1.8150779933081982,0.6125530498969481,-0.4964018489425676,-0.4418266369728607,-0.26722180546366986,-0.04753313995778462,-0.11290026838439098,-0.29233821866438664,1.4226368340790945,0.4497726389260378,-0.18660316336359428,-0.15983625199593363,-0.13620911968157948,-0.2752919996152001,-1.5915826153084163,0.965342456479868,0.28014629133840124,0.6125530498969479,0.612553049896948,0.28014629133840085,0.6125530498969481,0.6125530498969483
Chatham College,Yes,212,197,91,28,56,471,148,13500,5230,400,850,95.0,98,9.3,37,16095,52,-2.050118986544401,-1.9391716315901373,-1.9401824933004723,0.26440143846515807,-1.6406183232926903,-0.4990089399257461,0.8175992438831524,-1.0388011424180428,-0.7101522318661437,1.6226316210808194,1.4683762334705521,-1.2526084942517992,1.1257980885897985,1.4329192684553187,0.9292452830188679,Medium,1,1,0.3581403891754813,0.6125530498969481,-2.0501189865444016,-1.9391716315901373,-1.9401824933004732,0.2644014384651577,-1.6406183232926899,-0.49900893992574613,0.8175992438831517,-1.0388011424180428,-0.7101522318661447,1.622631621080819,1.4683762334705521,-1.2526084942517997,1.125798088589798,1.4329192684553378,1.5400882046052082,0.6125530498969479,0.612553049896948,1.5400882046052082,0.6125530498969481,0.6125530498969483
Chestnut Hill College,Yes,342,254,126,25,64,518,232,10335,5015,700,850,71.0,71,8.3,29,7729,73,-1.5396995666376383,-1.649810524950969,-1.5055748207535435,0.08298682799864276,-1.5101683890014068,-0.22853411069616925,0.1017771480355762,1.0362571162148249,-0.7101522318661437,-0.22617376518526458,-0.7496836000340958,-1.5573448858410492,0.605737985971725,-0.22864371819642634,0.7426900584795322,Medium,1,1,0.3581403891754813,0.6125530498969481,-1.5396995666376387,-1.649810524950969,-1.5055748207535444,0.08298682799864236,-1.5101683890014064,-0.22853411069616933,0.10177714803557548,1.0362571162148253,-0.7101522318661447,-0.22617376518526494,-0.749683600034096,-1.5573448858410497,0.6057379859717246,-0.22864371819640728,-0.2147494707492727,0.6125530498969479,0.612553049896948,-0.2147494707492732,0.6125530498969481,0.6125530498969483
Christendom College,Yes,81,72,51,33,71,139,3,8730,3600,400,800,92.0,92,9.3,17,10922,58,-3.1283147632143,-3.131991934600465,-2.765199883036328,0.5357381533712033,-3.5750751978875064,-2.3443456717122193,-0.3177671365906919,-1.0388011424180428,-0.8318078970334455,1.3621979324255895,0.8745903245365926,-1.2526084942517992,-0.3398815888114029,0.6370519765995337,0.8888888888888888,Low,0,1,-1.0987972149572356,0.6125530498969481,-3.1283147632143002,-3.131991934600465,-2.7651998830363294,0.5357381533712029,-3.575075197887506,-2.3443456717122193,-0.3177671365906926,-1.0388011424180428,-0.8318078970334465,1.362197932425589,0.8745903245365925,-1.2526084942517997,-0.3398815888114033,0.6370519765995528,1.0946567914003973,0.6125530498969479,0.612553049896948,1.094656791400397,0.6125530498969481,0.6125530498969483
Christian Brothers University,Yes,880,520,224,16,42,1068,364,9300,3260,600,900,81.0,81,11.1,24,8129,63,-0.5804595965517045,-0.8599120273372153,-0.7865953355825228,-0.5868962977653778,-0.6015339322551075,0.0536597639032103,-0.16337628734229984,0.4497726389260374,-0.5949489827396871,0.47901914729053885,-0.06061368145330422,-0.7346353504225267,0.24207061628816592,-0.0919860989746485,0.5909090909090909,Medium,1,1,0.3581403891754813,0.6125530498969481,-0.5804595965517049,-0.8599120273372152,-0.7865953355825236,-0.5868962977653782,-0.6015339322551071,0.05365976390321022,-0.16337628734230056,0.4497726389260378,-0.5949489827396881,0.47901914729053846,-0.060613681453304334,-0.7346353504225271,0.24207061628816554,-0.09198609897462943,-1.1613320892638934,0.6125530498969479,0.612553049896948,-1.161332089263894,0.6125530498969481,0.6125530498969483
Christopher Newport University,No,883,766,428,3,37,2910,1749,7860,4750,525,1889,75.0,82,21.2,16,4639,48,-0.5771220004041698,-0.4486414034867343,-0.04898979120524064,-2.490004639445861,0.44179565871571913,1.1289843718768429,-0.5667400362452639,-0.04901447100702777,0.9444173251553832,0.0447497870211825,0.01651265888576715,1.703777938019297,-0.4323290036172367,-1.843395755899743,0.8674971687429218,Low,0,0,-1.0987972149572356,-1.6325116659989423,-0.5771220004041702,-0.44864140348673426,-0.04898979120524133,-2.4900046394458615,0.4417956587157196,1.1289843718768429,-0.5667400362452646,-0.04901447100702746,0.9444173251553822,0.04474978702118213,0.01651265888576704,1.7037779380192966,-0.4323290036172371,-1.8433957558997238,0.8743565833296614,-1.6325116659989425,-1.6325116659989423,0.8743565833296612,-1.6325116659989423,-1.6325116659989423
Claflin College,Yes,1196,697,499,21,47,959,13,4412,2460,500,1000,69.0,69,16.9,31,7083,21,-0.28285578410114903,-0.5478597563138424,0.11537609820787678,-0.18710169614595554,-0.7278061894810834,-1.7690627124630565,-1.7869005665594084,-0.22914901677242944,-0.3813083118461038,-0.3560631885270026,-0.870204749794732,0.7412034085943565,0.7420738947418721,-0.4740424597698807,0.5827759197324415,Low,0,1,-1.0987972149572356,0.6125530498969481,-0.28285578410114937,-0.5478597563138423,0.11537609820787612,-0.18710169614595593,-0.727806189481083,-1.7690627124630565,-1.786900566559409,-0.22914901677242913,-0.3813083118461048,-0.35606318852700297,-0.8702047497947321,0.7412034085943561,0.7420738947418717,-0.4740424597698616,-1.2023182664708694,0.6125530498969479,0.612553049896948,-1.20231826647087,0.6125530498969481,0.6125530498969483
Claremont McKenna College,Yes,1860,767,227,71,93,887,1,17000,6010,500,850,99.0,99,9.6,52,18443,87,0.13397263075796026,-0.4472746532708143,-0.7706952927942133,1.9367494180219447,-0.8212266450144728,-2.6370339802857092,1.4902538707635984,-0.22914901677242944,-0.7101522318661437,1.9829336861494546,1.5733239615731247,-1.1637120187547967,1.9622254883185175,1.6750242094754617,0.41236559139784945,High,2,1,1.8150779933081982,0.6125530498969481,0.1339726307579599,-0.4472746532708142,-0.7706952927942141,1.9367494180219442,-0.8212266450144724,-2.6370339802857092,1.4902538707635977,-0.22914901677242913,-0.7101522318661447,1.9829336861494542,1.5733239615731247,-1.1637120187547971,1.962225488318517,1.6750242094754808,-1.8791232844450596,0.6125530498969479,0.612553049896948,-1.8791232844450605,0.6125530498969481,0.6125530498969483
Clark University,Yes,2887,2059,457,30,61,1928,296,17500,4200,500,950,94.0,95,10.5,35,11951,79,0.5358028379122557,0.5525543880133165,0.021695032554538703,0.3771313679720627,0.040814424064959866,-0.07730596838864585,1.57866495614103,-0.22914901677242944,-0.48552498885819567,1.5348879805589812,1.1638582779526243,-0.9033411845194759,1.0017342937327451,0.8370533819805418,0.713197090405265,High,2,1,1.8150779933081982,0.6125530498969481,0.5358028379122554,0.5525543880133166,0.02169503255453803,0.3771313679720623,0.040814424064960324,-0.07730596838864592,1.5786649561410293,-0.22914901677242913,-0.48552498885819667,1.5348879805589808,1.1638582779526243,-0.9033411845194763,1.0017342937327447,0.8370533819805609,-0.4280583948092284,0.6125530498969479,0.612553049896948,-0.42805839480922897,0.6125530498969481,0.6125530498969483
Clarke College,Yes,460,340,167,14,45,604,350,10740,3676,350,900,67.0,71,11.0,27,7963,74,-1.2318387613695863,-1.3237171601245863,-1.1458058011988475,-0.7737777547234982,-1.3051261436098114,0.028636012871276578,0.2007758116775289,-1.5123285343587667,-0.5949489827396871,-0.4822397840169151,-0.7496836000340958,-0.762497566859782,0.464466880638092,-0.1474129009743662,0.7391304347826086,Medium,1,1,0.3581403891754813,0.6125530498969481,-1.2318387613695867,-1.3237171601245863,-1.1458058011988483,-0.7737777547234986,-1.305126143609811,0.028636012871276505,0.20077581167752817,-1.5123285343587667,-0.5949489827396881,-0.4822397840169155,-0.749683600034096,-0.7624975668597824,0.4644668806380916,-0.14741290097434714,-0.24131928498203967,0.6125530498969479,0.612553049896948,-0.24131928498204017,0.6125530498969481,0.6125530498969483
Clarkson University,Yes,2174,1953,557,35,68,2332,53,15960,5580,700,1300,95.0,95,15.8,32,11659,77,0.27803175805124336,0.5007637349736764,0.23076192521718278,0.635335268105144,0.2306195551530115,-1.0758100290848978,1.3007312250745198,1.0362571162148249,0.1579982604829097,1.6226316210808194,1.1638582779526243,0.479364912667751,0.808539510579746,0.7830742584277037,0.8983440662373505,High,2,1,1.8150779933081982,0.6125530498969481,0.278031758051243,0.5007637349736765,0.23076192521718214,0.6353352681051435,0.23061955515301194,-1.0758100290848978,1.300731225074519,1.0362571162148253,0.15799826048290871,1.622631621080819,1.1638582779526243,0.4793649126677506,0.8085395105797456,0.7830742584277228,1.195459233131806,0.6125530498969479,0.612553049896948,1.1954592331318057,0.6125530498969481,0.6125530498969483
Clemson University,No,8065,5257,2301,37,65,11755,770,8116,3610,800,1618,82.0,88,18.0,17,7597,73,1.4257375989217773,1.439914902249152,1.5554704677544073,0.7305835658560428,1.561030857865107,0.5486320479228398,-0.49167535322363803,1.553695186961413,0.6158854316532337,0.5546527948873138,0.5120879513281108,0.9961742295717294,-0.3398815888114029,-0.2761602630926962,0.651828890266584,Low,0,0,-1.0987972149572356,-1.6325116659989423,1.4257375989217769,1.439914902249152,1.555470467754407,0.7305835658560423,1.5610308578651075,0.5486320479228397,-0.49167535322363876,1.5536951869614135,0.6158854316532327,0.5546527948873134,0.5120879513281107,0.996174229571729,-0.3398815888114033,-0.2761602630926771,-0.8247336197489434,-1.6325116659989425,-1.6325116659989423,-0.8247336197489441,-1.6325116659989423,-1.6325116659989423
Clinch Valley Coll. of  the Univ. of Virginia,No,689,561,250,15,30,1125,422,7168,3689,600,1900,67.0,67,18.1,9,4417,46,-0.8225839983425582,-0.7784705054766276,-0.6563073979597455,-0.6779904542213022,-0.541601010664931,0.14877543887414443,-0.7780409516833735,0.4497726389260374,0.9568086491871414,-0.4822397840169151,-0.9851956007117693,1.0190329338711737,-1.18236541463741,-2.023352348403995,0.8142235123367199,Low,0,0,-1.0987972149572356,-1.6325116659989423,-0.8225839983425586,-0.7784705054766274,-0.6563073979597462,-0.6779904542213027,-0.5416010106649306,0.14877543887414435,-0.7780409516833742,0.4497726389260378,0.9568086491871404,-0.4822397840169155,-0.9851956007117694,1.0190329338711732,-1.1823654146374105,-2.023352348403976,0.37028657568424755,-1.6325116659989425,-1.6325116659989423,0.37028657568424717,-1.6325116659989423,-1.6325116659989423
Coe College,Yes,1006,742,275,29,60,1127,205,13925,4390,500,2200,73.0,86,12.7,32,10141,67,-0.4498460122961685,-0.48202816386049824,-0.5449777321572457,0.32152095127645364,-0.5395656656866207,-0.3040822113847653,0.9049788933235348,-0.22914901677242944,1.271441718087908,-0.09256994792772753,0.3405662242258264,-0.3016095177954872,0.808539510579746,0.4647437656830719,0.7375745526838966,Medium,1,1,0.3581403891754813,0.6125530498969481,-0.44984601229616883,-0.4820281638604982,-0.5449777321572464,0.32152095127645325,-0.5395656656866202,-0.3040822113847654,0.9049788933235341,-0.22914901677242913,1.271441718087907,-0.0925699479277279,0.3405662242258263,-0.3016095177954876,0.8085395105797456,0.464743765683091,-0.25286054251727136,0.6125530498969479,0.612553049896948,-0.25286054251727186,0.6125530498969481,0.6125530498969483
Coker College,Yes,604,452,295,15,47,690,222,9888,4502,400,1000,64.0,77,12.1,39,8741,75,-0.9546563840042482,-1.0114204776075368,-0.4640018165174354,-0.6779904542213022,-1.1328872128189773,-0.2555337237338693,-0.010493223261495542,-1.0388011424180428,-0.3813083118461038,-0.6645466615014023,-0.3539307841170397,-0.4612920948206636,1.2464286838639715,0.09815719098328089,0.7483443708609272,Medium,1,1,0.3581403891754813,0.6125530498969481,-0.9546563840042486,-1.0114204776075368,-0.4640018165174361,-0.6779904542213027,-1.1328872128189769,-0.25553372373386934,-0.01049322326149626,-1.0388011424180428,-0.3813083118461048,-0.6645466615014026,-0.3539307841170398,-0.46129209482066397,1.246428683863971,0.09815719098329996,-0.17206874268391295,0.6125530498969479,0.612553049896948,-0.17206874268391342,0.6125530498969481,0.6125530498969483
Colby College,Yes,2848,1319,456,58,84,1720,35,18930,5590,500,1000,83.0,94,10.2,41,15954,91,0.5235647002963338,0.11013154089468224,0.01934473026449786,1.5445180051972478,-0.0769385714438744,-1.2925434929444524,1.8226968660091545,-0.22914901677242944,-0.3813083118461038,0.6312170198691968,1.0657563528339236,-0.989119355802782,1.3638859589907049,1.416651883897182,0.4631320224719101,High,2,1,1.8150779933081982,0.6125530498969481,0.5235647002963335,0.11013154089468231,0.019344730264497186,1.5445180051972474,-0.07693857144387395,-1.2925434929444524,1.8226968660091538,-0.22914901677242913,-0.3813083118461048,0.6312170198691964,1.0657563528339236,-0.9891193558027824,1.3638859589907044,1.416651883897201,-1.7106282894589866,0.6125530498969479,0.612553049896948,-1.7106282894589875,0.6125530498969481,0.6125530498969483
Colgate University,Yes,4856,2492,727,46,75,2649,25,19510,5565,500,750,95.0,98,10.5,45,15494,93,0.9946543514981108,0.7379954831666818,0.5022680669819013,1.1150339710778354,0.35342575276860344,-1.4611143570862821,1.9182206332336635,-0.22914901677242944,-0.960715953306189,1.6226316210808194,1.4683762334705521,-0.9033411845194759,1.590170069482996,1.3620015678592614,0.5131795716639209,High,2,1,1.8150779933081982,0.6125530498969481,0.9946543514981104,0.737995483166682,0.5022680669819007,1.115033971077835,0.3534257527686039,-1.4611143570862821,1.9182206332336629,-0.22914901677242913,-0.96071595330619,1.622631621080819,1.4683762334705521,-0.9033411845194763,1.5901700694829957,1.3620015678592805,-1.5184024761325106,0.6125530498969479,0.612553049896948,-1.5184024761325114,0.6125530498969481,0.6125530498969483
College Misericordia,Yes,1432,888,317,29,58,1121,493,10860,5760,550,900,56.0,62,12.9,23,8604,96,-0.11124279675248883,-0.2945955145634425,-0.38193503238814336,0.32152095127645364,-0.5456849610279448,0.25015892770498294,0.22963662369803453,0.12378880488361321,-0.5949489827396871,-1.1099187310292482,-1.2491515938109201,-0.24905677256531966,0.16480224108923644,0.05741028312418681,0.6201117318435754,Medium,1,1,0.3581403891754813,0.6125530498969481,-0.11124279675248917,-0.29459551456344246,-0.3819350323881441,0.32152095127645325,-0.5456849610279444,0.2501589277049829,0.2296366236980338,0.12378880488361355,-0.5949489827396881,-1.1099187310292487,-1.2491515938109201,-0.24905677256532008,0.16480224108923605,0.05741028312420588,-1.0066608611016545,0.6125530498969479,0.612553049896948,-1.0066608611016552,0.6125530498969481,0.6125530498969483
College of Charleston,No,4772,3140,1265,22,55,6851,1200,6120,3460,666,2316,73.0,78,17.2,18,4776,51,0.9795390855001427,0.9592739400470792,1.032183205275764,-0.1160987382636973,1.168351833722007,0.8573650296311414,-1.125247315262475,0.8455599983947487,1.3825267806894534,-0.09256994792772753,-0.2828555413330692,0.8113968105662229,-0.2501326687269887,-1.73883067222228,0.6580050293378038,Low,0,0,-1.0987972149572356,-1.6325116659989423,0.9795390855001423,0.9592739400470793,1.0321832052757636,-0.1160987382636977,1.1683518337220073,0.8573650296311413,-1.1252473152624756,0.8455599983947492,1.3825267806894523,-0.0925699479277279,-0.28285554133306934,0.8113968105662225,-0.2501326687269891,-1.7388306722222608,-0.7875431267407113,-1.6325116659989425,-1.6325116659989423,-0.7875431267407119,-1.6325116659989423,-1.6325116659989423
College of Mount St. Joseph,Yes,798,620,238,14,41,1165,1232,9800,4430,400,1150,46.0,46,11.1,35,6889,100,-0.676737235054135,-0.6718042239716324,-0.714399896123995,-0.7737777547234982,-0.5017103264114013,0.8760536019715786,-0.032986509722997624,-1.0388011424180428,-0.0953232079457115,-1.5833689090580605,-1.8851328086857293,-0.7346353504225267,1.0017342937327451,-0.5545916882987733,0.7769423558897243,Medium,1,1,0.3581403891754813,0.6125530498969481,-0.6767372350541353,-0.6718042239716323,-0.7143998961239958,-0.7737777547234986,-0.5017103264114009,0.8760536019715784,-0.03298650972299834,-1.0388011424180428,-0.0953232079457125,-1.583368909058061,-1.8851328086857293,-0.7346353504225271,1.0017342937327447,-0.5545916882987542,0.05295456752634252,0.6125530498969479,0.612553049896948,0.052954567526342096,0.6125530498969481,0.6125530498969483
College of Mount St. Vincent,Yes,946,648,177,23,46,707,432,11790,5770,500,1000,75.0,77,11.9,35,10015,83,-0.5097119162209172,-0.6249203651130069,-1.0734003496129112,-0.04753313995778422,-1.1019318728315144,0.16395618782238103,0.4465058356726056,-0.22914901677242944,-0.3813083118461038,0.0447497870211825,-0.3539307841170397,-0.5152188828746125,1.0017342937327451,0.43501821387488315,0.6849894291754757,Medium,1,1,0.3581403891754813,0.6125530498969481,-0.5097119162209175,-0.6249203651130067,-1.073400349612912,-0.04753313995778462,-1.101931872831514,0.16395618782238094,0.4465058356726049,-0.22914901677242913,-0.3813083118461048,0.04474978702118213,-0.3539307841170398,-0.5152188828746129,1.0017342937327447,0.43501821387490225,-0.6180140863840429,0.6125530498969479,0.612553049896948,-0.6180140863840434,0.6125530498969481,0.6125530498969483
College of Notre Dame,Yes,344,264,97,11,42,500,331,12600,5520,630,2250,77.0,80,10.4,7,9773,43,-1.5335809472336026,-1.606264844879893,-1.8532767292325645,-1.095737735489672,-1.5583586581516218,-0.006825730482078455,0.6264082064916575,0.6341541487893395,1.3199729923470302,0.18578692338884797,-0.13620911968157937,-0.9318252596102692,-1.4463049754933548,0.3762761997185087,0.7674418604651163,Medium,1,1,0.3581403891754813,0.6125530498969481,-1.533580947233603,-1.606264844879893,-1.8532767292325654,-1.0957377354896725,-1.5583586581516213,-0.006825730482078528,0.6264082064916568,0.63415414878934,1.3199729923470291,0.1857869233888476,-0.13620911968157948,-0.9318252596102696,-1.4463049754933552,0.37627619971852777,-0.023521867220777475,0.6125530498969479,0.612553049896948,-0.023521867220777915,0.6125530498969481,0.6125530498969483
College of Notre Dame of Maryland,Yes,457,356,177,35,61,667,1983,11180,5620,600,700,64.0,64,11.5,32,7477,75,-1.2385646895423834,-1.2728733377024608,-1.0734003496129112,0.635335268105144,-1.1762790603746711,1.2215021531149255,0.3055883992640874,0.4497726389260374,-1.0978374622751548,-0.6645466615014023,-1.1475366140165175,-0.6241683558478293,0.808539510579746,-0.32047562359295245,0.7789934354485777,Medium,1,1,0.3581403891754813,0.6125530498969481,-1.2385646895423839,-1.2728733377024608,-1.073400349612912,0.6353352681051435,-1.1762790603746707,1.2215021531149255,0.30558839926408665,0.4497726389260378,-1.0978374622751559,-0.6645466615014026,-1.1475366140165175,-0.6241683558478297,0.8085395105797456,-0.32047562359293336,0.06969428509035981,0.6125530498969479,0.612553049896948,0.0696942850903594,0.6125530498969481,0.6125530498969483
College of Saint Benedict,Yes,938,864,511,29,62,1715,103,12247,4221,500,600,70.0,88,13.1,26,8847,72,-0.5180006026735556,-0.3230356697481684,0.14047858151397372,0.32152095127645364,-0.07998010676048815,-0.7091175403545654,0.5489693392804784,-0.22914901677242944,-1.4016694654541817,-0.2915826792352699,0.5120879513281108,-0.19682982022428813,0.3918121831278882,0.129014174132356,0.9211087420042644,Medium,1,1,0.3581403891754813,0.6125530498969481,-0.518000602673556,-0.32303566974816833,0.14047858151397308,0.32152095127645325,-0.0799801067604877,-0.7091175403545655,0.5489693392804778,-0.22914901677242913,-1.4016694654541828,-0.2915826792352703,0.5120879513281107,-0.19682982022428855,0.3918121831278878,0.12901417413237506,1.4470472786891875,0.6125530498969479,0.612553049896948,1.4470472786891873,0.6125530498969481,0.6125530498969483
College of Saint Catherine,Yes,511,411,186,23,51,1692,562,12224,4440,450,1000,63.0,87,11.5,32,7315,77,-1.1241878017520646,-1.1150444056244992,-1.0121484588041525,-0.04753313995778422,-0.09411173887878009,0.33664196459395257,0.5438731345802498,-0.6143252338289236,-0.3813083118461038,-0.7234609819608288,0.4255260215207906,-0.6241683558478293,0.808539510579746,-0.38207177753639543,0.8043052837573386,Medium,1,1,0.3581403891754813,0.6125530498969481,-1.124187801752065,-1.1150444056244992,-1.0121484588041534,-0.04753313995778462,-0.09411173887877963,0.3366419645939525,0.5438731345802491,-0.6143252338289233,-0.3813083118461048,-0.7234609819608291,0.4255260215207905,-0.6241683558478297,0.8085395105797456,-0.38207177753637633,0.2831229887644381,0.6125530498969479,0.612553049896948,0.2831229887644377,0.6125530498969481,0.6125530498969483
College of Saint Elizabeth,Yes,444,359,122,34,53,493,968,10900,5250,380,1000,68.0,70,11.4,23,9447,78,-1.2682673887563412,-1.2636120110716815,-1.5477414460189312,0.5861080901616065,-1.5776729446332076,0.7063827813635485,0.2392103164884853,-1.2216590817026114,-0.3813083118461038,-0.4196154901574144,-0.8106418143240208,-0.6516401064957508,0.16480224108923644,0.2935012524658389,0.8085585585585585,Medium,1,1,0.3581403891754813,0.6125530498969481,-1.2682673887563416,-1.2636120110716815,-1.547741446018932,0.586108090161606,-1.5776729446332072,0.7063827813635484,0.23921031648848456,-1.2216590817026114,-0.3813083118461048,-0.4196154901574148,-0.8106418143240209,-0.6516401064957512,0.16480224108923605,0.293501252465858,0.3202537236669192,0.6125530498969479,0.612553049896948,0.3202537236669188,0.6125530498969481,0.6125530498969483
College of Saint Rose,Yes,983,664,249,23,57,1698,894,9990,5666,800,1500,66.0,71,14.3,28,6084,64,-0.47233026869438244,-0.5990919212910347,-0.6610245447839425,-0.04753313995778422,-0.09040274896945634,0.6512056172172674,0.015414587447292122,1.553695186961413,0.4565936404384389,-0.5439362728703399,-0.7496836000340958,0.11004466967325688,0.5357515534995189,-0.9302434456588475,0.6754832146490336,Medium,1,1,0.3581403891754813,0.6125530498969481,-0.47233026869438277,-0.5990919212910346,-0.6610245447839432,-0.04753313995778462,-0.09040274896945588,0.6512056172172673,0.015414587447291404,1.5536951869614135,0.4565936404384379,-0.5439362728703402,-0.749683600034096,0.11004466967325646,0.5357515534995184,-0.9302434456588284,-0.6790637949463463,0.6125530498969479,0.612553049896948,-0.6790637949463468,0.6125530498969481,0.6125530498969483
College of Santa Fe,Yes,546,447,189,16,42,873,683,11138,4138,600,1200,40.0,74,14.0,7,8820,80,-1.0567730945179934,-1.023507940835724,-0.9924854047172674,-0.5868962977653778,-0.8404662334188497,0.46722825313591276,0.29570185216096534,0.4497726389260374,-0.007646689375954711,-1.8231328600691903,-0.558311349746167,0.03433157324728856,-1.4463049754933548,0.12120869147347342,0.8186813186813187,Medium,1,1,0.3581403891754813,0.6125530498969481,-1.0567730945179938,-1.023507940835724,-0.9924854047172682,-0.5868962977653782,-0.8404662334188493,0.4672282531359127,0.2957018521609646,0.4497726389260378,-0.007646689375955717,-1.8231328600691907,-0.5583113497461671,0.034331573247288145,-1.4463049754933552,0.12120869147349249,0.4101263390731718,0.6125530498969479,0.612553049896948,0.4101263390731715,0.6125530498969481,0.6125530498969483
College of St. Joseph,Yes,141,118,55,12,21,201,173,8300,4850,450,1300,53.0,53,9.5,19,6936,76,-2.498844886455989,-2.5373531530919298,-2.6538266391848824,-0.9818731086748947,-2.9362125446498455,-0.40634763377950645,-0.43867829091697014,-0.6143252338289236,0.1579982604829097,-1.2616584368949362,-1.644016946781447,-1.1932219027537532,-0.16286735762255852,-0.5347585911475866,0.8368794326241135,Low,0,1,-1.0987972149572356,0.6125530498969481,-2.4988448864559896,-2.5373531530919298,-2.6538266391848837,-0.9818731086748952,-2.936212544649845,-0.4063476337795065,-0.43867829091697086,-0.6143252338289233,0.15799826048290871,-1.2616584368949366,-1.644016946781447,-1.1932219027537536,-0.1628673576225589,-0.5347585911475675,0.5771169034836906,0.6125530498969479,0.612553049896948,0.5771169034836903,0.6125530498969481,0.6125530498969483
College of St. Scholastica,Yes,672,596,278,29,60,1350,275,11844,3696,450,1146,54.0,76,11.6,33,8996,72,-0.8475476066317845,-0.7138280280973349,-0.5324062373126774,0.32152095127645364,-0.33674973913854495,-0.1233331621777771,0.45874756533706307,-0.6143252338289236,-0.10248899126917888,-1.2120034811518239,-0.42352364534226566,-0.5967914238632761,0.8739402534841448,0.1714371840868147,0.8869047619047619,Medium,1,1,0.3581403891754813,0.6125530498969481,-0.8475476066317849,-0.7138280280973348,-0.5324062373126782,0.32152095127645325,-0.3367497391385445,-0.12333316217777716,0.45874756533706235,-0.6143252338289233,-0.10248899126917987,-1.2120034811518243,-0.4235236453422658,-0.5967914238632765,0.8739402534841444,0.17143718408683375,1.073773686888181,0.6125530498969479,0.612553049896948,1.0737736868881809,0.6125530498969481,0.6125530498969483
College of the Holy Cross,Yes,2994,1691,659,70,95,2675,22,18000,6300,400,900,92.0,96,11.3,55,12138,95,0.5684888580631084,0.35864038132926274,0.4034690108125002,1.9086950841480654,0.3626957968207413,-1.5234113181736704,1.665431674029183,-1.0388011424180428,-0.5949489827396871,1.3621979324255895,1.263654675854437,-0.6792077728800088,2.1136198006949316,0.8705656870703666,0.5647962591850367,High,2,1,1.8150779933081982,0.6125530498969481,0.5684888580631081,0.3586403813292628,0.4034690108124996,1.908695084148065,0.36269579682074177,-1.5234113181736704,1.6654316740291824,-1.0388011424180428,-0.5949489827396881,1.362197932425589,1.263654675854437,-0.6792077728800092,2.113619800694931,0.8705656870703857,-1.2898111410357556,0.6125530498969479,0.612553049896948,-1.2898111410357562,0.6125530498969481,0.6125530498969483
College of William and Mary,No,7117,3106,1217,68,88,5186,134,11720,4298,600,800,89.0,92,12.1,31,9534,93,1.3209698581383755,0.9489314083940597,0.9966391907384701,1.8516207702243794,0.9468972144001897,-0.5573156950931971,0.4305819794328809,0.4497726389260374,-0.8318078970334455,1.1101537037083895,0.8745903245365926,-0.4612920948206636,0.7420738947418721,0.316018044273344,0.4364198398201489,Medium,1,0,0.3581403891754813,-1.6325116659989423,1.320969858138375,0.9489314083940598,0.9966391907384695,1.851620770224379,0.9468972144001901,-0.5573156950931972,0.4305819794328802,0.4497726389260378,-0.8318078970334465,1.110153703708389,0.8745903245365925,-0.46129209482066397,0.7420738947418717,0.3160180442733631,-1.80242617319079,-1.6325116659989425,-1.6325116659989423,-1.802426173190791,-1.6325116659989423,-1.6325116659989423
College of Wooster,Yes,2100,1883,553,29,65,1704,1,16240,4690,500,500,84.0,96,11.1,43,14140,69,0.24619141892444224,0.46488574278920775,0.22325887009545795,0.32152095127645364,-0.08670970106661718,-2.6370339802857092,1.352535945627387,-0.22914901677242944,-1.756532921293452,0.7087119890670915,1.263654675854437,-0.7346353504225267,1.4783988095896108,1.1854853301898753,0.8966666666666666,High,2,1,1.8150779933081982,0.6125530498969481,0.24619141892444188,0.4648857427892078,0.2232588700954573,0.32152095127645325,-0.08670970106661673,-2.6370339802857092,1.3525359456273864,-0.22914901677242913,-1.756532921293453,0.7087119890670912,1.263654675854437,-0.7346353504225271,1.4783988095896103,1.1854853301898944,1.1774203628283393,0.6125530498969479,0.612553049896948,1.177420362828339,0.6125530498969481,0.6125530498969483
Colorado College,Yes,3207,1577,490,56,87,1892,7,17142,4190,450,1200,85.0,97,11.3,51,14664,84,0.6299777245093731,0.28926104743028397,0.0960874976595785,1.4781382686650963,0.02157468103100809,-2.0337059225665857,1.5155343952514595,-0.6143252338289236,-0.007646689375954711,0.7871378673668015,1.3651568927969056,-0.6792077728800088,1.9107498885325442,1.2567751681850219,0.49173682569379484,High,2,1,1.8150779933081982,0.6125530498969481,0.6299777245093727,0.289261047430284,0.09608749765957783,1.478138268665096,0.021574681031008548,-2.0337059225665857,1.5155343952514588,-0.6143252338289233,-0.007646689375955717,0.7871378673668011,1.3651568927969056,-0.6792077728800092,1.9107498885325438,1.256775168185041,-1.604124060521527,0.6125530498969479,0.612553049896948,-1.604124060521528,0.6125530498969481,0.6125530498969483
Colorado State University,No,9478,6312,2194,29,65,15646,1829,8412,4180,470,1800,87.0,89,19.2,10,7850,59,1.5595780678921192,1.6063577668960634,1.5155865491357998,0.32152095127645364,1.7508945479477838,1.1618229892024587,-0.4067961787669635,-0.45598245337987864,0.8416278943466902,0.9467830013589739,0.6002637149158834,1.2671511833654492,-1.060970526681064,-0.186173423662721,0.6659632833931209,Low,0,0,-1.0987972149572356,-1.6325116659989423,1.5595780678921187,1.6063577668960634,1.5155865491357994,0.32152095127645325,1.7508945479477842,1.1618229892024587,-0.4067961787669642,-0.45598245337987836,0.8416278943466892,0.9467830013589735,0.6002637149158833,1.2671511833654487,-1.0609705266810645,-0.18617342366270193,-0.7387474865238145,-1.6325116659989425,-1.6325116659989423,-0.7387474865238151,-1.6325116659989423,-1.6325116659989423
Columbia College MO,Yes,314,158,132,10,28,690,5346,8294,3700,400,900,87.0,87,15.3,2,5015,37,-1.6296206822460282,-2.194269861315831,-1.4451230842221887,-1.2174962818199055,-1.1328872128189773,1.9885095489564675,-0.44039421633987685,-1.0388011424180428,-0.5949489827396871,0.9467830013589739,0.4255260215207906,0.3579040707316264,-2.329357208369601,-1.5670614869372932,0.5031847133757962,Low,0,1,-1.0987972149572356,0.6125530498969481,-1.6296206822460286,-2.194269861315831,-1.4451230842221896,-1.217496281819906,-1.1328872128189769,1.9885095489564675,-0.4403942163398776,-1.0388011424180428,-0.5949489827396881,0.9467830013589735,0.4255260215207905,0.357904070731626,-2.3293572083696015,-1.567061486937274,-1.5590045285754532,0.6125530498969479,0.612553049896948,-1.5590045285754541,0.6125530498969481,0.6125530498969483
Columbia College,Yes,737,614,242,21,67,968,237,10425,3975,500,1500,61.0,77,14.7,34,8693,76,-0.7555132177547893,-0.6821450968156558,-0.6946678685448215,-0.18710169614595554,-0.7167314192960618,-0.21542926446429086,0.12399416958718174,-0.22914901677242944,0.4565936404384389,-0.8385089510035679,-0.3539307841170397,0.21000461555961872,0.9383237726310382,0.08399365982933069,0.8331071913161465,Medium,1,1,0.3581403891754813,0.6125530498969481,-0.7555132177547896,-0.6821450968156557,-0.6946678685448223,-0.18710169614595593,-0.7167314192960613,-0.21542926446429095,0.12399416958718101,-0.22914901677242913,0.4565936404384379,-0.8385089510035683,-0.3539307841170398,0.2100046155596183,0.9383237726310377,0.08399365982934975,0.541920914893812,0.6125530498969479,0.612553049896948,0.5419209148938117,0.6125530498969481,0.6125530498969483
Columbia University,Yes,6756,1930,871,78,96,3376,55,18624,6664,550,300,97.0,98,5.9,21,30639,99,1.2770718340225125,0.48912911953535426,0.6801947158001259,2.1248254675149734,0.5778186891492645,-1.0559990837916504,1.771523315745251,0.12378880488361321,-2.7252136699495475,1.8009168658667163,1.4683762334705521,-2.3530808071033067,0.004942020606680277,2.435099873836449,0.28567199526346954,High,2,1,1.8150779933081982,0.6125530498969481,1.277071834022512,0.4891291195353543,0.6801947158001254,2.124825467514973,0.5778186891492649,-1.0559990837916504,1.7715233157452503,0.12378880488361355,-2.7252136699495484,1.8009168658667158,1.4683762334705521,-2.353080807103307,0.004942020606679884,2.435099873836468,-2.2014927343920494,0.6125530498969479,0.612553049896948,-2.2014927343920503,0.6125530498969481,0.6125530498969483
Concordia College at St. Paul,Yes,281,266,139,13,29,1049,181,10500,3750,450,950,69.0,75,12.8,18,6955,45,-1.7473227292294644,-1.597766932379517,-1.3784623706718802,-0.8748385657786061,-0.6223833508606121,-0.3792624158972743,0.14241229539730088,-0.6143252338289236,-0.48552498885819567,-0.3560631885270026,-0.4916463924532397,-0.27529199961519973,-0.2501326687269887,-0.5267996831835396,0.9466192170818505,Medium,1,1,0.3581403891754813,0.6125530498969481,-1.7473227292294649,-1.597766932379517,-1.378462370671881,-0.8748385657786065,-0.6223833508606117,-0.37926241589727433,0.14241229539730016,-0.6143252338289233,-0.48552498885819667,-0.35606318852700297,-0.4916463924532398,-0.2752919996152001,-0.2501326687269891,-0.5267996831835206,1.744406267022317,0.6125530498969479,0.612553049896948,1.744406267022317,0.6125530498969481,0.6125530498969483
Concordia Lutheran College,Yes,232,216,106,16,34,534,172,6900,3800,450,1825,67.0,76,12.1,9,6875,42,-1.9525967126095087,-1.833775080412634,-1.7338397199178663,-0.5868962977653778,-1.4690134945250166,-0.4098129665865338,-0.8634737863926079,-0.6143252338289236,0.8709685286894783,-0.4822397840169151,-0.42352364534226566,-0.4612920948206636,-1.18236541463741,-0.5605398077323166,0.9310344827586207,Low,0,1,-1.0987972149572356,0.6125530498969481,-1.9525967126095092,-1.833775080412634,-1.7338397199178672,-0.5868962977653782,-1.4690134945250162,-0.4098129665865339,-0.8634737863926085,-0.6143252338289233,0.8709685286894773,-0.4822397840169155,-0.4235236453422658,-0.46129209482066397,-1.1823654146374105,-0.5605398077322975,1.5607719497879269,0.6125530498969479,0.612553049896948,1.5607719497879269,0.6125530498969481,0.6125530498969483
Concordia University CA,Yes,688,497,144,30,75,641,101,10800,4440,570,1515,55.0,60,13.1,13,8415,55,-0.8240340768357803,-0.9086601612572999,-1.3331652754515455,0.3771313679720627,-1.2275802156369664,-0.7202810335864781,0.21523255159059804,0.25716645871250754,0.47747372409382716,-1.161423662356272,-1.3455990913496088,-0.19682982022428813,-0.7285459060471434,-0.0004742471983236254,0.7223837209302325,Medium,1,1,0.3581403891754813,0.6125530498969481,-0.8240340768357807,-0.9086601612572998,-1.3331652754515464,0.3771313679720623,-1.227580215636966,-0.7202810335864782,0.21523255159059732,0.25716645871250793,0.47747372409382616,-1.1614236623562724,-1.3455990913496088,-0.19682982022428855,-0.7285459060471439,-0.0004742471983045541,-0.3632650001025803,0.6125530498969479,0.612553049896948,-0.3632650001025808,0.6125530498969481,0.6125530498969483
Concordia University,Yes,528,403,186,22,56,1168,145,9216,4191,400,1000,56.0,64,12.1,13,7309,75,-1.0908454432688675,-1.1365489156921478,-1.0121484588041525,-0.1160987382636973,-0.4987859895391439,-0.5110684792553097,-0.18573054054121096,-1.0388011424180428,-0.3813083118461038,-1.1099187310292482,-1.1475366140165175,-0.4612920948206636,-0.7285459060471434,-0.3843934813938675,0.7632575757575758,Medium,1,1,0.3581403891754813,0.6125530498969481,-1.090845443268868,-1.1365489156921478,-1.0121484588041534,-0.1160987382636977,-0.49878598953914344,-0.5110684792553098,-0.18573054054121169,-1.0388011424180428,-0.3813083118461048,-1.1099187310292487,-1.1475366140165175,-0.46129209482066397,-0.7285459060471439,-0.3843934813938484,-0.056655887688783595,0.6125530498969479,0.612553049896948,-0.056655887688784046,0.6125530498969481,0.6125530498969483
Connecticut College,Yes,3035,1546,438,42,93,1630,232,18740,6300,600,500,75.0,95,10.7,40,14773,91,0.5806824186593551,0.26946438468259665,-0.024007291919595865,0.9521981331052524,-0.13340254758746053,-0.22853411069616925,1.7909869916643268,0.4497726389260374,-1.756532921293452,0.0447497870211825,1.1638582779526243,-0.8466922550814785,1.3055390172857926,1.2711125948902542,0.5093904448105436,High,2,1,1.8150779933081982,0.6125530498969481,0.5806824186593548,0.2694643846825967,-0.024007291919596545,0.9521981331052519,-0.1334025475874601,-0.22853411069616933,1.7909869916643262,0.4497726389260378,-1.756532921293453,0.04474978702118213,1.1638582779526243,-0.8466922550814789,1.3055390172857921,1.2711125948902733,-1.5339293963954874,0.6125530498969479,0.612553049896948,-1.5339293963954883,0.6125530498969481,0.6125530498969483
Converse College,Yes,440,407,149,35,70,643,80,12050,3700,500,900,63.0,76,10.2,31,10965,75,-1.2775944486362185,-1.1257402424964587,-1.2896397903204486,0.635335268105144,-1.2235446736365752,-0.8513969218978396,0.5051136101334333,-0.22914901677242944,-0.5949489827396871,-0.7234609819608288,-0.42352364534226566,-0.989119355802782,0.7420738947418721,0.6459856217842067,0.925,Medium,1,1,0.3581403891754813,0.6125530498969481,-1.277594448636219,-1.1257402424964587,-1.2896397903204495,0.6353352681051435,-1.2235446736365747,-0.8513969218978397,0.5051136101334326,-0.22914901677242913,-0.5949489827396881,-0.7234609819608291,-0.4235236453422658,-0.9891193558027824,0.7420738947418717,0.6459856217842258,1.4913356387939267,0.6125530498969479,0.612553049896948,1.4913356387939265,0.6125530498969481,0.6125530498969483
Cornell College,Yes,1538,1329,383,33,68,1140,10,15248,4323,550,800,71.0,76,12.2,31,10340,64,-0.043814693887275095,0.11774989745036865,-0.1704014491150514,0.5357381533712033,-0.5264423330796446,-1.8846697516380733,1.1662521787245654,0.12378880488361321,-0.8318078970334455,-0.22617376518526458,-0.42352364534226566,-0.43446218134192693,0.7420738947418721,0.5105488411244621,0.864109232769831,High,2,1,1.8150779933081982,0.6125530498969481,-0.04381469388727544,0.11774989745036872,-0.1704014491150521,0.5357381533712029,-0.5264423330796442,-1.8846697516380733,1.1662521787245648,0.12378880488361355,-0.8318078970334465,-0.22617376518526494,-0.4235236453422658,-0.4344621813419273,0.7420738947418717,0.5105488411244812,0.8404341730951685,0.6125530498969479,0.612553049896948,0.8404341730951683,0.6125530498969481,0.6125530498969483
Creighton University,Yes,2967,2836,876,30,60,3450,644,10628,4372,650,2055,85.0,90,6.5,32,22906,85,0.5603606699244825,0.8622301699766639,0.6857493504052553,0.3771313679720627,0.5973063264837708,0.4276182044120829,0.17364729181587324,0.7528645357434074,1.1246910339530192,0.7871378673668015,0.6900649668386472,-2.144198094957098,0.808539510579746,2.0252706808677288,0.9558476575665655,Medium,1,1,0.3581403891754813,0.6125530498969481,0.5603606699244822,0.862230169976664,0.6857493504052548,0.3771313679720623,0.5973063264837712,0.42761820441208287,0.17364729181587252,0.7528645357434078,1.124691033953018,0.7871378673668011,0.690064966838647,-2.1441980949570985,0.8085395105797456,2.025270680867748,1.8561226384135294,0.6125530498969479,0.612553049896948,1.8561226384135294,0.6125530498969481,0.6125530498969483
Culver-Stockton College,Yes,1576,1110,274,24,55,992,112,8000,3700,400,500,51.0,52,14.1,28,5807,51,-0.020849268628343895,-0.06497108971063867,-0.5492033907451567,0.018775285270126344,-0.6878017777823088,-0.6611920707767052,-0.5254933800984002,-1.0388011424180428,-1.756532921293452,-1.358194779853355,-1.6818585158460908,0.05964138157856781,0.5357515534995189,-1.0777667393581154,0.7043147208121827,Low,0,1,-1.0987972149572356,0.6125530498969481,-0.020849268628344242,-0.0649710897106386,-0.5492033907451574,0.018775285270125945,-0.6878017777823083,-0.6611920707767053,-0.5254933800984009,-1.0388011424180428,-1.756532921293453,-1.3581947798533553,-1.6818585158460908,0.059641381578567396,0.5357515534995184,-1.0777667393580963,-0.4893207420033595,0.6125530498969479,0.612553049896948,-0.48932074200336007,0.6125530498969481,0.6125530498969483
Cumberland College,Yes,995,789,398,26,47,1306,122,6230,3526,400,600,42.0,44,13.0,4,8189,63,-0.4605297868324213,-0.41767885825644024,-0.12817954144447471,0.14524475095617614,-0.37337497544083403,-0.6118733759809669,-1.08705120158425,-1.0388011424180428,-1.4016694654541817,-1.7468982196620897,-1.9441785574545383,-0.2229029900664657,-1.9198799308640517,-0.0723798345962104,0.792964824120603,Low,0,1,-1.0987972149572356,0.6125530498969481,-0.46052978683242163,-0.4176788582564402,-0.1281795414444754,0.14524475095617576,-0.3733749754408336,-0.611873375980967,-1.0870512015842506,-1.0388011424180428,-1.4016694654541828,-1.7468982196620901,-1.9441785574545383,-0.2229029900664661,-1.9198799308640522,-0.07237983459619134,0.1859188011296665,0.6125530498969479,0.612553049896948,0.18591880112966608,0.6125530498969481,0.6125530498969483
D'Youville College,Yes,866,619,157,18,47,1074,336,8920,4310,680,1320,68.0,68,14.6,42,6898,46,-0.5961981020926285,-0.6735202566025005,-1.2233767439261074,-0.41691464264756517,-0.5950436393587655,0.0026826745341645736,-0.2655866580094734,0.9250882537516802,0.18970517544918392,-0.4196154901574144,-0.9283850943804479,0.18511882893705714,1.4214971999277994,-0.5507777326183669,0.7147806004618937,Medium,1,1,0.3581403891754813,0.6125530498969481,-0.5961981020926288,-0.6735202566025004,-1.2233767439261083,-0.41691464264756556,-0.595043639358765,0.0026826745341645003,-0.2655866580094741,0.9250882537516807,0.18970517544918292,-0.4196154901574148,-0.928385094380448,0.18511882893705672,1.421497199927799,-0.5507777326183478,-0.4169944717311224,0.6125530498969479,0.612553049896948,-0.416994471731123,0.6125530498969481,0.6125530498969483
Dana College,Yes,504,482,185,10,36,550,84,9130,3322,450,1450,46.0,51,12.6,25,8686,54,-1.1382640332597602,-0.9417690187887545,-1.018784020524878,-1.2174962818199055,-1.4293331384959658,-0.8241950322107534,-0.20875614417653496,-0.6143252338289236,0.38556868420312496,-1.5833689090580605,-1.7185442855730702,-0.3280101887390996,0.31770887154146105,0.08191806425074992,0.9563492063492064,Medium,1,1,0.3581403891754813,0.6125530498969481,-1.1382640332597607,-0.9417690187887544,-1.0187840205248788,-1.217496281819906,-1.4293331384959653,-0.8241950322107535,-0.20875614417653568,-0.6143252338289233,0.38556868420312396,-1.583368909058061,-1.7185442855730702,-0.3280101887391,0.31770887154146066,0.08191806425076899,1.8622585793091087,0.6125530498969479,0.612553049896948,1.8622585793091087,0.6125530498969481,0.6125530498969483
Daniel Webster College,Yes,585,508,153,12,30,460,536,12292,4934,500,500,61.0,61,22.2,10,8643,72,-0.9869063733025984,-0.8850517312660802,-1.256010542020776,-0.9818731086748947,-1.6734483935589486,0.30525460524019743,0.5589220183783782,-0.22914901677242944,-1.756532921293452,-0.8385089510035679,-1.2980146652677276,1.9156974608106905,-1.060970526681064,0.06911114231216721,0.8683760683760684,Medium,1,1,0.3581403891754813,0.6125530498969481,-0.9869063733025988,-0.88505173126608,-1.256010542020777,-0.9818731086748952,-1.6734483935589481,0.3052546052401974,0.5589220183783775,-0.22914901677242913,-1.756532921293453,-0.8385089510035683,-1.2980146652677276,1.91569746081069,-1.0609705266810645,0.06911114231218628,0.883199471854939,0.6125530498969479,0.612553049896948,0.8831994718549387,0.6125530498969481,0.6125530498969483
Dartmouth College,Yes,8587,2273,1087,87,99,3918,32,19545,6070,550,1100,75.0,99,4.7,49,29619,98,1.4779205741620984,0.6489334079637157,0.8916061291772894,2.347890916902214,0.7097872182365809,-1.3380783400810938,1.9239249660385538,0.12378880488361321,-0.18660316336359328,0.0447497870211825,1.5733239615731247,-2.7960007265852433,1.806191872967965,2.390653742542406,0.2647024572027483,High,2,1,1.8150779933081982,0.6125530498969481,1.477920574162098,0.6489334079637158,0.8916061291772889,2.3478909169022137,0.7097872182365813,-1.3380783400810938,1.9239249660385531,0.12378880488361355,-0.18660316336359428,0.04474978702118213,1.5733239615731247,-2.796000726585244,1.8061918729679645,2.3906537425424252,-2.2433176419030416,0.6125530498969479,0.612553049896948,-2.2433176419030425,0.6125530498969481,0.6125530498969483
Davidson College,Yes,2373,956,452,77,96,1601,6,17295,5070,600,1011,95.0,97,12.0,46,17581,94,0.35819962839017205,-0.21827304189624153,0.009883678419619842,2.0987984434404905,-0.15241110045238884,-2.094995825938468,1.5426197577893466,0.4497726389260374,-0.3590294059118241,1.6226316210808194,1.3651568927969056,-0.4882106691982931,1.6450848531462385,1.5919545998040217,0.4028655710071639,High,2,1,1.8150779933081982,0.6125530498969481,0.3581996283901717,-0.21827304189624144,0.009883678419619167,2.09879844344049,-0.1524111004523884,-2.094995825938468,1.542619757789346,0.4497726389260378,-0.3590294059118251,1.622631621080819,1.3651568927969056,-0.4882106691982935,1.645084853146238,1.5919545998040407,-1.9079262079677164,0.6125530498969479,0.612553049896948,-1.9079262079677173,0.6125530498969481,0.6125530498969483
Defiance College,Yes,571,461,174,10,26,645,283,10850,3670,400,1159,58.0,60,12.8,19,7505,56,-1.0113963906850023,-0.9900186637812021,-1.094617820713872,-1.2174962818199055,-1.2195243892935415,-0.10543322446984545,0.22723958198900848,-1.0388011424180428,-0.07928420786156547,-1.004132554468048,-1.3455990913496088,-0.27529199961519973,-0.16286735762255852,-0.31003768671232024,0.8073555166374781,Medium,1,1,0.3581403891754813,0.6125530498969481,-1.0113963906850028,-0.990018663781202,-1.0946178207138728,-1.217496281819906,-1.219524389293541,-0.10543322446984552,0.22723958198900776,-1.0388011424180428,-0.07928420786156647,-1.0041325544680484,-1.3455990913496088,-0.2752919996152001,-0.1628673576225589,-0.31003768671230114,0.3097136550180337,0.6125530498969479,0.612553049896948,0.30971365501803333,0.6125530498969481,0.6125530498969483
Delta State University,No,967,945,459,15,48,2806,538,4528,1880,500,1200,49.0,63,17.1,16,5113,58,-0.48830687780574444,-0.2302180653543997,0.026377881084431832,-0.6779904542213022,0.40778759555255567,0.30771780007236427,-1.737095587531402,-0.22914901677242944,-0.007646689375954711,-1.4510347803272612,-1.1989966331316235,0.7880549588848036,-0.4323290036172367,-1.50023240264674,0.9772492244053774,Low,0,0,-1.0987972149572356,-1.6325116659989423,-0.4883068778057448,-0.23021806535439962,0.02637788108443116,-0.6779904542213027,0.4077875955525561,0.3077178000723642,-1.7370955875314027,-0.22914901677242913,-0.007646689375955717,-1.4510347803272616,-1.1989966331316235,0.7880549588848031,-0.4323290036172371,-1.5002324026467209,2.12394890975691,-1.6325116659989425,-1.6325116659989423,2.12394890975691,-1.6325116659989423,-1.6325116659989423
Denison University,Yes,2762,2279,533,32,60,1835,14,16900,4720,500,600,88.0,97,11.6,45,12423,81,0.4959301855353322,0.6514938262051786,0.1847795911178351,0.48416411722208674,-0.009819491794522345,-1.7355464046263582,1.4723673184761457,-0.22914901677242944,-1.4016694654541817,1.0280025774963892,1.3651568927969056,-0.5967914238632761,1.590170069482996,0.9201370057773074,0.8251267197682839,High,2,1,1.8150779933081982,0.6125530498969481,0.49593018553533186,0.6514938262051787,0.18477959111783446,0.48416411722208635,-0.009819491794521887,-1.7355464046263582,1.472367318476145,-0.22914901677242913,-1.4016694654541828,1.0280025774963888,1.3651568927969056,-0.5967914238632765,1.5901700694829957,0.9201370057773265,0.4684661238353537,0.6125530498969479,0.612553049896948,0.46846612383535335,0.6125530498969481,0.6125530498969483
DePauw University,Yes,1994,1656,495,50,80,1983,36,14300,5020,550,950,78.0,94,11.1,31,11525,82,0.19842026068538254,0.3378855790554163,0.10685337873907799,1.2670949932019226,0.06937823739361963,-1.2781344624160644,0.9806349720166141,0.12378880488361321,-0.48552498885819567,0.2576999703306144,1.0657563528339236,-0.7346353504225267,0.7420738947418721,0.7575994759522123,0.8304914744232698,Medium,1,1,0.3581403891754813,0.6125530498969481,0.19842026068538218,0.33788557905541633,0.10685337873907733,1.2670949932019222,0.06937823739362009,-1.2781344624160644,0.9806349720166134,0.12378880488361355,-0.48552498885819667,0.25769997033061404,1.0657563528339236,-0.7346353504225271,0.7420738947418717,0.7575994759522314,0.5176952191578025,0.6125530498969479,0.612553049896948,0.5176952191578021,0.6125530498969481,0.6125530498969483
Dickinson College,Yes,3014,2539,487,31,68,1889,62,18700,5000,595,1250,87.0,94,11.2,39,13861,87,0.57445917674837,0.7560165263758655,0.08956692176778146,0.4313193649006998,0.01995125000247637,-0.991411497696945,1.78428434345718,0.4182636720578147,0.07671009872843897,0.9467830013589739,1.0657563528339236,-0.706872473805698,1.2464286838639715,1.145841602250527,0.8424021234240212,High,2,1,1.8150779933081982,0.6125530498969481,0.5744591767483697,0.7560165263758656,0.08956692176778079,0.4313193649006994,0.019951250002476828,-0.9914114976969451,1.7842843434571793,0.41826367205781506,0.07671009872843797,0.9467830013589735,1.0657563528339236,-0.7068724738056984,1.246428683863971,1.145841602250546,0.6292007440696377,0.6125530498969479,0.612553049896948,0.6292007440696373,0.6125530498969481,0.6125530498969483
Dickinson State University,No,434,412,319,10,30,1376,237,4486,2146,600,2000,50.0,64,16.5,28,4525,46,-1.2917567299034791,-1.1123878111794694,-0.3748018387464146,-1.2174962818199055,-0.3157847223309707,-0.21542926446429086,-1.7550305672205466,0.4497726389260374,1.0665053144911143,-1.4050766892516116,-1.1475366140165175,0.646816259628484,0.5357515534995189,-1.9341052595361825,0.9493087557603687,Low,0,0,-1.0987972149572356,-1.6325116659989423,-1.2917567299034796,-1.1123878111794694,-0.3748018387464153,-1.217496281819906,-0.31578472233097027,-0.21542926446429095,-1.7550305672205473,0.4497726389260378,1.0665053144911132,-1.405076689251612,-1.1475366140165175,0.6468162596284835,0.5357515534995184,-1.9341052595361634,1.776733868658988,-1.6325116659989425,-1.6325116659989423,1.776733868658988,-1.6325116659989423,-1.6325116659989423
Dillard University,Yes,1998,1376,651,41,88,1539,45,6700,3650,500,2307,52.0,52,14.1,12,7566,61,0.2002719627352822,0.15275346092258402,0.39107554197154487,0.9095959481215096,-0.19449610189037927,-1.1624212344588023,-0.9286607752688268,-0.22914901677242944,1.3740947041046971,-1.3103887835738515,-1.6818585158460908,0.05964138157856781,-0.8347120348951067,-0.28750448737277,0.6886886886886887,Low,0,1,-1.0987972149572356,0.6125530498969481,0.20027196273528183,0.1527534609225841,0.39107554197154426,0.9095959481215091,-0.19449610189037883,-1.1624212344588023,-0.9286607752688275,-0.22914901677242913,1.374094704104696,-1.310388783573852,-1.6818585158460908,0.059641381578567396,-0.8347120348951071,-0.2875044873727509,-0.5938591859184713,0.6125530498969479,0.612553049896948,-0.5938591859184719,0.6125530498969481,0.6125530498969483
Doane College,Yes,793,709,244,20,47,1022,411,9570,3000,400,1000,67.0,72,15.1,42,6852,60,-0.6829472730427973,-0.5298698952834388,-0.6849422329510908,-0.26074560260699386,-0.6528165515616579,0.13169293670485624,-0.09240936984476261,-1.0388011424180428,-0.3813083118461038,-0.4822397840169151,-0.6873174824544503,0.3088698067143141,1.4214971999277994,-0.5703523824747924,0.8940731399747793,Medium,1,1,0.3581403891754813,0.6125530498969481,-0.6829472730427977,-0.5298698952834386,-0.6849422329510916,-0.26074560260699425,-0.6528165515616574,0.13169293670485616,-0.09240936984476333,-1.0388011424180428,-0.3813083118461048,-0.4822397840169155,-0.6873174824544505,0.3088698067143137,1.421497199927799,-0.5703523824747733,1.1496622141335933,0.6125530498969479,0.612553049896948,1.149662214133593,0.6125530498969481,0.6125530498969483
Dominican College of Blauvelt,Yes,360,329,108,4,19,756,863,8310,5500,600,1800,43.0,43,12.7,5,5480,54,-1.4859617593071492,-1.3601764852479024,-1.7088743381846982,-2.23068678014793,-1.0175490015943498,0.6268417276988105,-0.43582022515578006,0.4497726389260374,0.8416278943466902,-1.7073988689584914,-1.9721337198740063,-0.3016095177954872,-1.7484034784636024,-1.2665351432209924,0.9138888888888889,Low,0,1,-1.0987972149572356,0.6125530498969481,-1.4859617593071497,-1.3601764852479024,-1.7088743381846991,-2.2306867801479306,-1.0175490015943494,0.6268417276988104,-0.4358202251557808,0.4497726389260378,0.8416278943466892,-1.7073988689584918,-1.9721337198740063,-0.3016095177954876,-1.748403478463603,-1.2665351432209733,1.3658757816543696,0.6125530498969479,0.612553049896948,1.3658757816543694,0.6125530498969481,0.6125530498969483
Dordt College,Yes,604,562,328,25,50,1048,56,9800,2650,450,2800,61.0,60,12.5,17,7325,87,-0.9546563840042482,-0.7765644090041405,-0.3433285130579277,0.08298682799864276,-0.6234934150903982,-1.046334992329698,-0.032986509722997624,-0.6143252338289236,1.7964604402581954,-0.8385089510035679,-1.3455990913496088,-0.3544948895129964,-0.3398815888114029,-0.37820879081262593,0.9304635761589404,Medium,1,1,0.3581403891754813,0.6125530498969481,-0.9546563840042486,-0.7765644090041404,-0.34332851305792844,0.08298682799864236,-0.6234934150903978,-1.046334992329698,-0.03298650972299834,-0.6143252338289233,1.7964604402581943,-0.8385089510035683,-1.3455990913496088,-0.3544948895129968,-0.3398815888114033,-0.37820879081260683,1.5541632469968014,0.6125530498969479,0.612553049896948,1.5541632469968014,0.6125530498969481,0.6125530498969483
Dowling College,Yes,1011,829,410,9,33,1059,2458,9000,3100,450,1413,77.0,78,12.4,7,11178,42,-0.44503110267018814,-0.3660618746179011,-0.09570284566195976,-1.348494791392716,-0.6113531438650709,1.3820636129985415,-0.2438343441522976,-0.6143252338289236,0.3315346645531858,0.18578692338884797,-0.2828555413330692,-0.38106451301120514,-1.4463049754933548,0.6894542202878302,0.8199802176063303,Medium,1,1,0.3581403891754813,0.6125530498969481,-0.44503110267018847,-0.366061874617901,-0.09570284566196045,-1.3484947913927166,-0.6113531438650704,1.3820636129985415,-0.24383434415229832,-0.6143252338289233,0.3315346645531848,0.1857869233888476,-0.28285554133306934,-0.38106451301120553,-1.4463049754933552,0.6894542202878493,0.4218128496029141,0.6125530498969479,0.612553049896948,0.42181284960291376,0.6125530498969481,0.6125530498969483
Drake University,Yes,2799,2573,839,34,65,3322,726,13420,4770,560,1675,88.0,93,15.0,24,9473,77,0.5079310817998853,0.7688319277225818,0.6437497449532439,0.5861080901616065,0.5632662587426385,0.508575704131079,0.8009499466591777,0.19099699186252314,0.6890119935231996,1.0280025774963892,0.9693375120855497,0.28425398250735084,0.24207061628816592,0.3002638156340811,0.9192568774562344,Medium,1,1,0.3581403891754813,0.6125530498969481,0.507931081799885,0.7688319277225819,0.6437497449532433,0.586108090161606,0.5632662587426389,0.5085757041310789,0.8009499466591771,0.1909969918625235,0.6890119935231986,1.0280025774963888,0.9693375120855496,0.28425398250735046,0.24207061628816554,0.3002638156341002,1.4261034265680081,0.6125530498969479,0.612553049896948,1.426103426568008,0.6125530498969481,0.6125530498969483
Drew University,Yes,2153,1580,321,56,84,1192,87,18432,5616,520,660,93.0,97,10.2,28,14907,83,0.2691156234327732,0.2911547226037361,-0.3677200251077373,1.4781382686650963,-0.47571601129219354,-0.8045511497727116,1.7391318055724219,-0.08443383701929318,-1.2142253354544872,1.448076800235107,1.3651568927969056,-0.989119355802782,0.5357515534995189,1.2885164088262842,0.7338597306084533,High,2,1,1.8150779933081982,0.6125530498969481,0.26911562343277284,0.29115472260373615,-0.36772002510773805,1.478138268665096,-0.4757160112921931,-0.8045511497727117,1.7391318055724212,-0.08443383701929287,-1.2142253354544883,1.4480768002351065,1.3651568927969056,-0.9891193558027824,0.5357515534995184,1.2885164088263033,-0.28023981875630105,0.6125530498969479,0.612553049896948,-0.28023981875630155,0.6125530498969481,0.6125530498969483
Drury College,Yes,700,650,314,33,66,1065,48,8730,3523,500,750,82.0,92,13.2,35,9303,67,-0.8067804716818173,-0.6216547550524916,-0.3927326942363875,0.5357381533712033,-0.6047957634061191,-1.1284366247614759,-0.3177671365906919,-0.22914901677242944,-0.960715953306189,0.5546527948873138,0.8745903245365926,-0.17083644547256602,1.0017342937327451,0.25552059161292134,0.9285714285714286,Low,0,1,-1.0987972149572356,0.6125530498969481,-0.8067804716818177,-0.6216547550524915,-0.39273269423638824,0.5357381533712029,-0.6047957634061186,-1.1284366247614759,-0.3177671365906926,-0.22914901677242913,-0.96071595330619,0.5546527948873134,0.8745903245365925,-0.17083644547256643,1.0017342937327447,0.25552059161294044,1.532319276694247,0.6125530498969479,0.612553049896948,1.532319276694247,0.6125530498969481,0.6125530498969483
Duke University,Yes,13789,3893,1583,90,98,6188,53,18590,5950,625,1162,95.0,96,5.0,44,27206,97,1.8643189883938243,1.161872043635631,1.2340674367639395,2.418171377619397,1.0889628387777952,-1.0758100290848978,1.7658033575669594,0.6039633454237165,-0.07396349551556233,1.6226316210808194,1.263654675854437,-2.6817664408162774,1.5346153654579844,2.2754366518217943,0.2823264921314091,High,2,1,1.8150779933081982,0.6125530498969481,1.8643189883938238,1.161872043635631,1.234067436763939,2.4181713776193967,1.0889628387777956,-1.0758100290848978,1.7658033575669587,0.603963345423717,-0.07396349551556333,1.622631621080819,1.263654675854437,-2.681766440816278,1.534615365457984,2.2754366518218134,-2.2083621835306504,0.6125530498969479,0.612553049896948,-2.2083621835306513,0.6125530498969481,0.6125530498969483
Earlham College,Yes,1358,1006,274,35,63,1028,13,15036,4056,600,600,90.0,94,10.6,46,14634,78,-0.16157059933712709,-0.1657686411994799,-0.5492033907451567,0.635335268105144,-0.6459696022038188,-1.7690627124630565,1.125415668387444,0.4497726389260374,-1.4016694654541817,1.1932365358027166,1.0657563528339236,-0.8749639552550215,1.6450848531462385,1.2528002066806478,0.7407952871870398,Medium,1,1,0.3581403891754813,0.6125530498969481,-0.16157059933712745,-0.16576864119947982,-0.5492033907451574,0.6353352681051435,-0.6459696022038184,-1.7690627124630565,1.1254156683874432,0.4497726389260378,-1.4016694654541828,1.1932365358027162,1.0657563528339236,-0.8749639552550219,1.645084853146238,1.252800206680667,-0.22892112887308125,0.6125530498969479,0.612553049896948,-0.22892112887308175,0.6125530498969481,0.6125530498969483
East Carolina University,No,9274,6362,2435,14,44,13171,1687,7248,3240,500,1700,74.0,78,13.2,18,9002,58,1.541631853443441,1.6134903553126603,1.6024964373503132,-0.7737777547234982,1.637985230386358,1.102576574605228,-0.752946236013149,-0.22914901677242944,0.7203603688354095,-0.024374663811267006,-0.2828555413330692,-0.17083644547256602,-0.2501326687269887,0.1731227783941818,0.6860038818201424,Low,0,0,-1.0987972149572356,-1.6325116659989423,1.5416318534434406,1.6134903553126603,1.6024964373503128,-0.7737777547234986,1.6379852303863585,1.102576574605228,-0.7529462360131497,-0.22914901677242913,0.7203603688354085,-0.02437466381126737,-0.28285554133306934,-0.17083644547256643,-0.2501326687269891,0.17312277839420087,-0.6114123942233533,-1.6325116659989425,-1.6325116659989423,-0.6114123942233538,-1.6325116659989423,-1.6325116659989423
East Tennessee State University,No,3330,2730,1303,15,36,6706,2640,5800,3000,600,2200,73.0,75,14.0,9,9825,42,0.663519880158363,0.8257487665624387,1.0592342549012304,-0.6779904542213022,1.1518133299750521,1.436135991895408,-1.2389936215624453,0.4497726389260374,1.271441718087908,-0.09256994792772753,-0.4916463924532397,0.03433157324728856,-1.18236541463741,0.38908649387702116,0.8198198198198198,Low,0,0,-1.0987972149572356,-1.6325116659989423,0.6635198801583627,0.8257487665624388,1.05923425490123,-0.6779904542213027,1.1518133299750526,1.436135991895408,-1.238993621562446,0.4497726389260378,1.271441718087907,-0.0925699479277279,-0.4916463924532398,0.034331573247288145,-1.1823654146374105,0.38908649387704025,0.4203677966639084,-1.6325116659989425,-1.6325116659989423,0.42036779666390806,-1.6325116659989423,-1.6325116659989423
East Texas Baptist University,Yes,379,341,265,10,36,1050,151,4950,2780,530,1500,75.0,62,15.7,7,5619,38,-1.4322738302728557,-1.3204652907194627,-0.5880529875005208,-1.2174962818199055,-0.6212745753839034,-0.4871693496281269,-1.5626743796756422,-0.013888070295108445,0.4565936404384389,0.0447497870211825,-1.2491515938109201,0.4551990742383173,-1.4463049754933548,-1.1842251102445058,0.899736147757256,Low,0,1,-1.0987972149572356,0.6125530498969481,-1.4322738302728562,-1.3204652907194627,-0.5880529875005216,-1.217496281819906,-0.621274575383903,-0.48716934962812697,-1.5626743796756428,-0.013888070295108126,0.4565936404384379,0.04474978702118213,-1.2491515938109201,0.4551990742383169,-1.4463049754933552,-1.1842251102444867,1.2104811738105414,0.6125530498969479,0.612553049896948,1.2104811738105412,0.6125530498969481,0.6125530498969483
Eastern College,Yes,458,369,165,16,42,1057,355,11190,4800,450,1230,60.0,60,13.6,22,8135,54,-1.236317470786107,-1.233327105823193,-1.1608853231749643,-0.5868962977653778,-0.6135490046731843,0.03767613122981197,0.3079387414239821,-0.6143252338289236,0.04334901104871166,-0.8946430399991983,-1.3455990913496088,-0.06764502846155519,0.08579840488433134,-0.09001544059978624,0.8056768558951966,Medium,1,1,0.3581403891754813,0.6125530498969481,-1.2363174707861075,-1.233327105823193,-1.1608853231749652,-0.5868962977653782,-0.6135490046731839,0.03767613122981189,0.30793874142398137,-0.6143252338289233,0.04334901104871065,-0.8946430399991986,-1.3455990913496088,-0.06764502846155561,0.08579840488433095,-0.09001544059976717,0.2950562273638678,0.6125530498969479,0.612553049896948,0.2950562273638674,0.6125530498969481,0.6125530498969483
Eastern Connecticut State University,No,2172,1493,564,14,50,2766,1531,5962,4316,650,500,71.0,76,16.9,14,5719,50,0.27718659317300554,0.2346141507513531,0.2437437668695879,-0.7737777547234982,0.3942959488780997,1.0319890024663554,-1.1809081765765606,0.7528645357434074,-1.756532921293452,-0.22617376518526458,-0.42352364534226566,0.7412034085943565,-0.6263490551654358,-1.1269262832450644,0.6873848987108656,Low,0,0,-1.0987972149572356,-1.6325116659989423,0.2771865931730052,0.2346141507513532,0.24374376686958726,-0.7737777547234986,0.39429594887810016,1.0319890024663554,-1.1809081765765612,0.7528645357434078,-1.756532921293453,-0.22617376518526494,-0.4235236453422658,0.7412034085943561,-0.6263490551654363,-1.1269262832450453,-0.6023981255636833,-1.6325116659989425,-1.6325116659989423,-0.6023981255636839,-1.6325116659989423,-1.6325116659989423
Eastern Illinois University,No,5597,4253,1565,12,38,9161,845,5710,3066,120,1730,62.0,71,16.2,5,5682,76,1.1169540057629346,1.244348918662271,1.2239418671887121,-0.9818731086748947,1.3854629938660417,0.6123256874995026,-1.27172493506504,-5.02584738446981,0.7574196321852205,-0.7814483389667398,-0.7496836000340958,0.5754126153059119,-1.7484034784636024,-1.147945520364639,0.7598713596569591,Low,0,0,-1.0987972149572356,-1.6325116659989423,1.1169540057629341,1.244348918662271,1.2239418671887117,-0.9818731086748952,1.385462993866042,0.6123256874995024,-1.2717249350650406,-5.025847384469811,0.7574196321852195,-0.7814483389667402,-0.749683600034096,0.5754126153059115,-1.748403478463603,-1.1479455203646198,-0.08322731589340665,-1.6325116659989425,-1.6325116659989423,-0.0832273158934071,-1.6325116659989423,-1.6325116659989423
Eastern Mennonite College,Yes,486,440,227,19,48,903,59,9650,3800,600,1300,46.0,65,11.4,29,10188,82,-1.175444273934768,-1.0406752066568812,-0.7706952927942133,-0.337261774390416,-0.79968654055699,-1.0182453877912883,-0.07163518577441223,0.4497726389260374,0.1579982604829097,-1.5833689090580605,-1.0947584403093151,-0.6516401064957508,0.605737985971725,0.47568642549325985,0.9053497942386831,Medium,1,1,0.3581403891754813,0.6125530498969481,-1.1754442739347684,-1.0406752066568812,-0.7706952927942141,-0.3372617743904164,-0.7996865405569895,-1.0182453877912883,-0.07163518577441295,0.4497726389260378,0.15799826048290871,-1.583368909058061,-1.0947584403093151,-0.6516401064957512,0.6057379859717246,0.47568642549327894,1.2715334101818019,0.6125530498969479,0.612553049896948,1.2715334101818017,0.6125530498969481,0.6125530498969483
Eastern Nazarene College,Yes,516,409,200,17,40,1238,30,8770,3500,450,700,58.0,58,17.3,17,6430,70,-1.1142592782588188,-1.1203783621315329,-0.9233439972829369,-0.5000085327852752,-0.43304106082152893,-1.3705870945384853,-0.3067202271521691,-0.6143252338289236,-1.0978374622751548,-1.004132554468048,-1.436985365837391,0.8346833000310062,-0.3398815888114029,-0.7599037767913264,0.7926356589147286,Low,0,1,-1.0987972149572356,0.6125530498969481,-1.1142592782588192,-1.1203783621315329,-0.9233439972829377,-0.5000085327852757,-0.4330410608215285,-1.3705870945384853,-0.30672022715216984,-0.6143252338289233,-1.0978374622751559,-1.0041325544680484,-1.436985365837391,0.8346833000310058,-0.3398815888114033,-0.7599037767913073,0.1831360417884223,0.6125530498969479,0.612553049896948,0.18313604178842188,0.6125530498969481,0.6125530498969483
Eckerd College,Yes,1422,1109,366,33,65,1363,23,15360,4080,600,1000,82.0,89,12.8,26,15003,59,-0.11787865042173203,-0.0658914444107493,-0.22062206401116932,0.5357381533712033,-0.32620630048978155,-1.501860118632481,1.1876757382219392,0.4497726389260374,-0.3813083118461038,0.5546527948873138,0.6002637149158834,-0.27529199961519973,0.3918121831278882,1.3008371551822786,0.779887482419128,High,2,1,1.8150779933081982,0.6125530498969481,-0.11787865042173237,-0.06589144441074923,-0.22062206401117002,0.5357381533712029,-0.3262063004897811,-1.501860118632481,1.1876757382219385,0.4497726389260378,-0.3813083118461048,0.5546527948873134,0.6002637149158833,-0.2752919996152001,0.3918121831278878,1.3008371551822977,0.07701662726962874,0.6125530498969479,0.612553049896948,0.07701662726962832,0.6125530498969481,0.6125530498969483
Elizabethtown College,Yes,2417,1843,426,36,70,1476,299,14190,4400,500,750,65.0,68,12.8,25,9815,81,0.37495053673064294,0.4437375512922292,-0.05406712643445857,0.683476302864234,-0.2394316685870866,-0.07097514722219393,0.9585790003987358,-0.22914901677242944,-0.960715953306189,-0.6047051624414783,-0.9283850943804479,-0.27529199961519973,0.31770887154146105,0.3866311074545205,0.7625155151013653,Medium,1,1,0.3581403891754813,0.6125530498969481,0.3749505367306426,0.44373755129222925,-0.05406712643445926,0.6834763028642336,-0.23943166858708614,-0.070975147222194,0.9585790003987351,-0.22914901677242913,-0.96071595330619,-0.6047051624414786,-0.928385094380448,-0.2752919996152001,0.31770887154146066,0.3866311074545396,-0.06249733028626384,0.6125530498969479,0.612553049896948,-0.062497330286264294,0.6125530498969481,0.6125530498969483
Elmira College,Yes,1457,1045,345,27,50,1109,502,14990,4980,450,550,77.0,98,21.5,21,7502,64,-0.09486833074689954,-0.12671676742584506,-0.28650895646692215,0.20567765393688317,-0.5580441647988791,0.26204379305253284,1.1165050453270264,-0.6143252338289236,-1.5716298036474603,0.18578692338884797,1.4683762334705521,1.7677792649625408,0.004942020606680277,-0.3111531624622533,0.7172271791352093,Medium,1,1,0.3581403891754813,0.6125530498969481,-0.09486833074689989,-0.12671676742584498,-0.28650895646692287,0.20567765393688278,-0.5580441647988786,0.2620437930525328,1.1165050453270258,-0.6143252338289233,-1.5716298036474614,0.1857869233888476,1.4683762334705521,1.7677792649625403,0.004942020606679884,-0.3111531624622342,-0.3998149459781343,0.6125530498969479,0.612553049896948,-0.39981494597813483,0.6125530498969481,0.6125530498969483
Elms College,Yes,245,208,125,23,46,544,436,11800,4765,450,1700,71.0,71,11.3,21,8952,86,-1.8939118309269023,-1.876899331014119,-1.5159709940681099,-0.04753313995778422,-1.4440465964413118,0.1699389004275611,0.4487755975664263,-0.6143252338289236,0.7203603688354095,-0.22617376518526458,-0.7496836000340958,-0.6792077728800088,0.004942020606680277,0.15902295930385033,0.8489795918367347,Medium,1,1,0.3581403891754813,0.6125530498969481,-1.8939118309269027,-1.876899331014119,-1.5159709940681108,-0.04753313995778462,-1.4440465964413114,0.16993890042756102,0.4487755975664256,-0.6143252338289233,0.7203603688354085,-0.22617376518526494,-0.749683600034096,-0.6792077728800092,0.004942020606679884,0.1590229593038694,0.6921017149896724,0.6125530498969479,0.612553049896948,0.6921017149896721,0.6125530498969481,0.6125530498969483
Elon College,Yes,3624,2786,858,11,39,2933,334,9100,3883,490,1777,70.0,74,18.9,34,6329,63,0.738584864717086,0.8452070878064869,0.6655785321501598,-1.095737735489672,0.44911678570145736,-0.001105111415008997,-0.2168218431910953,-0.303409250383206,0.8142992192370819,-0.2915826792352699,-0.558311349746167,1.2000743836939878,0.9383237726310382,-0.8081401993060501,0.7687637969094923,Medium,1,1,0.3581403891754813,0.6125530498969481,0.7385848647170856,0.845207087806487,0.6655785321501593,-1.0957377354896725,0.4491167857014578,-0.00110511141500907,-0.21682184319109601,-0.3034092503832057,0.8142992192370809,-0.2915826792352703,-0.5583113497461671,1.2000743836939873,0.9383237726310377,-0.808140199306031,-0.012984516199789884,0.6125530498969479,0.612553049896948,-0.012984516199790321,0.6125530498969481,0.6125530498969483
Embry Riddle Aeronautical University,Yes,3151,2584,958,14,40,4772,856,7800,3750,570,3020,37.0,43,16.5,4,12878,44,0.6142461592874814,0.772939327609408,0.7719426021836002,-0.7737777547234982,0.8780557775882639,0.6212297472898524,-0.5845649575677309,0.25716645871250754,1.9630548178462348,-1.9305796536679742,-1.9721337198740063,0.646816259628484,-1.9198799308640517,0.9957447940723948,0.8200571247223104,Low,0,1,-1.0987972149572356,0.6125530498969481,0.614246159287481,0.7729393276094081,0.7719426021835997,-0.7737777547234986,0.8780557775882644,0.6212297472898523,-0.5845649575677315,0.25716645871250793,1.9630548178462337,-1.9305796536679747,-1.9721337198740063,0.6468162596284835,-1.9198799308640522,0.9957447940724139,0.4225059113843782,0.6125530498969479,0.612553049896948,0.4225059113843779,0.6125530498969481,0.6125530498969483
Emory & Henry College,Yes,765,646,226,30,60,809,32,8578,4408,700,1600,79.0,88,13.9,51,8061,82,-0.7185180864215104,-0.6281967648893118,-0.7759682850486828,0.3771313679720627,-0.9334705474268055,-1.3380783400810938,-0.3600512832547159,1.0362571162148249,0.5922966635947635,0.3305429069207441,0.5120879513281108,0.008948736859618622,1.9107498885325442,-0.11447812568906604,0.8444444444444444,Low,0,1,-1.0987972149572356,0.6125530498969481,-0.7185180864215107,-0.6281967648893116,-0.7759682850486835,0.3771313679720623,-0.933470547426805,-1.3380783400810938,-0.36005128325471664,1.0362571162148253,0.5922966635947625,0.33054290692074373,0.5120879513281107,0.008948736859618205,1.9107498885325438,-0.11447812568904697,0.6486300033135077,0.6125530498969479,0.612553049896948,0.6486300033135074,0.6125530498969481,0.6125530498969483
Emory University,Yes,8506,4168,1236,76,97,5544,192,17600,6000,600,870,97.0,98,5.0,28,28457,96,1.4700500886837398,1.225567818937307,1.0108992440384725,2.072502063570248,1.0012305958192198,-0.34374527271093125,1.5961473672392679,0.4497726389260374,-0.6633368710411951,1.8009168658667163,1.4683762334705521,-2.6817664408162774,0.5357515534995189,2.3370519191975037,0.4900070538443452,High,2,1,1.8150779933081982,0.6125530498969481,1.4700500886837393,1.225567818937307,1.010899244038472,2.0725020635702474,1.0012305958192202,-0.3437452727109313,1.5961473672392672,0.4497726389260378,-0.6633368710411961,1.8009168658667158,1.4683762334705521,-2.681766440816278,0.5357515534995184,2.3370519191975228,-1.6108151146735845,0.6125530498969479,0.612553049896948,-1.6108151146735854,0.6125530498969481,0.6125530498969483
Emporia State University,No,1256,1256,853,43,79,3957,588,5401,3144,450,1888,72.0,75,19.3,4,5527,50,-0.23598723181688677,0.060668493749134245,0.6598886567434221,0.9940119830251011,0.7184143929109704,0.36673121861894237,-1.3867521718609817,-0.6143252338289236,0.9432875292736318,-0.15983625199593327,-0.4916463924532397,1.2894142956687742,-1.9198799308640517,-1.2383466714156885,1.0,Low,0,0,-1.0987972149572356,-1.6325116659989423,-0.23598723181688713,0.06066849374913432,0.6598886567434216,0.9940119830251006,0.7184143929109709,0.3667312186189423,-1.3867521718609823,-0.6143252338289233,0.9432875292736308,-0.15983625199593363,-0.4916463924532398,1.2894142956687737,-1.9198799308640522,-1.2383466714156695,2.422460487936682,-1.6325116659989425,-1.6325116659989423,2.422460487936682,-1.6325116659989423,-1.6325116659989423
Erskine College,Yes,659,557,167,47,74,532,35,10485,3840,475,1246,76.0,80,13.5,47,7527,67,-0.8670986568031628,-0.7861313643389346,-1.1458058011988475,1.1539956758627181,-1.474075203867732,-1.2925434929444524,0.13873560101758006,-0.4173160543227945,0.0700776196362595,0.11480358880148679,-0.13620911968157937,-0.09332712383236806,1.6993804724452455,-0.3018784931118882,0.8452200303490136,Medium,1,1,0.3581403891754813,0.6125530498969481,-0.8670986568031631,-0.7861313643389345,-1.1458058011988483,1.1539956758627177,-1.4740752038677316,-1.2925434929444524,0.13873560101757934,-0.4173160543227942,0.0700776196362585,0.11480358880148643,-0.13620911968157948,-0.09332712383236848,1.699380472445245,-0.3018784931118691,0.6560323364488019,0.6125530498969479,0.612553049896948,0.6560323364488015,0.6125530498969481,0.6125530498969483
Eureka College,Yes,560,454,113,36,56,484,16,10955,3450,330,670,62.0,87,10.6,31,9552,53,-1.0310944108746025,-1.0066254253291422,-1.6487108626209097,0.683476302864234,-1.6030019048292325,-1.6742336975236374,0.25233653132007816,-1.7184191247645044,-1.1845286574830327,-0.7814483389667398,0.4255260215207906,-0.8749639552550215,0.7420738947418721,0.3206371597400524,0.8107142857142857,Medium,1,1,0.3581403891754813,0.6125530498969481,-1.031094410874603,-1.0066254253291422,-1.6487108626209106,0.6834763028642336,-1.603001904829232,-1.6742336975236374,0.25233653132007744,-1.7184191247645044,-1.1845286574830338,-0.7814483389667402,0.4255260215207905,-0.8749639552550219,0.7420738947418717,0.3206371597400715,0.3392149410157704,0.6125530498969479,0.612553049896948,0.33921494101577,0.6125530498969481,0.6125530498969483
Evergreen State College,No,1801,1101,438,14,50,3065,363,6297,4600,600,1323,75.0,78,18.1,14,8355,68,0.1039986227910783,-0.0732863878198701,-0.024007291919595865,-0.7737777547234982,0.48982214067507607,0.05190170765199078,-1.0640029755325149,0.4497726389260374,0.19442279303039836,0.0447497870211825,-0.2828555413330692,1.0190329338711737,-0.6263490551654358,-0.019271443427096007,0.6113270405330372,Low,0,0,-1.0987972149572356,-1.6325116659989423,0.10399862279107795,-0.07328638781987003,-0.024007291919596545,-0.7737777547234986,0.4898221406750765,0.0519017076519907,-1.0640029755325155,0.4497726389260378,0.19442279303039736,0.04474978702118213,-0.28285554133306934,1.0190329338711732,-0.6263490551654363,-0.019271443427076936,-1.0544478708778526,-1.6325116659989425,-1.6325116659989423,-1.0544478708778533,-1.6325116659989423,-1.6325116659989423
Fairfield University,Yes,4784,3346,781,30,66,2984,1037,15000,6200,700,1100,86.0,90,15.1,30,11220,94,0.9817158187222749,1.0194813674737364,0.5734085294901458,0.3771313679720627,0.46510380189718914,0.7544647343811183,1.118443663847256,1.0362571162148249,-0.18660316336359328,0.8664948177542383,0.6900649668386472,0.3088698067143141,0.6744919519989533,0.6978749575804567,0.6994147157190636,Medium,1,1,0.3581403891754813,0.6125530498969481,0.9817158187222745,1.0194813674737364,0.5734085294901452,0.3771313679720623,0.4651038018971896,0.7544647343811182,1.1184436638472552,1.0362571162148253,-0.18660316336359428,0.866494817754238,0.690064966838647,0.3088698067143137,0.6744919519989528,0.6978749575804758,-0.5225420091902732,0.6125530498969479,0.612553049896948,-0.5225420091902737,0.6125530498969481,0.6125530498969483
Fayetteville State University,No,1455,1064,452,1,16,2632,617,6806,2550,350,766,75.0,75,15.1,10,6972,24,-0.09616715405843977,-0.1082523762109319,0.009883678419619842,-3.226531284931711,0.34730437973858524,0.39889220127172836,-0.8939548716793383,-1.5123285343587667,-0.9186214397878829,0.0447497870211825,-0.4916463924532397,0.3088698067143141,-1.060970526681064,-0.519706926709119,0.7312714776632302,Low,0,0,-1.0987972149572356,-1.6325116659989423,-0.09616715405844012,-0.10825237621093182,0.009883678419619167,-3.2265312849317116,0.3473043797385857,0.3988922012717283,-0.893954871679339,-1.5123285343587667,-0.9186214397878839,0.04474978702118213,-0.4916463924532398,0.3088698067143137,-1.0609705266810645,-0.5197069267090999,-0.2991695266729952,-1.6325116659989425,-1.6325116659989423,-0.2991695266729957,-1.6325116659989423,-1.6325116659989423
Ferrum College,Yes,1339,1107,336,12,36,1051,82,9400,4200,500,1600,53.0,58,12.5,9,7967,22,-0.17496802616365767,-0.06773481929553485,-0.31617706301307386,-0.9818731086748947,-0.6201670859399885,-0.8376461676233993,-0.13693635764231063,-0.22914901677242944,0.5922966635947635,-1.2616584368949362,-1.436985365837391,-0.3544948895129964,-1.18236541463741,-0.1460564037046884,0.8267363704256908,Medium,1,1,0.3581403891754813,0.6125530498969481,-0.17496802616365803,-0.06773481929553478,-0.3161770630130746,-0.9818731086748952,-0.620167085939988,-0.8376461676233994,-0.13693635764231135,-0.22914901677242913,0.5922966635947625,-1.2616584368949366,-1.436985365837391,-0.3544948895129968,-1.1823654146374105,-0.14605640370466932,0.48317262483870044,0.6125530498969479,0.612553049896948,0.4831726248387001,0.6125530498969481,0.6125530498969483
Flagler College,Yes,1415,714,338,18,52,1345,44,5120,3200,500,2140,52.0,60,18.1,9,3930,69,-0.12255360869075672,-0.5224699623722566,-0.3095055810679244,-0.41691464264756517,-0.340837907425156,-1.1742007602630395,-1.4951722413217658,-0.22914901677242944,1.2118369790907868,-1.3103887835738515,-1.3455990913496088,1.0190329338711737,-1.18236541463741,-2.47183189523853,0.5045936395759717,Low,0,1,-1.0987972149572356,0.6125530498969481,-0.12255360869075707,-0.5224699623722565,-0.30950558106792514,-0.41691464264756556,-0.3408379074251556,-1.1742007602630395,-1.4951722413217665,-0.22914901677242913,1.2118369790907857,-1.310388783573852,-1.3455990913496088,1.0190329338711732,-1.1823654146374105,-2.4718318952385108,-1.5533499475003938,0.6125530498969479,0.612553049896948,-1.5533499475003947,0.6125530498969481,0.6125530498969483
Florida Institute of Technology,Yes,1947,1580,523,39,74,1863,233,13900,4140,750,1500,90.0,90,10.6,7,8923,57,0.17635930504090022,0.2911547226037361,0.1649096188074582,0.821887512510805,0.005748526463086063,-0.2258927107349647,0.8998877990678651,1.302507133936391,0.4565936404384389,1.1932365358027166,0.6900649668386472,-0.8749639552550215,-1.4463049754933548,0.15078928004716313,0.8115048793014895,Medium,1,1,0.3581403891754813,0.6125530498969481,0.17635930504089986,0.29115472260373615,0.16490961880745755,0.8218875125108046,0.00574852646308652,-0.22589271073496478,0.8998877990678644,1.3025071339363914,0.4565936404384379,1.1932365358027162,0.690064966838647,-0.8749639552550219,-1.4463049754933552,0.1507892800471822,0.3461928239690825,0.6125530498969479,0.612553049896948,0.34619282396908213,0.6125530498969481,0.6125530498969483
Florida International University,No,3306,2079,1071,42,89,10208,9310,6597,2494,800,3028,81.0,96,13.9,20,6722,66,0.6570806296328806,0.5620058615227421,0.8776812113192236,0.9521981331052524,1.462848590852821,2.4469789494433734,-0.9627317026850044,1.553695186961413,1.9688984388760413,0.47901914729053885,1.263654675854437,0.008948736859618622,-0.07789765626183243,-0.6267851444277477,0.6288566243194192,Low,0,0,-1.0987972149572356,-1.6325116659989423,0.6570806296328803,0.5620058615227422,0.877681211319223,0.9521981331052519,1.4628485908528215,2.4469789494433734,-0.9627317026850051,1.5536951869614135,1.9688984388760402,0.47901914729053846,1.263654675854437,0.008948736859618205,-0.07789765626183281,-0.6267851444277286,-0.9579866595531353,-1.6325116659989425,-1.6325116659989423,-0.957986659553136,-1.6325116659989423,-1.6325116659989423
Florida Southern College,Yes,1381,1040,374,20,44,1506,970,8025,4865,400,650,65.0,74,17.4,10,6339,68,-0.1456192064096867,-0.13163551638710683,-0.1966609120249091,-0.26074560260699386,-0.21774807352821737,0.707819900240811,-0.5181779149746435,-1.0388011424180428,-1.244341330331405,-0.6047051624414783,-0.558311349746167,0.8579148600429469,-1.060970526681064,-0.8033114971582581,0.7530774800868936,Low,0,1,-1.0987972149572356,0.6125530498969481,-0.14561920640968706,-0.13163551638710674,-0.1966609120249098,-0.26074560260699425,-0.21774807352821693,0.7078199002408109,-0.5181779149746442,-1.0388011424180428,-1.2443413303314061,-0.6047051624414786,-0.5583113497461671,0.8579148600429465,-1.0609705266810645,-0.803311497158239,-0.1358887779576066,0.6125530498969479,0.612553049896948,-0.13588877795760707,0.6125530498969481,0.6125530498969483
Florida State University,No,11651,8683,3023,50,90,18906,3242,6680,4060,600,1020,80.0,89,23.1,15,7250,58,1.7284082230505715,1.8915240170589713,1.7784204591067003,1.2670949932019226,1.8701656118458452,1.5934986082571703,-0.9352494321026504,0.4497726389260374,-0.34096751345021925,0.4043159082560863,0.6002637149158834,2.1030730059438842,-0.5277223720549751,-0.4073812069575309,0.7452579177752983,Low,0,0,-1.0987972149572356,-1.6325116659989423,1.728408223050571,1.8915240170589713,1.7784204591066999,1.2670949932019222,1.8701656118458456,1.5934986082571703,-0.9352494321026511,0.4497726389260378,-0.34096751345022025,0.40431590825608593,0.6002637149158833,2.103073005943884,-0.5277223720549755,-0.4073812069575118,-0.195439011475149,-1.6325116659989425,-1.6325116659989423,-0.1954390114751495,-1.6325116659989423,-1.6325116659989423
Fontbonne College,Yes,291,245,126,16,49,981,337,8390,4100,350,1500,45.0,55,21.5,24,4607,62,-1.710156730801305,-1.6905939386427447,-1.5055748207535435,-0.5868962977653778,-0.700954115461847,0.0045688679262784184,-0.4130366300112682,-1.5123285343587667,0.4565936404384389,-1.625634520432682,-1.5648105119584117,1.7677792649625408,0.24207061628816592,-1.868508314915335,0.8419243986254296,Low,0,1,-1.0987972149572356,0.6125530498969481,-1.7101567308013055,-1.6905939386427447,-1.5055748207535444,-0.5868962977653782,-0.7009541154618466,0.004568867926278346,-0.41303663001126895,-1.5123285343587667,0.4565936404384379,-1.6256345204326825,-1.5648105119584117,1.7677792649625403,0.24207061628816554,-1.8685083149153159,0.6246691523404512,0.6125530498969479,0.612553049896948,0.6246691523404508,0.6125530498969481,0.6125530498969483
Fordham University,Yes,4200,2874,942,30,55,4740,1646,14235,6965,600,1735,86.0,97,14.4,14,10864,80,0.8683468318945331,0.8749543169270843,0.7558104801671356,0.3771313679720627,0.8724332594510621,1.084621885694457,0.9676154274170975,0.4497726389260374,0.7635382332016517,0.8664948177542383,1.3651568927969056,0.13513949985508442,-0.6263490551654358,0.6249156460589147,0.6842857142857143,Medium,1,1,0.3581403891754813,0.6125530498969481,0.8683468318945328,0.8749543169270844,0.755810480167135,0.3771313679720623,0.8724332594510625,1.084621885694457,0.9676154274170968,0.4497726389260378,0.7635382332016507,0.866494817754238,1.3651568927969056,0.135139499855084,-0.6263490551654363,0.6249156460589338,-0.6225837210685572,0.6125530498969479,0.612553049896948,-0.6225837210685577,0.6125530498969481,0.6125530498969483
Fort Lewis College,No,3440,2823,1123,16,35,3793,486,6198,3320,500,2500,89.0,97,19.1,6,4362,46,0.6924092329818056,0.8578352456467303,0.9220895363992524,-0.5868962977653778,0.6814141727872515,0.2407775053621755,-1.0981167911720846,-0.22914901677242944,1.5485785299599362,1.1101537037083895,1.3651568927969056,1.2448403880402457,-1.5915826153084158,-2.0701069245049,0.8206395348837209,Low,0,0,-1.0987972149572356,-1.6325116659989423,0.6924092329818052,0.8578352456467304,0.9220895363992518,-0.5868962977653782,0.6814141727872519,0.2407775053621754,-1.0981167911720853,-0.22914901677242913,1.548578529959935,1.110153703708389,1.3651568927969056,1.2448403880402452,-1.5915826153084163,-2.070106924504881,0.42775843320172063,-1.6325116659989425,-1.6325116659989423,0.4277584332017203,-1.6325116659989423,-1.6325116659989423
Francis Marion University,No,1801,1655,819,13,38,3224,436,5840,3138,400,2430,76.0,76,19.1,8,5039,43,0.1039986227910783,0.3372857090305507,0.6201463441667842,-0.8748385657786061,0.5361046813018957,0.1699389004275611,-1.224553432560759,-1.0388011424180428,1.4867841836167806,0.11480358880148679,-0.42352364534226566,1.2448403880402457,-1.310419180097965,-1.5505099854705209,0.9189339255968906,Low,0,0,-1.0987972149572356,-1.6325116659989423,0.10399862279107795,0.3372857090305508,0.6201463441667836,-0.8748385657786065,0.5361046813018961,0.16993890042756102,-1.2245534325607597,-1.0388011424180428,1.4867841836167794,0.11480358880148643,-0.4235236453422658,1.2448403880402452,-1.3104191800979654,-1.5505099854705018,1.4224597324225876,-1.6325116659989425,-1.6325116659989423,1.4224597324225874,-1.6325116659989423,-1.6325116659989423
Franciscan University of Steubenville,Yes,553,452,228,22,49,1301,242,9650,4400,600,1000,57.0,69,14.9,8,6336,83,-1.0438466575337597,-1.0114204776075368,-0.7654489825050901,-0.1160987382636973,-0.3776319521286488,-0.2025737123833309,-0.07163518577441223,0.4497726389260374,-0.3813083118461038,-1.057488442042449,-0.870204749794732,0.25957157781628776,-1.310419180097965,-0.8047588735936383,0.8173598553345389,Medium,1,1,0.3581403891754813,0.6125530498969481,-1.0438466575337602,-1.0114204776075368,-0.7654489825050909,-0.1160987382636977,-0.37763195212864836,-0.202573712383331,-0.07163518577441295,0.4497726389260378,-0.3813083118461048,-1.0574884420424495,-0.8702047497947321,0.25957157781628737,-1.3104191800979654,-0.8047588735936192,0.39827306871781104,0.6125530498969479,0.612553049896948,0.3982730687178107,0.6125530498969481,0.6125530498969483
Franklin College,Yes,804,632,281,29,72,840,68,10390,4040,525,1345,54.0,78,12.5,37,11751,60,-0.6693400355646157,-0.6514395696974287,-0.5199901291207311,0.32152095127645364,-0.8873436488593621,-0.941077072664818,0.1153692465304768,-0.04901447100702777,0.22871902789733387,-1.2120034811518239,-0.2828555413330692,-0.3544948895129964,1.1257980885897985,0.8003044557817608,0.7860696517412935,Medium,1,1,0.3581403891754813,0.6125530498969481,-0.6693400355646161,-0.6514395696974286,-0.5199901291207318,0.32152095127645325,-0.8873436488593617,-0.9410770726648181,0.11536924653047607,-0.04901447100702746,0.22871902789733287,-1.2120034811518243,-0.28285554133306934,-0.3544948895129968,1.125798088589798,0.8003044557817799,0.12807780732953636,0.6125530498969479,0.612553049896948,0.12807780732953594,0.6125530498969481,0.6125530498969483
Franklin Pierce College,Yes,5187,4471,446,3,14,1818,1197,13320,4630,500,800,50.0,56,17.6,16,6418,51,1.0515990444073569,1.290737766153171,-0.004490589965154061,-2.490004639445861,-0.01941348246340344,0.8555897129355032,0.7800463747167723,-0.22914901677242944,-0.8318078970334455,-1.4050766892516116,-1.5234179245724684,0.9042148943004111,-0.4323290036172367,-0.7655734946185112,0.861962598804704,Medium,1,1,0.3581403891754813,0.6125530498969481,1.0515990444073564,1.290737766153171,-0.004490589965154739,-2.4900046394458615,-0.019413482463402982,0.8555897129355031,0.7800463747167716,-0.22914901677242913,-0.8318078970334465,-1.405076689251612,-1.5234179245724684,0.9042148943004107,-0.4323290036172371,-0.7655734946184921,0.819075407953864,0.6125530498969479,0.612553049896948,0.8190754079538638,0.6125530498969481,0.6125530498969483
Freed-Hardeman University,Yes,895,548,314,20,54,1174,50,5500,3340,600,1600,68.0,76,16.1,13,6078,62,-0.5638921636949648,-0.8035853997951222,-0.3927326942363875,-0.26074560260699386,-0.492964682191471,-1.1068217867258,-1.3494386239990128,0.4497726389260374,0.5922966635947635,-0.4196154901574144,-0.42352364534226566,0.5514920012666231,-0.7285459060471434,-0.9333286542813591,0.6122905027932961,Low,0,1,-1.0987972149572356,0.6125530498969481,-0.5638921636949651,-0.8035853997951221,-0.39273269423638824,-0.26074560260699425,-0.49296468219147055,-1.1068217867258,-1.3494386239990135,0.4497726389260378,0.5922966635947625,-0.4196154901574148,-0.4235236453422658,0.5514920012666227,-0.7285459060471439,-0.93332865428134,-1.0492604802366001,0.6125530498969479,0.612553049896948,-1.0492604802366008,0.6125530498969481,0.6125530498969483
Fresno Pacific College,Yes,346,274,146,51,87,704,63,9900,3670,630,1818,59.0,59,10.5,14,8095,54,-1.5275002941986298,-1.5644436349587898,-1.3155497874732165,1.3036072146864357,-1.107328286155114,-0.9827260974044782,-0.007436159806771041,0.6341541487893395,0.8627908626458604,-0.9498508314361171,-1.391918192175684,-0.9033411845194759,-0.6263490551654358,-0.10319568649835544,0.791907514450867,Medium,1,1,0.3581403891754813,0.6125530498969481,-1.5275002941986302,-1.5644436349587898,-1.3155497874732174,1.3036072146864353,-1.1073282861551135,-0.9827260974044784,-0.007436159806771759,0.63415414878934,0.8627908626458594,-0.9498508314361175,-1.391918192175684,-0.9033411845194763,-0.6263490551654363,-0.10319568649833637,0.17698800731272418,0.6125530498969479,0.612553049896948,0.17698800731272377,0.6125530498969481,0.6125530498969483
Furman University,Yes,2161,1951,685,56,82,2371,175,13440,4048,600,1250,92.0,95,13.5,28,12940,82,0.2725232067237808,0.49975786326366844,0.4425787870794126,1.4781382686650963,0.24679491249616933,-0.39947124348985197,0.805118370743759,0.4497726389260374,0.07671009872843897,1.3621979324255895,1.1638582779526243,-0.09332712383236806,0.5357515534995189,1.0057288450286639,0.9028227672373901,Medium,1,1,0.3581403891754813,0.6125530498969481,0.27252320672378044,0.4997578632636685,0.442578787079412,1.478138268665096,0.24679491249616978,-0.399471243489852,0.8051183707437584,0.4497726389260378,0.07671009872843797,1.362197932425589,1.1638582779526243,-0.09332712383236848,0.5357515534995184,1.005728845028683,1.2439557353376005,0.6125530498969479,0.612553049896948,1.2439557353376003,0.6125530498969481,0.6125530498969483
Gannon University,Yes,2464,1908,678,24,57,2693,691,10970,4280,500,1380,47.0,51,13.3,18,7711,65,0.3924858234351226,0.47786071346615816,0.43222006214853964,0.018775285270126344,0.3690494023470275,0.4750974183774781,0.2559088914909583,-0.22914901677242944,0.2822250195523527,-1.5401806081485756,-1.7185442855730702,-0.1449220622273889,-0.2501326687269887,-0.23504930370778102,0.7743506493506493,Medium,1,1,0.3581403891754813,0.6125530498969481,0.3924858234351223,0.4778607134661582,0.43222006214853903,0.018775285270125945,0.36904940234702793,0.47509741837747804,0.2559088914909576,-0.22914901677242913,0.2822250195523517,-1.540180608148576,-1.7185442855730702,-0.14492206222738932,-0.2501326687269891,-0.23504930370776195,0.031919395214007225,0.6125530498969479,0.612553049896948,0.031919395214006795,0.6125530498969481,0.6125530498969483
Gardner Webb University,Yes,1110,930,332,18,36,1603,374,8180,4270,500,500,65.0,58,15.2,12,5664,29,-0.35462831016671686,-0.24674854820631617,-0.3296584791224298,-0.41691464264756517,-0.15108673501702483,0.07100219707792249,-0.4731529010729984,-0.22914901677242944,-1.756532921293452,-0.6047051624414783,-1.436985365837391,0.3334196419182193,-0.8347120348951067,-1.1582475890753356,0.8378378378378378,Low,0,1,-1.0987972149572356,0.6125530498969481,-0.3546283101667172,-0.2467485482063161,-0.3296584791224305,-0.41691464264756556,-0.15108673501702438,0.07100219707792242,-0.4731529010729991,-0.22914901677242913,-1.756532921293453,-0.6047051624414786,-1.436985365837391,0.33341964191821893,-0.8347120348951071,-1.1582475890753166,0.5861080221185667,0.6125530498969479,0.612553049896948,0.5861080221185664,0.6125530498969481,0.6125530498969483
Geneva College,Yes,668,534,237,19,39,1306,258,9476,4820,500,1100,67.0,67,20.1,26,6786,74,-0.8535198169725553,-0.831354239396796,-0.7193926259340215,-0.337261774390416,-0.37337497544083403,-0.1630014514052179,-0.11696533922702457,-0.22914901677242944,-0.18660316336359328,-0.4822397840169151,-0.9851956007117693,1.4658421075754382,0.3918121831278882,-0.5987944941785676,0.7994011976047904,Medium,1,1,0.3581403891754813,0.6125530498969481,-0.8535198169725556,-0.8313542393967959,-0.7193926259340223,-0.3372617743904164,-0.3733749754408336,-0.163001451405218,-0.11696533922702529,-0.22914901677242913,-0.18660316336359428,-0.4822397840169155,-0.9851956007117694,1.4658421075754378,0.3918121831278878,-0.5987944941785485,0.24076885190208774,0.6125530498969479,0.612553049896948,0.24076885190208736,0.6125530498969481,0.6125530498969483
George Fox College,Yes,809,726,294,27,52,1271,43,12500,4130,400,1050,53.0,53,13.5,22,7136,52,-0.6632207817657936,-0.5049337734525298,-0.46789846539522173,0.20567765393688317,-0.40359961023947516,-1.1862220496917506,0.6046171069696272,-1.0388011424180428,-0.2818088082871408,-1.2616584368949362,-1.644016946781447,-0.09332712383236806,0.08579840488433134,-0.4526260298397896,0.8974042027194067,Medium,1,1,0.3581403891754813,0.6125530498969481,-0.6632207817657939,-0.5049337734525297,-0.46789846539522245,0.20567765393688278,-0.4035996102394747,-1.1862220496917506,0.6046171069696266,-1.0388011424180428,-0.2818088082871418,-1.2616584368949366,-1.644016946781447,-0.09332712383236848,0.08579840488433095,-0.4526260298397705,1.1853435488763413,0.6125530498969479,0.612553049896948,1.185343548876341,0.6125530498969481,0.6125530498969483
George Mason University,No,5653,4326,1727,17,29,9528,3822,10800,4840,580,1050,93.0,96,19.3,7,6751,46,1.1254797172530269,1.2601607067149045,1.310566129160777,-0.5000085327852752,1.413764619996503,1.7216087620155722,0.21523255159059804,0.32233103515844,-0.2818088082871408,1.448076800235107,1.263654675854437,1.2894142956687742,-1.4463049754933548,-0.6140511773060634,0.7652573854590483,Medium,1,0,0.3581403891754813,-1.6325116659989423,1.1254797172530264,1.2601607067149045,1.3105661291607766,-0.5000085327852757,1.4137646199965035,1.7216087620155722,0.21523255159059732,0.3223310351584404,-0.2818088082871418,1.4480768002351065,1.263654675854437,1.2894142956687737,-1.4463049754933552,-0.6140511773060443,-0.04086156664097858,-1.6325116659989425,-1.6325116659989423,-0.04086156664097902,-1.6325116659989423,-1.6325116659989423
George Washington University,Yes,7875,5062,1492,38,71,5471,1470,17450,6328,700,950,92.0,93,7.6,15,14745,72,1.405837710178003,1.4052483846356751,1.1814513599288121,0.7767056047201572,0.9905052029733703,1.0025863441791072,1.569899131157672,1.0362571162148249,-0.48552498885819567,1.3621979324255895,0.9693375120855497,-1.7791662128196926,-0.5277223720549751,1.2674451937523035,0.6427936507936508,High,2,1,1.8150779933081982,0.6125530498969481,1.4058377101780026,1.4052483846356751,1.1814513599288117,0.7767056047201567,0.9905052029733707,1.0025863441791072,1.5698991311576713,1.0362571162148253,-0.48552498885819667,1.362197932425589,0.9693375120855496,-1.779166212819693,-0.5277223720549755,1.2674451937523226,-0.8780888590166906,0.6125530498969479,0.612553049896948,-0.8780888590166913,0.6125530498969481,0.6125530498969483
Georgetown College,Yes,727,693,286,30,55,1063,48,8100,3950,550,550,73.0,76,13.3,28,7508,55,-0.7690923214216443,-0.5539300406028932,-0.49963234847473936,0.3771313679720627,-0.6069765442443952,-1.1284366247614759,-0.4963209489067974,0.12378880488361321,-1.5716298036474603,-0.09256994792772753,-0.42352364534226566,-0.1449220622273889,0.5357515534995189,-0.30892289845922927,0.953232462173315,Low,0,1,-1.0987972149572356,0.6125530498969481,-0.7690923214216446,-0.5539300406028931,-0.4996323484747401,0.3771313679720623,-0.6069765442443947,-1.1284366247614759,-0.4963209489067981,0.12378880488361355,-1.5716298036474614,-0.0925699479277279,-0.4235236453422658,-0.14492206222738932,0.5357515534995184,-0.30892289845921017,1.8242362663327036,0.6125530498969479,0.612553049896948,1.8242362663327036,0.6125530498969481,0.6125530498969483
Georgetown University,Yes,11115,2881,1390,71,93,5881,406,18300,7131,670,1700,91.0,92,7.2,27,19635,95,1.6901134789139638,0.8772785963021507,1.1178767318269145,1.9367494180219447,1.0486031109859317,0.12378992680211287,1.7167338435015462,0.86843005192561,0.7203603688354095,1.2772512278910106,0.8745903245365926,-1.9094306588272838,0.464466880638092,1.7805069821786468,0.25919928025191186,High,2,1,1.8150779933081982,0.6125530498969481,1.6901134789139634,0.8772785963021508,1.117876731826914,1.9367494180219442,1.0486031109859322,0.1237899268021128,1.7167338435015456,0.8684300519256104,0.7203603688354085,1.2772512278910102,0.8745903245365925,-1.9094306588272842,0.4644668806380916,1.7805069821786659,-2.2538175462322427,0.6125530498969479,0.612553049896948,-2.2538175462322436,0.6125530498969481,0.6125530498969483
Georgia Institute of Technology,No,7837,4527,2276,89,99,8528,654,6489,4438,795,1164,92.0,92,19.3,33,11271,70,1.4017959010156609,1.3022637685706993,1.5463465735404496,2.3949540647714773,1.3332411974284943,0.43797911540132045,-0.9988339777652226,1.5292027984994643,-0.0704234158824849,1.3621979324255895,0.8745903245365926,1.2894142956687742,0.8739402534841448,0.70803500894041,0.5776445068265919,Low,0,0,-1.0987972149572356,-1.6325116659989423,1.4017959010156604,1.3022637685706993,1.5463465735404491,2.394954064771477,1.3332411974284948,0.4379791154013204,-0.9988339777652233,1.5292027984994647,-0.07042341588248589,1.362197932425589,0.8745903245365925,1.2894142956687737,0.8739402534841444,0.7080350089404291,-1.2277220782220168,-1.6325116659989425,-1.6325116659989423,-1.2277220782220175,-1.6325116659989423,-1.6325116659989423
Georgia State University,No,3793,2341,1238,9,24,7732,9054,6744,2655,720,3450,87.0,89,19.0,10,7762,34,0.7788309847890629,0.6775367606184168,1.0123855502943875,-1.348494791392716,1.2604303800105976,2.4234095324524483,-0.9142110748466477,1.1446884358218732,2.2585114180008894,0.9467830013589739,0.6002637149158834,1.2224815695707842,-1.060970526681064,-0.21695969746792432,0.617189559715265,Low,0,0,-1.0987972149572356,-1.6325116659989423,0.7788309847890625,0.6775367606184169,1.012385550294387,-1.3484947913927166,1.260430380010598,2.4234095324524483,-0.9142110748466483,1.1446884358218736,2.2585114180008885,0.9467830013589735,0.6002637149158833,1.2224815695707838,-1.0609705266810645,-0.21695969746790525,-1.0226792921323635,-1.6325116659989425,-1.6325116659989423,-1.0226792921323642,-1.6325116659989423,-1.6325116659989423
Georgian Court College,Yes,348,281,127,12,52,1095,785,9150,3950,500,800,56.0,59,12.2,27,7348,76,-1.5214571551493228,-1.536126067821917,-1.4952729004337388,-0.9818731086748947,-0.5726708636332515,0.5618108605712071,-0.2033886796628109,-0.22914901677242944,-0.8318078970334455,-1.1099187310292482,-1.391918192175684,-0.43446218134192693,0.464466880638092,-0.3693547100307329,0.8074712643678161,Medium,1,1,0.3581403891754813,0.6125530498969481,-1.5214571551493232,-1.536126067821917,-1.4952729004337397,-0.9818731086748952,-0.572670863633251,0.561810860571207,-0.20338867966281163,-0.22914901677242913,-0.8318078970334465,-1.1099187310292487,-1.391918192175684,-0.4344621813419273,0.4644668806380916,-0.3693547100307138,0.31072644947590744,0.6125530498969479,0.612553049896948,0.31072644947590705,0.6125530498969481,0.6125530498969483
Gettysburg College,Yes,3596,2466,575,42,78,1944,46,19964,4328,500,500,94.0,95,12.1,32,14720,83,0.7317226646460717,0.7278694873025602,0.2637724853236595,0.9521981331052524,0.049225357604578794,-1.1508735098970577,1.9916987869334568,-0.22914901677242944,-1.756532921293452,1.5348879805589812,1.1638582779526243,-0.4612920948206636,0.808539510579746,1.2641616396744546,0.685761957730812,High,2,1,1.8150779933081982,0.6125530498969481,0.7317226646460714,0.7278694873025603,0.2637724853236589,0.9521981331052519,0.04922535760457925,-1.1508735098970577,1.9916987869334561,-0.22914901677242913,-1.756532921293453,1.5348879805589808,1.1638582779526243,-0.46129209482066397,0.8085395105797456,1.2641616396744737,-0.6129882788797701,0.6125530498969479,0.612553049896948,-0.6129882788797707,0.6125530498969481,0.6125530498969483
Goldey Beacom College,Yes,633,468,284,10,27,823,963,6120,2985,531,1830,75.0,25,27.6,4,6081,36,-0.9074721286621603,-0.9736790750200429,-0.5077258642752942,-1.2174962818199055,-0.9123770504838605,0.702778086773863,-1.125247315262475,-0.006897490523572179,0.8767919502353735,0.0447497870211825,-2.315149771585548,2.9978271255207716,-1.9198799308640517,-0.9317854631147502,0.7393364928909952,Low,0,1,-1.0987972149572356,0.6125530498969481,-0.9074721286621606,-0.9736790750200428,-0.507725864275295,-1.217496281819906,-0.9123770504838601,0.7027780867738629,-1.1252473152624756,-0.0068974905235718595,0.8767919502353725,0.04474978702118213,-2.315149771585548,2.997827125520771,-1.9198799308640522,-0.9317854631147311,-0.23978749637689054,0.6125530498969479,0.612553049896948,-0.23978749637689104,0.6125530498969481,0.6125530498969483
Gonzaga University,Yes,1886,1524,526,31,67,2523,296,13000,4450,600,2400,78.0,90,14.7,32,9553,69,0.14685913760447178,0.25515578439998865,0.1709163523272022,0.4313193649006998,0.3068748253465929,-0.07730596838864585,0.7124539506407931,0.4497726389260374,1.4597946476206283,0.2576999703306144,0.6900649668386472,0.21000461555961872,0.808539510579746,0.32089338360194836,0.8080593849416755,Medium,1,1,0.3581403891754813,0.6125530498969481,0.14685913760447142,0.2551557843999887,0.17091635232720157,0.4313193649006994,0.3068748253465933,-0.07730596838864592,0.7124539506407924,0.4497726389260378,1.4597946476206272,0.25769997033061404,0.690064966838647,0.2100046155596183,0.8085395105797456,0.32089338360196745,0.31587676356413125,0.6125530498969479,0.612553049896948,0.31587676356413086,0.6125530498969481,0.6125530498969483
Gordon College,Yes,674,565,282,25,54,1151,39,12200,4070,400,1200,73.0,82,14.2,32,9226,66,-0.8445757772885099,-0.77086778946459,-0.5158853409133579,0.08298682799864276,-0.5154796230594985,-1.2369487718527052,0.538548635061208,-1.0388011424180428,-0.007646689375954711,-0.09256994792772753,0.01651265888576715,0.0848788535167615,0.808539510579746,0.23483723786619343,0.8382789317507419,Medium,1,1,0.3581403891754813,0.6125530498969481,-0.8445757772885102,-0.7708677894645899,-0.5158853409133587,0.08298682799864236,-0.515479623059498,-1.2369487718527052,0.5385486350612073,-1.0388011424180428,-0.007646689375955717,-0.0925699479277279,0.01651265888576704,0.08487885351676108,0.8085395105797456,0.2348372378662125,0.5902527561246045,0.6125530498969479,0.612553049896948,0.5902527561246041,0.6125530498969481,0.6125530498969483
Goshen College,Yes,440,396,221,26,51,910,166,9420,3730,600,1230,51.0,56,9.9,46,10270,72,-1.2775944486362185,-1.155742640957806,-0.8027424967430552,0.14524475095617614,-0.7904084728233444,-0.43099780182840153,-0.13167057268487378,0.4497726389260374,0.04334901104871166,-1.358194779853355,-1.5234179245724684,-1.0758964274030898,1.6450848531462385,0.49459264930464975,0.9,Medium,1,1,0.3581403891754813,0.6125530498969481,-1.277594448636219,-1.155742640957806,-0.802742496743056,0.14524475095617576,-0.7904084728233439,-0.4309978018284016,-0.1316705726848745,0.4497726389260378,0.04334901104871065,-1.3581947798533553,-1.5234179245724684,-1.0758964274030902,1.645084853146238,0.49459264930466884,1.2133336670604014,0.6125530498969479,0.612553049896948,1.2133336670604011,0.6125530498969481,0.6125530498969483
Goucher College,Yes,1151,813,248,40,64,850,80,15588,6174,500,1200,78.0,90,9.2,34,16623,77,-0.3196938447480324,-0.386382338029277,-0.6657635662366962,0.8661712529818544,-0.8729046795774331,-0.8513969218978396,1.2309729321119214,-0.22914901677242944,-0.007646689375954711,0.2576999703306144,0.6900649668386472,-1.2824886008259322,0.9383237726310382,1.491934199892268,0.7063423110338836,High,2,1,1.8150779933081982,0.6125530498969481,-0.31969384474803275,-0.38638233802927696,-0.665763566236697,0.8661712529818539,-0.8729046795774327,-0.8513969218978397,1.2309729321119207,-0.22914901677242913,-0.007646689375955717,0.25769997033061404,0.690064966838647,-1.2824886008259326,0.9383237726310377,1.491934199892287,-0.47545504223746,0.6125530498969479,0.612553049896948,-0.47545504223746055,0.6125530498969481,0.6125530498969483
Grace College and Seminary,Yes,548,428,167,18,46,618,113,8958,3670,300,1000,53.0,59,15.3,26,9798,64,-1.0530617842919823,-1.0707947147184387,-1.1458058011988475,-0.41691464264756517,-1.2751207108884957,-0.6560844049974996,-0.25523839805686027,-2.0489462340837274,-0.3813083118461038,-1.2616584368949362,-1.391918192175684,0.3579040707316264,0.3918121831278882,0.38244808298008415,0.781021897810219,Medium,1,1,0.3581403891754813,0.6125530498969481,-1.0530617842919827,-1.0707947147184387,-1.1458058011988483,-0.41691464264756556,-1.2751207108884952,-0.6560844049974998,-0.255238398056861,-2.0489462340837274,-0.3813083118461048,-1.2616584368949366,-1.391918192175684,0.357904070731626,0.3918121831278878,0.38244808298010324,0.08633008582065474,0.6125530498969479,0.612553049896948,0.08633008582065432,0.6125530498969481,0.6125530498969483
Graceland College,Yes,555,414,242,14,41,996,2281,9100,3100,550,880,51.0,61,23.6,24,5609,47,-1.0401855830136242,-1.1070952169036825,-0.6946678685448215,-0.7737777547234982,-0.6830631022617506,1.3258462461324898,-0.2168218431910953,0.12378880488361321,-0.6403015838966934,-1.358194779853355,-1.2980146652677276,2.205863784170408,0.24207061628816592,-1.1900415045664745,0.745945945945946,Medium,1,1,0.3581403891754813,0.6125530498969481,-1.0401855830136246,-1.1070952169036825,-0.6946678685448223,-0.7737777547234986,-0.6830631022617502,1.3258462461324898,-0.21682184319109601,0.12378880488361355,-0.6403015838966944,-1.3581947798533553,-1.2980146652677276,2.2058637841704076,0.24207061628816554,-1.1900415045664554,-0.19024449613966618,0.6125530498969479,0.612553049896948,-0.19024449613966668,0.6125530498969481,0.6125530498969483
Grand Valley State University,No,5165,3887,1561,20,60,8234,2619,6108,3800,500,1000,64.0,66,20.6,9,5063,57,1.0479368141289551,1.160429156233566,1.2216734553291593,-0.26074560260699386,1.3073521851446246,1.430073864197028,-1.1294413676616653,-0.22914901677242944,-0.3813083118461038,-0.6645466615014023,-1.0406490873905974,1.5746432349321753,-1.18236541463741,-1.5340796159488135,0.7525653436592449,Low,0,0,-1.0987972149572356,-1.6325116659989423,1.0479368141289547,1.160429156233566,1.2216734553291588,-0.26074560260699425,1.307352185144625,1.430073864197028,-1.129441367661666,-0.22914901677242913,-0.3813083118461048,-0.6645466615014026,-1.0406490873905974,1.5746432349321748,-1.1823654146374105,-1.5340796159487944,-0.13982358791892935,-1.6325116659989425,-1.6325116659989423,-0.13982358791892982,-1.6325116659989423,-1.6325116659989423
Green Mountain College,Yes,780,628,198,7,20,545,42,11750,2700,400,850,77.0,83,14.0,24,6475,76,-0.699291934416578,-0.6581815344916332,-0.935584685715265,-1.6457438988012263,-1.4415806710438082,-1.1984957319825702,0.4374141191972288,-1.0388011424180428,-0.7101522318661437,0.18578692338884797,0.09518189874570733,0.03433157324728856,0.24207061628816592,-0.7387868407280448,0.8051282051282052,Medium,1,1,0.3581403891754813,0.6125530498969481,-0.6992919344165783,-0.6581815344916331,-0.9355846857152658,-1.6457438988012267,-1.4415806710438077,-1.1984957319825702,0.43741411919722806,-1.0388011424180428,-0.7101522318661447,0.1857869233888476,0.09518189874570722,0.034331573247288145,0.24207061628816554,-0.7387868407280257,0.2902781275799498,0.6125530498969479,0.612553049896948,0.2902781275799494,0.6125530498969481,0.6125530498969483
Greensboro College,Yes,608,494,176,10,31,649,314,8330,3770,550,1300,64.0,80,13.0,31,7949,39,-0.948005527600371,-0.9151957726268133,-1.0804265865978688,-1.2174962818199055,-1.2115291759910594,-0.0401638975233941,-0.4301108647036361,0.12378880488361321,0.1579982604829097,-0.6645466615014023,-0.13620911968157937,-0.2229029900664657,0.7420738947418721,-0.1521689296305995,0.8125,Low,0,1,-1.0987972149572356,0.6125530498969481,-0.9480055276003714,-0.9151957726268132,-1.0804265865978697,-1.217496281819906,-1.211529175991059,-0.04016389752339418,-0.4301108647036368,0.12378880488361355,0.15799826048290871,-0.6645466615014026,-0.13620911968157948,-0.2229029900664661,0.7420738947418717,-0.15216892963058043,0.35499426260939454,0.6125530498969479,0.612553049896948,0.35499426260939415,0.6125530498969481,0.6125530498969483
Greenville College,Yes,510,387,194,20,46,771,53,10310,4530,400,800,57.0,61,14.3,16,8222,60,-1.1261859970174133,-1.1809595744551817,-0.960498589814217,-0.26074560260699386,-0.9930415128967993,-1.0758100290848978,0.09558321013594527,-1.0388011424180428,-0.8318078970334455,-1.057488442042449,-1.2980146652677276,0.11004466967325688,-0.4323290036172367,-0.06169056102147049,0.7588235294117647,Medium,1,1,0.3581403891754813,0.6125530498969481,-1.1261859970174137,-1.1809595744551817,-0.9604985898142178,-0.26074560260699425,-0.9930415128967989,-1.0758100290848978,0.09558321013594455,-1.0388011424180428,-0.8318078970334465,-1.0574884420424495,-1.2980146652677276,0.11004466967325646,-0.4323290036172371,-0.06169056102145142,-0.0914057766581566,0.6125530498969479,0.612553049896948,-0.09140577665815705,0.6125530498969481,0.6125530498969483
Grinnell College,Yes,2039,1389,432,56,91,1333,30,15688,4618,400,400,88.0,92,9.5,54,18979,83,0.2190256655524695,0.16220977380949417,-0.03891676188660882,1.4781382686650963,-0.35072555142431705,-1.3705870945384853,1.249831703459825,-1.0388011424180428,-2.184287331771188,1.0280025774963892,0.8745903245365926,-1.1932219027537532,2.063646228817461,1.7237199570533381,0.6812162824914174,High,2,1,1.8150779933081982,0.6125530498969481,0.21902566555246913,0.16220977380949425,-0.03891676188660951,1.478138268665096,-0.3507255514243166,-1.3705870945384853,1.2498317034598243,-1.0388011424180428,-2.184287331771189,1.0280025774963888,0.8745903245365925,-1.1932219027537536,2.0636462288174604,1.7237199570533572,-0.642420923021338,0.6125530498969479,0.612553049896948,-0.6424209230213386,0.6125530498969481,0.6125530498969483
Grove City College,Yes,2491,1110,573,57,88,2213,35,5224,3048,525,350,65.0,65,18.4,18,4957,100,0.40239768041826546,-0.06497108971063867,0.2601639780215356,1.5115579172644587,0.17914989395437683,-1.2925434929444524,-1.4546000217585429,-0.04901447100702777,-2.436834747548569,-0.6047051624414783,-1.0947584403093151,1.0873005949977204,-0.2501326687269887,-1.6075700829507482,0.4456041750301084,Low,0,1,-1.0987972149572356,0.6125530498969481,0.4023976804182651,-0.0649710897106386,0.260163978021535,1.5115579172644582,0.17914989395437728,-1.2925434929444524,-1.4546000217585435,-0.04901447100702746,-2.43683474754857,-0.6047051624414786,-1.0947584403093151,1.08730059499772,-0.2501326687269891,-1.6075700829507291,-1.771669973922498,0.6125530498969479,0.612553049896948,-1.7716699739224988,0.6125530498969481,0.6125530498969483
Guilford College,Yes,1202,1054,326,18,44,1410,299,13404,5160,450,1050,78.0,86,15.6,30,9114,65,-0.27805666357553327,-0.11792611331290927,-0.35023581072026044,-0.41691464264756517,-0.2890861741380078,-0.07097514722219393,0.7976122679305485,-0.6143252338289236,-0.2818088082871408,0.2576999703306144,0.3405662242258264,0.4309706158083841,0.6744919519989533,0.20427244113168902,0.8768718801996672,Medium,1,1,0.3581403891754813,0.6125530498969481,-0.2780566635755336,-0.1179261133129092,-0.35023581072026116,-0.41691464264756556,-0.28908617413800736,-0.070975147222194,0.7976122679305478,-0.6143252338289233,-0.2818088082871418,0.25769997033061404,0.3405662242258263,0.4309706158083837,0.6744919519989528,0.2042724411317081,0.9695926355062274,0.6125530498969479,0.612553049896948,0.9695926355062272,0.6125530498969481,0.6125530498969483
Gustavus Adolphus College,Yes,1709,1385,634,36,72,2281,50,14125,3600,400,700,79.0,89,12.5,58,9907,80,0.0550906995561545,0.15931025661721843,0.3641452797503257,0.683476302864234,0.20896242502085063,-1.1068217867258,0.9454930857126325,-1.0388011424180428,-1.0978374622751548,0.3305429069207441,0.6002637149158834,-0.3544948895129964,2.2607507618422296,0.4090762781388948,0.8104154476301931,Medium,1,1,0.3581403891754813,0.6125530498969481,0.05509069955615415,0.1593102566172185,0.36414527975032507,0.6834763028642336,0.20896242502085108,-1.1068217867258,0.9454930857126318,-1.0388011424180428,-1.0978374622751559,0.33054290692074373,0.6002637149158833,-0.3544948895129968,2.260750761842229,0.4090762781389139,0.33658071863127026,0.6125530498969479,0.612553049896948,0.33658071863126987,0.6125530498969481,0.6125530498969483
Gwynedd Mercy College,Yes,380,237,104,30,56,716,1108,11000,5550,500,500,36.0,41,7.8,22,7483,96,-1.4295284754971922,-1.7282097831022822,-1.7593507618111646,0.3771313679720627,-1.0859085089215643,0.8009815922695239,0.26304399623972125,-0.22914901677242944,-1.756532921293452,-1.9645552609015684,-2.0249833565326143,-1.715017190369391,0.08579840488433134,-0.31823385260001785,0.6236842105263158,Medium,1,1,0.3581403891754813,0.6125530498969481,-1.4295284754971926,-1.7282097831022822,-1.7593507618111655,0.3771313679720623,-1.0859085089215639,0.8009815922695238,0.2630439962397205,-0.22914901677242913,-1.756532921293453,-1.9645552609015688,-2.0249833565326143,-1.7150171903693914,0.08579840488433095,-0.31823385259999876,-0.9869105292617171,0.6125530498969479,0.612553049896948,-0.9869105292617177,0.6125530498969481,0.6125530498969483
Hamilton College,Yes,3140,1783,454,40,82,1646,24,19700,5050,300,800,91.0,96,9.6,60,17761,91,0.611120778506763,0.4110765299495872,0.014626229581928404,0.8661712529818544,-0.12309067320404811,-1.4811146683151193,1.949106660828179,-2.0489462340837274,-0.8318078970334455,1.2772512278910106,1.263654675854437,-1.1637120187547967,2.356633289468622,1.6098135400012479,0.5678343949044586,High,2,1,1.8150779933081982,0.6125530498969481,0.6111207785067627,0.41107652994958727,0.01462622958192773,0.8661712529818539,-0.12309067320404765,-1.4811146683151193,1.9491066608281784,-2.0489462340837274,-0.8318078970334465,1.2772512278910102,1.263654675854437,-1.1637120187547971,2.3566332894686215,1.609813540001267,-1.275323232054648,0.6125530498969479,0.612553049896948,-1.2753232320546486,0.6125530498969481,0.6125530498969483
Hamline University,Yes,1006,825,328,34,73,1362,102,13252,4194,450,550,89.0,93,13.0,33,10296,65,-0.4498460122961685,-0.37110243131806503,-0.3433285130579277,0.5861080901616065,-0.3270129749480404,-0.7146745176286052,0.765772987208116,-0.6143252338289236,-1.5716298036474603,1.1101537037083895,0.9693375120855497,-0.2229029900664657,0.8739402534841448,0.5005387643266624,0.820079522862823,Medium,1,1,0.3581403891754813,0.6125530498969481,-0.44984601229616883,-0.371102431318065,-0.34332851305792844,0.586108090161606,-0.32701297494803994,-0.7146745176286053,0.7657729872081154,-0.6143252338289233,-1.5716298036474614,1.110153703708389,0.9693375120855496,-0.2229029900664661,0.8739402534841444,0.5005387643266815,0.4227077794493924,0.6125530498969479,0.612553049896948,0.4227077794493921,0.6125530498969481,0.6125530498969483
Hampden - Sydney College,Yes,817,644,307,20,40,945,1,13218,4773,660,600,95.0,97,13.3,53,12263,69,-0.6535138423995625,-0.6314840235499138,-0.41839668033275984,-0.26074560260699386,-0.7452877631339215,-2.6370339802857092,0.7586182446749695,0.8110292102757778,-1.4016694654541817,1.6226316210808194,1.3651568927969056,-0.1449220622273889,2.0131860854053287,0.8925262175094214,0.7882496940024479,Medium,1,1,0.3581403891754813,0.6125530498969481,-0.6535138423995628,-0.6314840235499137,-0.41839668033276056,-0.26074560260699425,-0.7452877631339211,-2.6370339802857092,0.7586182446749689,0.8110292102757782,-1.4016694654541828,1.622631621080819,1.3651568927969056,-0.14492206222738932,2.0131860854053283,0.8925262175094405,0.14626329329555798,0.6125530498969479,0.612553049896948,0.14626329329555757,0.6125530498969481,0.6125530498969483
Hampton University,Yes,7178,3755,1433,25,63,4623,740,7161,3518,600,2000,60.0,64,14.0,9,6791,70,1.32815095096938,1.1280682705334475,1.1453146284495828,0.08298682799864276,0.8514749232203013,0.5215558668769629,-0.7802454760933557,0.4497726389260374,1.0665053144911143,-0.8946430399991983,-1.1475366140165175,0.03433157324728856,-1.18236541463741,-0.5966248728245733,0.5231262190025077,Low,0,1,-1.0987972149572356,0.6125530498969481,1.3281509509693796,1.1280682705334475,1.1453146284495823,0.08298682799864236,0.8514749232203017,0.5215558668769628,-0.7802454760933564,0.4497726389260378,1.0665053144911132,-0.8946430399991986,-1.1475366140165175,0.034331573247288145,-1.1823654146374105,-0.5966248728245542,-1.4768515828219442,0.6125530498969479,0.612553049896948,-1.4768515828219448,0.6125530498969481,0.6125530498969483
Hanover College,Yes,1006,837,317,33,65,1024,15,8200,3485,500,1200,84.0,84,10.6,26,9248,64,-0.4498460122961685,-0.356058309324207,-0.38193503238814336,0.5357381533712033,-0.650528804664476,-1.7040137178469246,-0.4673841666852411,-0.22914901677242944,-0.007646689375954711,0.7087119890670915,0.17540598418550252,-0.8749639552550215,0.3918121831278882,0.24077386350971566,0.8320079522862823,Low,0,1,-1.0987972149572356,0.6125530498969481,-0.44984601229616883,-0.35605830932420696,-0.3819350323881441,0.5357381533712029,-0.6505288046644756,-1.7040137178469246,-0.4673841666852418,-0.22914901677242913,-0.007646689375955717,0.7087119890670912,0.1754059841855024,-0.8749639552550219,0.3918121831278878,0.24077386350973473,0.5317223460642654,0.6125530498969479,0.612553049896948,0.531722346064265,0.6125530498969481,0.6125530498969483
Hardin-Simmons University,Yes,467,424,350,16,40,1365,334,6300,2980,700,2140,75.0,79,13.7,10,7054,38,-1.2163259737027234,-1.0810353867357665,-0.27040980620663224,-0.5868962977653778,-0.324595113488898,-0.001105111415008997,-1.062974741569998,1.0362571162148249,1.2118369790907868,0.0447497870211825,-0.21028570541136532,-0.042038843535126456,-1.060970526681064,-0.4858658061761603,0.9079229122055674,Low,0,1,-1.0987972149572356,0.6125530498969481,-1.2163259737027239,-1.0810353867357665,-0.27040980620663296,-0.5868962977653782,-0.3245951134888976,-0.00110511141500907,-1.0629747415699986,1.0362571162148253,1.2118369790907857,0.04474978702118213,-0.21028570541136543,-0.04203884353512687,-1.0609705266810645,-0.4858658061761412,1.2997738675322914,0.6125530498969479,0.612553049896948,1.2997738675322912,0.6125530498969481,0.6125530498969483
Harding University,Yes,1721,1068,806,35,75,3128,213,5504,3528,700,910,71.0,77,17.7,37,6466,73,0.06162815465679168,-0.10441007424538329,0.6044441737460043,0.635335268105144,0.5085031984856648,-0.2807969584720931,-1.3479403131427794,1.0362571162148249,-0.5726214645732638,-0.22617376518526458,-0.3539307841170397,0.9272842059255697,1.1257980885897985,-0.7429920894508364,0.620569436374201,Low,0,1,-1.0987972149572356,0.6125530498969481,0.061628154656791334,-0.10441007424538322,0.6044441737460038,0.6353352681051435,0.5085031984856653,-0.28079695847209313,-1.34794031314278,1.0362571162148253,-0.5726214645732648,-0.22617376518526494,-0.3539307841170398,0.9272842059255693,1.125798088589798,-0.7429920894508173,-1.0041407486147298,0.6125530498969479,0.612553049896948,-1.0041407486147305,0.6125530498969481,0.6125530498969483
Hartwick College,Yes,2083,1725,430,22,49,1464,67,17480,4780,500,700,75.0,87,12.3,32,11625,73,0.23870662228899342,0.3783667642339389,-0.043939760529966405,-0.1160987382636973,-0.2482560355627992,-0.9491810589817518,1.5751606031649226,-0.22914901677242944,-1.0978374622751548,0.0447497870211825,0.4255260215207906,-0.40771996836088487,0.808539510579746,0.7766534064920505,0.828132501200192,High,2,1,1.8150779933081982,0.6125530498969481,0.23870662228899306,0.37836676423393895,-0.04393976052996709,-0.1160987382636977,-0.24825603556279877,-0.9491810589817519,1.575160603164922,-0.22914901677242913,-1.0978374622751559,0.04474978702118213,0.4255260215207905,-0.40771996836088525,0.8085395105797456,0.7766534064920696,0.49597288043335014,0.6125530498969479,0.612553049896948,0.4959728804333498,0.6125530498969481,0.6125530498969483
Harvard University,Yes,13865,2165,1606,90,100,6862,320,18485,6410,500,1920,97.0,97,9.9,52,37219,100,1.8687246441194687,0.6015677963620925,1.2468136844670838,2.418171377619397,1.1695890306086658,-0.028213689122326493,1.7480952755520183,-0.22914901677242944,0.9791690533013222,1.8009168658667163,1.3651568927969056,-1.0758964274030898,1.9622254883185175,2.6752533025622958,0.1561485755499459,High,2,1,1.8150779933081982,0.6125530498969481,1.8687246441194683,0.6015677963620926,1.2468136844670834,2.4181713776193967,1.1695890306086663,-0.028213689122326566,1.7480952755520176,-0.22914901677242913,0.9791690533013212,1.8009168658667158,1.3651568927969056,-1.0758964274030902,1.962225488318517,2.675253302562315,-2.4176797360616096,0.6125530498969479,0.612553049896948,-2.4176797360616105,0.6125530498969481,0.6125530498969483
Harvey Mudd College,Yes,1377,572,178,95,100,654,5,17230,6690,700,900,100.0,100,8.2,46,21569,100,-0.14837279223255803,-0.7577004037231526,-1.066419620925623,2.53127593336289,-1.2016191413504913,-2.1648813283667963,1.531132215525303,1.0362571162148249,-0.5949489827396871,2.0753417906703646,1.6800113003699915,-1.588580481499189,1.6450848531462385,1.9321621437399117,0.4153957879448075,High,2,1,1.8150779933081982,0.6125530498969481,-0.1483727922325584,-0.7577004037231525,-1.0664196209256238,2.5312759333628896,-1.2016191413504909,-2.1648813283667963,1.5311322155253024,1.0362571162148253,-0.5949489827396881,2.075341790670364,1.6800113003699915,-1.5885804814991895,1.645084853146238,1.9321621437399308,-1.8697616955902883,0.6125530498969479,0.612553049896948,-1.8697616955902892,0.6125530498969481,0.6125530498969483
Hastings College,Yes,817,708,262,22,52,935,37,9376,3272,500,1902,57.0,63,13.0,17,7335,52,-0.6535138423995625,-0.5313565747488515,-0.6013418715394226,-0.1160987382636973,-0.7579689513940482,-1.2640771217354958,-0.14326502428905635,-0.22914901677242944,0.9590544754064708,-1.057488442042449,-1.1989966331316235,-0.2229029900664657,-0.3398815888114029,-0.3743539292342936,0.8665850673194615,Medium,1,1,0.3581403891754813,0.6125530498969481,-0.6535138423995628,-0.5313565747488513,-0.6013418715394234,-0.1160987382636977,-0.7579689513940477,-1.2640771217354958,-0.14326502428905707,-0.22914901677242913,0.9590544754064698,-1.0574884420424495,-1.1989966331316235,-0.2229029900664661,-0.3398815888114033,-0.3743539292342745,0.8651982785302608,0.6125530498969479,0.612553049896948,0.8651982785302605,0.6125530498969481,0.6125530498969483
Hendrix College,Yes,823,721,274,52,87,954,6,8800,3195,500,1200,82.0,99,13.1,26,8588,63,-0.646300292739916,-0.512202588301007,-0.5492033907451567,1.3395598524165766,-0.7340137053110766,-2.094995825938468,-0.29845674819453677,-0.22914901677242944,-0.007646689375954711,0.5546527948873138,1.5733239615731247,-0.19682982022428813,0.3918121831278882,0.05258623754303894,0.8760631834750912,Medium,1,1,0.3581403891754813,0.6125530498969481,-0.6463002927399163,-0.5122025883010068,-0.5492033907451574,1.3395598524165762,-0.7340137053110761,-2.094995825938468,-0.2984567481945375,-0.22914901677242913,-0.007646689375955717,0.5546527948873134,1.5733239615731247,-0.19682982022428855,0.3918121831278878,0.05258623754305801,0.9612973685273872,0.6125530498969479,0.612553049896948,0.961297368527387,0.6125530498969481,0.6125530498969483
Hillsdale College,Yes,920,745,347,35,66,1133,42,11090,4700,400,750,80.0,80,12.0,31,12639,79,-0.5369307271740181,-0.47779217501023674,-0.2800372043128475,0.635335268105144,-0.5334859436031479,-1.1984957319825702,0.28437290472347404,-1.0388011424180428,-0.960715953306189,0.4043159082560863,-0.13620911968157937,-0.4882106691982931,0.7420738947418721,0.9565533110951391,0.8097826086956522,Medium,1,1,0.3581403891754813,0.6125530498969481,-0.5369307271740185,-0.4777921750102367,-0.28003720431284823,0.6353352681051435,-0.5334859436031475,-1.1984957319825702,0.2843729047234733,-1.0388011424180428,-0.96071595330619,0.40431590825608593,-0.13620911968157948,-0.4882106691982935,0.7420738947418717,0.9565533110951582,0.3310084003318052,0.6125530498969479,0.612553049896948,0.3310084003318048,0.6125530498969481,0.6125530498969483
Hiram College,Yes,922,729,244,37,66,1000,275,14067,4560,400,1000,75.0,95,10.6,34,12165,79,-0.5348078513130661,-0.5005981241933966,-0.6849422329510908,0.7305835658560428,-0.678347559344125,-0.1233331621777771,0.9337829814715611,-1.0388011424180428,-0.3813083118461038,0.0447497870211825,1.1638582779526243,-0.8749639552550215,0.9383237726310382,0.8753386183800066,0.7906724511930586,Medium,1,1,0.3581403891754813,0.6125530498969481,-0.5348078513130664,-0.5005981241933964,-0.6849422329510916,0.7305835658560423,-0.6783475593441246,-0.12333316217777716,0.9337829814715605,-1.0388011424180428,-0.3813083118461048,0.04474978702118213,1.1638582779526243,-0.8749639552550219,0.9383237726310377,0.8753386183800257,0.16658403172972747,0.6125530498969479,0.612553049896948,0.16658403172972705,0.6125530498969481,0.6125530498969483
Hobart and William Smith Colleges,Yes,2688,2081,500,25,53,1792,5,19029,5841,600,600,99.0,99,12.1,37,13040,79,0.4714020497263142,0.5629456541993193,0.11749445984032286,0.08298682799864276,-0.03430018793400053,-2.1648813283667963,1.8391365712655803,0.4497726389260374,-1.4016694654541817,1.9829336861494546,1.5733239615731247,-0.4612920948206636,1.1257980885897985,1.021677631706513,0.7741815476190477,High,2,1,1.8150779933081982,0.6125530498969481,0.4714020497263139,0.5629456541993194,0.1174944598403222,0.08298682799864236,-0.034300187934000075,-2.1648813283667963,1.8391365712655796,0.4497726389260378,-1.4016694654541828,1.9829336861494542,1.5733239615731247,-0.46129209482066397,1.125798088589798,1.0216776317065321,0.030551427566034836,0.6125530498969479,0.612553049896948,0.03055142756603441,0.6125530498969481,0.6125530498969483
Hofstra University,Yes,7428,5860,1349,25,63,6534,1350,11600,5920,1000,1000,81.0,90,13.9,10,10093,60,1.3569123747742216,1.5389952049931082,1.090785576487059,0.08298682799864276,1.1316204207012013,0.9413379501491166,0.40313794040544176,2.438259845296428,-0.3813083118461038,0.47901914729053885,0.6900649668386472,0.008948736859618622,-1.060970526681064,0.45348725060796985,0.7889068389876144,Medium,1,1,0.3581403891754813,0.6125530498969481,1.356912374774221,1.5389952049931082,1.0907855764870587,0.08298682799864236,1.1316204207012017,0.9413379501491165,0.40313794040544104,2.438259845296429,-0.3813083118461048,0.47901914729053846,0.690064966838647,0.008948736859618205,-1.0609705266810645,0.45348725060798895,0.1517635352947003,0.6125530498969479,0.612553049896948,0.15176353529469988,0.6125530498969481,0.6125530498969483
Hollins College,Yes,602,498,215,26,58,795,74,13470,5515,500,850,78.0,91,11.1,48,13957,72,-0.9579995396683371,-0.9064909849397514,-0.8358075264018134,0.14524475095617614,-0.9550134884745987,-0.8945956011036518,0.8113633727646032,-0.22914901677242944,-0.7101522318661437,0.2576999703306144,0.781503315639944,-0.7346353504225267,1.753076593954856,1.1596203246699044,0.8272425249169435,Medium,1,1,0.3581403891754813,0.6125530498969481,-0.9579995396683374,-0.9064909849397513,-0.8358075264018142,0.14524475095617576,-0.9550134884745982,-0.8945956011036519,0.8113633727646026,-0.22914901677242913,-0.7101522318661447,0.25769997033061404,0.7815033156399439,-0.7346353504225271,1.7530765939548556,1.1596203246699235,0.48780845062531436,0.6125530498969479,0.612553049896948,0.487808450625314,0.6125530498969481,0.6125530498969483
Hood College,Yes,699,565,176,36,64,710,399,13960,6040,450,690,82.0,88,14.4,34,12434,72,-0.8082061155598296,-0.77086778946459,-1.0804265865978688,0.683476302864234,-1.0965632781871604,0.1125752894937959,0.9120963470771873,-0.6143252338289236,-1.1263459281786772,0.5546527948873138,0.5120879513281108,0.13513949985508442,0.9383237726310382,0.9220150920899421,0.8082975679542204,Medium,1,1,0.3581403891754813,0.6125530498969481,-0.8082061155598299,-0.7708677894645899,-1.0804265865978697,0.6834763028642336,-1.09656327818716,0.11257528949379583,0.9120963470771867,-0.6143252338289233,-1.1263459281786783,0.5546527948873134,0.5120879513281107,0.135139499855084,0.9383237726310377,0.9220150920899612,0.3179646114672819,0.6125530498969479,0.612553049896948,0.3179646114672815,0.6125530498969481,0.6125530498969483
Hope College,Yes,1712,1483,624,37,69,2505,208,12275,4341,465,1100,72.0,81,12.5,40,9284,72,0.05672967068882657,0.2278903533779444,0.34791142036574824,0.7305835658560428,0.2999935566240761,-0.29525492092209876,0.5551649351968275,-0.49500917739831735,-0.18660316336359328,-0.15983625199593327,-0.06061368145330422,-0.3544948895129964,1.3055390172857926,0.2504415033228476,0.8662383177570093,Medium,1,1,0.3581403891754813,0.6125530498969481,0.05672967068882622,0.22789035337794447,0.3479114203657476,0.7305835658560423,0.29999355662407656,-0.2952549209220988,0.5551649351968269,-0.49500917739831707,-0.18660316336359428,-0.15983625199593363,-0.060613681453304334,-0.3544948895129968,1.3055390172857921,0.2504415033228667,0.8617215802700602,0.6125530498969479,0.612553049896948,0.86172158027006,0.6125530498969481,0.6125530498969483
Houghton College,Yes,949,786,302,30,70,1210,26,9990,3550,500,1500,85.0,90,15.0,24,8187,67,-0.5066230243438274,-0.4216623358394572,-0.4371446928928862,0.3771313679720627,-0.45878188838453043,-1.441805254319573,0.015414587447292122,-0.22914901677242944,0.4565936404384389,0.7871378673668015,0.6900649668386472,0.28425398250735084,0.24207061628816592,-0.07302980440233547,0.8282402528977871,Medium,1,1,0.3581403891754813,0.6125530498969481,-0.5066230243438278,-0.42166233583945717,-0.43714469289288693,0.3771313679720623,-0.45878188838453,-1.441805254319573,0.015414587447291404,-0.22914901677242913,0.4565936404384379,0.7871378673668011,0.690064966838647,0.28425398250735046,0.24207061628816554,-0.0730298044023164,0.49696251300925937,0.6125530498969479,0.612553049896948,0.49696251300925903,0.6125530498969481,0.6125530498969483
Huntingdon College,Yes,608,520,127,26,47,538,126,8080,3920,500,1100,63.0,72,11.4,9,7703,44,-0.948005527600371,-0.8599120273372153,-1.4952729004337388,0.14524475095617614,-1.4589589686396698,-0.5931666512855114,-0.5021364287288346,-0.22914901677242944,-0.18660316336359328,-0.7234609819608288,-0.6873174824544503,-0.6516401064957508,-1.18236541463741,-0.23790363839987605,0.8552631578947368,Low,0,1,-1.0987972149572356,0.6125530498969481,-0.9480055276003714,-0.8599120273372152,-1.4952729004337397,0.14524475095617576,-1.4589589686396693,-0.5931666512855115,-0.5021364287288352,-0.22914901677242913,-0.18660316336359428,-0.7234609819608291,-0.6873174824544505,-0.6516401064957512,-1.1823654146374105,-0.23790363839985698,0.7530846487137506,0.6125530498969479,0.612553049896948,0.7530846487137504,0.6125530498969481,0.6125530498969483
Huntington College,Yes,450,430,125,20,46,488,43,9950,3920,300,1300,76.0,76,11.8,25,9466,47,-1.2544442567284777,-1.0657126382354247,-1.5159709940681099,-0.26074560260699386,-1.591674408298753,-1.1862220496917506,0.005275467244584463,-2.0489462340837274,0.1579982604829097,0.11480358880148679,-0.42352364534226566,-0.5423177327277025,0.31770887154146105,0.2984459440699165,0.9555555555555556,Medium,1,1,0.3581403891754813,0.6125530498969481,-1.2544442567284781,-1.0657126382354247,-1.5159709940681108,-0.26074560260699425,-1.5916744082987526,-1.1862220496917506,0.005275467244583745,-2.0489462340837274,0.15799826048290871,0.11480358880148643,-0.4235236453422658,-0.5423177327277029,0.31770887154146066,0.2984459440699356,1.852552139037151,0.6125530498969479,0.612553049896948,1.852552139037151,0.6125530498969481,0.6125530498969483
Huron University,Yes,600,197,124,3,9,392,69,7260,3090,600,1840,31.0,35,12.9,4,9249,21,-0.9613546221872475,-1.9391716315901373,-1.5264630410834295,-2.490004639445861,-1.9001598388118637,-0.9330797465670045,-0.7491977471321518,0.4497726389260374,0.8883947138245588,-2.120650129475838,-2.160147966881404,-0.24905677256531966,-1.9198799308640517,0.2410431925340111,0.3283333333333333,Low,0,1,-1.0987972149572356,0.6125530498969481,-0.9613546221872479,-1.9391716315901373,-1.5264630410834303,-2.4900046394458615,-1.9001598388118632,-0.9330797465670047,-0.7491977471321525,0.4497726389260378,0.8883947138245578,-2.1206501294758384,-2.160147966881404,-0.24905677256532008,-1.9198799308640522,0.24104319253403017,-2.106988223721651,0.6125530498969479,0.612553049896948,-2.1069882237216517,0.6125530498969481,0.6125530498969483
Husson College,Yes,723,652,361,10,30,951,706,7800,4000,350,1500,36.0,44,22.0,4,4923,84,-0.7745801343224777,-0.6183998661906499,-0.23590665928608784,-1.2174962818199055,-0.7377572739878981,0.48963054946312307,-0.5845649575677309,-1.5123285343587667,0.4565936404384389,-1.9645552609015684,-1.9441785574545383,1.8736343382931653,-1.9198799308640517,-1.631658029719429,0.9017980636237898,Low,0,1,-1.0987972149572356,0.6125530498969481,-0.7745801343224781,-0.6183998661906498,-0.23590665928608853,-1.217496281819906,-0.7377572739878977,0.489630549463123,-0.5845649575677315,-1.5123285343587667,0.4565936404384379,-1.9645552609015688,-1.9441785574545383,1.8736343382931648,-1.9198799308640522,-1.6316580297194099,1.2328172120275507,0.6125530498969479,0.612553049896948,1.2328172120275505,0.6125530498969481,0.6125530498969483
Illinois Benedictine College,Yes,607,558,269,22,47,1222,519,10500,4348,650,1500,81.0,91,11.6,29,8324,75,-0.9496638350511255,-0.7842106516825832,-0.5706016723949017,-0.1160987382636973,-0.4476621227353553,0.28397209534078993,0.14241229539730088,0.7528645357434074,0.4565936404384389,0.47901914729053885,0.781503315639944,-0.5967914238632761,0.605737985971725,-0.029065114096444016,0.9192751235584844,Medium,1,1,0.3581403891754813,0.6125530498969481,-0.9496638350511258,-0.7842106516825831,-0.5706016723949024,-0.1160987382636977,-0.44766212273535483,0.2839720953407899,0.14241229539730016,0.7528645357434078,0.4565936404384379,0.47901914729053846,0.7815033156399439,-0.5967914238632765,0.6057379859717246,-0.029065114096424944,1.4263093652330308,0.6125530498969479,0.612553049896948,1.4263093652330305,0.6125530498969481,0.6125530498969483
Illinois College,Yes,894,787,262,28,63,909,28,8050,3850,600,1000,75.0,75,15.6,30,7348,52,-0.5649873630927407,-0.4203327066591424,-0.6013418715394226,0.26440143846515807,-0.7917285775512979,-1.4050727970678636,-0.5108774058803224,0.4497726389260374,-0.3813083118461038,0.0447497870211825,-0.4916463924532397,0.4309706158083841,0.6744919519989533,-0.3693547100307329,0.8803131991051454,Low,0,1,-1.0987972149572356,0.6125530498969481,-0.564987363092741,-0.42033270665914235,-0.6013418715394234,0.2644014384651577,-0.7917285775512974,-1.4050727970678636,-0.510877405880323,0.4497726389260378,-0.3813083118461048,0.04474978702118213,-0.4916463924532398,0.4309706158083837,0.6744919519989528,-0.3693547100307138,1.0050620747045824,0.6125530498969479,0.612553049896948,1.0050620747045822,0.6125530498969481,0.6125530498969483
Illinois Institute of Technology,Yes,1756,1360,478,42,77,1911,626,14550,4620,500,700,75.0,88,12.3,26,12851,56,0.0804199108028932,0.14098287153042266,0.06972351130966178,0.9521981331052524,0.03178405909375189,0.40859286200903955,1.0303509001660152,-0.22914901677242944,-1.0978374622751548,0.0447497870211825,0.5120879513281108,-0.40771996836088487,0.3918121831278882,0.9913736948411526,0.7744874715261959,Medium,1,1,0.3581403891754813,0.6125530498969481,0.08041991080289285,0.14098287153042274,0.06972351130966112,0.9521981331052519,0.03178405909375235,0.4085928620090395,1.0303509001660145,-0.22914901677242913,-1.0978374622751559,0.04474978702118213,0.5120879513281107,-0.40771996836088525,0.3918121831278878,0.9913736948411717,0.0330266383362731,0.6125530498969479,0.612553049896948,0.033026638336272666,0.6125530498969481,0.6125530498969483
Illinois State University,No,8681,6695,2408,10,35,15701,1823,7799,3403,537,2605,77.0,84,21.0,16,5569,54,1.4869549114392402,1.659514479520938,1.5932656228117485,-1.2174962818199055,1.7531513471038853,1.15940607764743,-0.5848628014724908,0.034806484299103525,1.6383286418795582,0.18578692338884797,0.17540598418550252,1.660902564484489,-0.4323290036172367,-1.2134679598379128,0.7712245133049188,Low,0,0,-1.0987972149572356,-1.6325116659989423,1.4869549114392397,1.659514479520938,1.593265622811748,-1.217496281819906,1.7531513471038858,1.15940607764743,-0.5848628014724915,0.03480648429910385,1.638328641879557,0.1857869233888476,0.1754059841855024,1.6609025644844886,-0.4323290036172371,-1.2134679598378937,0.006719342278507013,-1.6325116659989425,-1.6325116659989423,0.00671934227850658,-1.6325116659989423,-1.6325116659989423
Illinois Wesleyan University,Yes,3050,1342,471,55,86,1818,23,14360,4090,400,650,77.0,92,12.9,34,9605,83,0.5850993605015202,0.12756260566561461,0.05398923112212263,1.4442444179862461,-0.01941348246340344,-1.501860118632481,0.9926185495155372,-1.0388011424180428,-1.244341330331405,0.18578692338884797,0.8745903245365926,-0.24905677256531966,0.9383237726310382,0.33416028034983364,0.44,Medium,1,1,0.3581403891754813,0.6125530498969481,0.5850993605015199,0.1275626056656147,0.05398923112212196,1.4442444179862457,-0.019413482463402982,-1.501860118632481,0.9926185495155365,-1.0388011424180428,-1.2443413303314061,0.1857869233888476,0.8745903245365925,-0.24905677256532008,0.9383237726310377,0.33416028034985273,-1.7905358126713455,0.6125530498969479,0.612553049896948,-1.7905358126713464,0.6125530498969481,0.6125530498969483
Immaculata College,Yes,268,253,103,16,44,494,1305,10000,5364,500,1000,56.0,64,11.2,33,7305,69,-1.7978120058994251,-1.6542652977023362,-1.7723179350158718,-0.5868962977653778,-1.574893390746455,0.9170801420841229,0.01794519882414195,-0.22914901677242944,-0.3813083118461038,-1.1099187310292482,-1.1475366140165175,-0.706872473805698,0.8739402534841448,-0.38594291767263433,0.9440298507462687,Medium,1,1,0.3581403891754813,0.6125530498969481,-1.7978120058994256,-1.6542652977023362,-1.7723179350158726,-0.5868962977653782,-1.5748933907464546,0.9170801420841228,0.017945198824141233,-0.22914901677242913,-0.3813083118461048,-1.1099187310292487,-1.1475366140165175,-0.7068724738056984,0.8739402534841444,-0.38594291767261524,1.7134611146184149,0.6125530498969479,0.612553049896948,1.7134611146184149,0.6125530498969481,0.6125530498969483
Incarnate Word College,Yes,1163,927,386,16,49,1685,556,8840,4689,750,2775,67.0,69,11.4,21,6095,95,-0.30972125495993,-0.25008884589685376,-0.16180612476084086,-0.5868962977653778,-0.09845921045265997,0.32951815628436965,-0.2874675143248177,1.302507133936391,1.7767680016734804,-0.4822397840169151,-0.870204749794732,-0.6516401064957508,0.004942020606680277,-0.9245993996634296,0.7970765262252795,Medium,1,1,0.3581403891754813,0.6125530498969481,-0.30972125495993036,-0.2500888458968537,-0.16180612476084155,-0.5868962977653782,-0.09845921045265951,0.3295181562843696,-0.28746751432481843,1.3025071339363914,1.7767680016734793,-0.4822397840169155,-0.8702047497947321,-0.6516401064957512,0.004942020606679884,-0.9245993996634105,0.2208620817759606,0.6125530498969479,0.612553049896948,0.2208620817759602,0.6125530498969481,0.6125530498969483
Indiana State University,No,5659,4761,3147,10,31,8596,1949,6892,3706,600,2500,72.0,76,16.6,8,6996,40,1.126387804512907,1.348828746242439,1.8104658998686924,-1.2174962818199055,1.339074343908947,1.2086999280647162,-0.866057261839144,0.4497726389260374,1.5485785299599362,-0.15983625199593327,-0.42352364534226566,0.6704997066339655,-1.310419180097965,-0.5097389089527896,0.8413147199151794,Low,0,0,-1.0987972149572356,-1.6325116659989423,1.1263878045129065,1.348828746242439,1.810465899868692,-1.217496281819906,1.3390743439089474,1.2086999280647162,-0.8660572618391447,0.4497726389260378,1.548578529959935,-0.15983625199593363,-0.4235236453422658,0.6704997066339651,-1.3104191800979654,-0.5097389089527705,0.618893107957464,-1.6325116659989425,-1.6325116659989423,0.6188931079574637,-1.6325116659989423,-1.6325116659989423
Indiana University at Bloomington,No,16587,13243,5873,25,72,24763,2717,9766,3990,600,2000,77.0,88,21.3,24,8686,68,2.0114287092639347,2.2592639208810295,2.2828499088298635,0.08298682799864276,2.03188249842534,1.4579931419035164,-0.04171263200687835,0.4497726389260374,1.0665053144911143,0.18578692338884797,0.5120879513281108,1.7251530108570303,0.24207061628816592,0.08191806425074992,0.7983963344788088,Medium,1,0,0.3581403891754813,-1.6325116659989423,2.0114287092639342,2.2592639208810295,2.282849908829863,0.08298682799864236,2.0318824984253405,1.4579931419035164,-0.041712632006879066,0.4497726389260378,1.0665053144911132,0.1857869233888476,0.5120879513281107,1.7251530108570299,0.24207061628816554,0.08191806425076899,0.2321505567461715,-1.6325116659989425,-1.6325116659989423,0.2321505567461711,-1.6325116659989423,-1.6325116659989423
Indiana Wesleyan University,Yes,735,423,366,20,48,2448,707,9210,3782,700,1000,49.0,51,39.8,15,6562,34,-0.7582131707247308,-1.0836116774120672,-0.22062206401116932,-0.26074560260699386,0.27779870746881996,0.4905893733252059,-0.18733238625873064,1.0362571162148249,-0.3813083118461038,-1.4510347803272612,-1.7185442855730702,5.156851526443917,-0.5277223720549751,-0.6985956883130491,0.5755102040816327,Medium,1,1,0.3581403891754813,0.6125530498969481,-0.7582131707247312,-1.0836116774120672,-0.22062206401117002,-0.26074560260699425,0.2777987074688204,0.49058937332520586,-0.18733238625873136,1.0362571162148253,-0.3813083118461048,-1.4510347803272616,-1.7185442855730702,5.156851526443917,-0.5277223720549755,-0.69859568831303,-1.2381856018714799,0.6125530498969479,0.612553049896948,-1.2381856018714805,0.6125530498969481,0.6125530498969483
Iona College,Yes,4892,3530,913,13,33,3906,1446,10690,6790,570,1150,66.0,83,16.0,14,8107,66,1.0010466087756706,1.069996077578086,0.7257477709242769,-0.8748385657786061,0.7071116148173894,0.9907116220966542,0.18868794392313795,0.25716645871250754,-0.0953232079457115,-0.5439362728703399,0.09518189874570733,0.5275108544518977,-0.6263490551654358,-0.09923108279292532,0.7215862632869992,Medium,1,1,0.3581403891754813,0.6125530498969481,1.0010466087756702,1.069996077578086,0.7257477709242763,-0.8748385657786065,0.7071116148173898,0.9907116220966541,0.18868794392313723,0.25716645871250793,-0.0953232079457125,-0.5439362728703402,0.09518189874570722,0.5275108544518973,-0.6263490551654363,-0.09923108279290625,-0.36894784228499317,0.6125530498969479,0.612553049896948,-0.36894784228499367,0.6125530498969481,0.6125530498969483
Iowa State University,No,8427,7424,3441,26,59,18676,1715,7550,3224,640,2055,81.0,88,19.2,22,8420,65,1.4622960429098137,1.7522501433853515,1.8809451986708152,0.14524475095617614,1.8626011948945165,1.1146106171085277,-0.6598208512842492,0.6939138933325513,1.1246910339530192,0.47901914729053885,0.5120879513281108,1.2671511833654492,0.08579840488433134,0.001082854580211965,0.8809778094220957,Low,0,0,-1.0987972149572356,-1.6325116659989423,1.4622960429098133,1.7522501433853515,1.8809451986708148,0.14524475095617576,1.862601194894517,1.1146106171085277,-0.6598208512842498,0.6939138933325517,1.124691033953018,0.47901914729053846,0.5120879513281107,1.2671511833654487,0.08579840488433095,0.0010828545802310362,1.0119439487374147,-1.6325116659989425,-1.6325116659989423,1.0119439487374144,-1.6325116659989423,-1.6325116659989423
Ithaca College,Yes,7259,5526,1368,23,52,5612,166,14424,6192,634,1000,58.0,79,11.5,25,9812,75,1.3375858952503183,1.4855425091814567,1.1034566582092182,-0.04753313995778422,1.0110675662859163,-0.43099780182840153,1.0053648297075841,0.658156662841263,-0.3813083118461038,-1.004132554468048,-0.21028570541136532,-0.6241683558478293,0.31770887154146105,0.38589373898628726,0.7612618818019011,Medium,1,1,0.3581403891754813,0.6125530498969481,1.337585895250318,1.4855425091814567,1.1034566582092178,-0.04753313995778462,1.0110675662859168,-0.4309978018284016,1.0053648297075835,0.6581566628412634,-0.3813083118461048,-1.0041325544680484,-0.21028570541136543,-0.6241683558478297,0.31770887154146066,0.38589373898630636,-0.07234217382778937,0.6125530498969479,0.612553049896948,-0.07234217382778982,0.6125530498969481,0.6125530498969483
James Madison University,No,11223,5285,2082,32,72,9652,742,7994,4544,500,732,77.0,81,17.9,29,5212,98,1.6979868672257188,1.4447794266648026,1.4713550366668495,0.48416411722208674,1.423027879868973,0.5233918439778878,-0.527251325783939,-0.22914901677242944,-1.0090774729873415,0.18578692338884797,-0.06061368145330422,0.9732634709368446,0.605737985971725,-1.4346976965659015,0.47090795687427606,Low,0,0,-1.0987972149572356,-1.6325116659989423,1.6979868672257183,1.4447794266648026,1.471355036666849,0.48416411722208635,1.4230278798689735,0.5233918439778877,-0.5272513257839396,-0.22914901677242913,-1.0090774729873426,0.1857869233888476,-0.060613681453304334,0.9732634709368442,0.6057379859717246,-1.4346976965658824,-1.6825371423902353,-1.6325116659989425,-1.6325116659989423,-1.6825371423902362,-1.6325116659989423,-1.6325116659989423
Jamestown College,Yes,472,410,262,14,41,9950,71,7620,3050,400,400,51.0,53,17.0,21,3186,54,-1.2053971726468804,-1.1177079109889028,-0.6013418715394226,-0.7737777547234982,1.4447083207995046,-0.9173936019423656,-0.6385862234204303,-1.0388011424180428,-2.184287331771188,-1.358194779853355,-1.644016946781447,0.764657306400675,0.004942020606680277,-3.35246999766273,0.8686440677966102,Low,0,1,-1.0987972149572356,0.6125530498969481,-1.2053971726468808,-1.1177079109889028,-0.6013418715394234,-0.7737777547234986,1.444708320799505,-0.9173936019423657,-0.6385862234204309,-1.0388011424180428,-2.184287331771189,-1.3581947798533553,-1.644016946781447,0.7646573064006745,0.004942020606679884,-3.352469997662711,0.8858994101441477,0.6125530498969479,0.612553049896948,0.8858994101441475,0.6125530498969481,0.6125530498969483
Jersey City State College,No,2957,1423,691,10,30,3817,1394,3946,4800,400,1500,63.0,67,14.9,10,8367,26,0.5573300636629228,0.1865008876707044,0.451360856019211,-1.2174962818199055,0.686949458584293,0.9643527787068817,-1.99613643549717,-1.0388011424180428,0.4565936404384389,-0.7234609819608288,-0.9851956007117693,0.25957157781628776,-1.060970526681064,-0.015495377615787636,0.48123097734190057,Low,0,0,-1.0987972149572356,-1.6325116659989423,0.5573300636629225,0.1865008876707045,0.4513608560192104,-1.217496281819906,0.6869494585842935,0.9643527787068816,-1.9961364354971707,-1.0388011424180428,0.4565936404384379,-0.7234609819608291,-0.9851956007117694,0.25957157781628737,-1.0609705266810645,-0.015495377615768564,-1.6442589141074377,-1.6325116659989425,-1.6325116659989423,-1.6442589141074386,-1.6325116659989423,-1.6325116659989423
John Brown University,Yes,605,405,284,24,53,961,99,6398,3672,400,1350,68.0,68,13.3,19,8118,75,-0.9529892532052998,-1.1311303308650338,-0.5077258642752942,0.018775285270126344,-0.7253342153817128,-0.7316464440072331,-1.0295611507420503,-1.0388011424180428,0.236441135041996,-0.4196154901574144,-0.9283850943804479,-0.1449220622273889,-0.16286735762255852,-0.0956048055916601,0.6694214876033058,Low,0,1,-1.0987972149572356,0.6125530498969481,-0.9529892532053001,-1.1311303308650338,-0.507725864275295,0.018775285270125945,-0.7253342153817124,-0.7316464440072332,-1.029561150742051,-1.0388011424180428,0.236441135041995,-0.4196154901574148,-0.928385094380448,-0.14492206222738932,-0.1628673576225589,-0.09560480559164103,-0.7172334314754727,0.6125530498969479,0.612553049896948,-0.7172334314754732,0.6125530498969481,0.6125530498969483
John Carroll University,Yes,2421,2109,820,27,57,3168,392,11700,5550,600,450,89.0,90,14.5,28,7738,89,0.3764570905268705,0.5760022045260782,0.6213422611169798,0.20567765393688317,0.5201276815486949,0.10117979378303912,0.4260208343292104,0.4497726389260374,-1.9593994081301285,1.1101537037083895,0.6900649668386472,0.16016400330539635,0.5357515534995189,-0.22544954656080984,0.8711276332094176,Medium,1,1,0.3581403891754813,0.6125530498969481,0.37645709052687015,0.5760022045260783,0.6213422611169792,0.20567765393688278,0.5201276815486954,0.10117979378303905,0.4260208343292097,0.4497726389260378,-1.9593994081301296,1.110153703708389,0.690064966838647,0.16016400330539593,0.5357515534995184,-0.22544954656079078,0.910998109747939,0.6125530498969479,0.612553049896948,0.9109981097479388,0.6125530498969481,0.6125530498969483
Johns Hopkins University,Yes,8474,3446,911,75,94,3566,1569,18800,6740,500,1040,96.0,97,3.3,38,56233,90,1.4669185630414592,1.047293369113513,0.7236339287125761,2.045929987248018,0.6268508512565583,1.0497689446447322,1.8010233631805077,-0.22914901677242944,-0.3013525141558685,1.7113078679607372,1.3651568927969056,-3.3676460789807687,1.186525502100285,3.108025357635535,0.40665565258437575,High,2,1,1.8150779933081982,0.6125530498969481,1.4669185630414587,1.047293369113513,0.7236339287125756,2.0459299872480177,0.6268508512565587,1.0497689446447322,1.801023363180507,-0.22914901677242913,-0.3013525141558695,1.7113078679607368,1.3651568927969056,-3.367646078980769,1.1865255021002845,3.108025357635554,-1.896533870617065,0.6125530498969479,0.612553049896948,-1.8965338706170658,0.6125530498969481,0.6125530498969483
Johnson State College,No,833,669,279,3,13,1224,345,7656,4690,500,624,80.0,91,14.4,15,6564,36,-0.6344021343576808,-0.5911567534996586,-0.5282504468415923,-2.490004639445861,-0.4458217677393723,0.01947740123324038,-0.6277154293158018,-0.22914901677242944,-1.3246966841267978,0.4043159082560863,0.781503315639944,0.13513949985508442,-0.5277223720549751,-0.697681424521434,0.8031212484993998,Low,0,0,-1.0987972149572356,-1.6325116659989423,-0.6344021343576811,-0.5911567534996585,-0.5282504468415931,-2.4900046394458615,-0.4458217677393719,0.019477401233240307,-0.6277154293158025,-0.22914901677242913,-1.3246966841267989,0.40431590825608593,0.7815033156399439,0.135139499855084,-0.5277223720549755,-0.6976814245214149,0.2728522816554673,-1.6325116659989425,-1.6325116659989423,0.27285228165546693,-1.6325116659989423,-1.6325116659989423
Judson College,Yes,313,228,137,10,30,552,67,9414,4554,500,1700,34.0,55,10.6,30,7840,56,-1.6329891306197586,-1.7721802074732504,-1.3971079459704356,-1.2174962818199055,-1.4244720253158938,-0.9491810589817518,-0.13324953634202852,-0.22914901677242944,0.7203603688354095,-2.0297486786913583,-1.5648105119584117,-0.8749639552550215,0.6744919519989533,-0.18964500496854877,0.7284345047923323,Medium,1,1,0.3581403891754813,0.6125530498969481,-1.632989130619759,-1.7721802074732504,-1.3971079459704365,-1.217496281819906,-1.4244720253158933,-0.9491810589817519,-0.13324953634202924,-0.22914901677242913,0.7203603688354085,-2.0297486786913588,-1.5648105119584117,-0.8749639552550219,0.6744919519989528,-0.1896450049685297,-0.3197809261198504,0.6125530498969479,0.612553049896948,-0.3197809261198509,0.6125530498969481,0.6125530498969483
Juniata College,Yes,1005,859,298,36,55,1075,43,14850,4460,450,420,97.0,97,12.7,37,12067,80,-0.4508120742710577,-0.3290669873594965,-0.45240261024656314,0.683476302864234,-0.5939662197619301,-1.1862220496917506,1.089274723443953,-0.6143252338289236,-2.09137264958608,1.8009168658667163,1.3651568927969056,-0.3016095177954872,1.1257980885897985,0.8579361201879058,0.854726368159204,Medium,1,1,0.3581403891754813,0.6125530498969481,-0.450812074271058,-0.32906698735949647,-0.45240261024656386,0.6834763028642336,-0.5939662197619296,-1.1862220496917506,1.0892747234439524,-0.6143252338289233,-2.0913726495860807,1.8009168658667158,1.3651568927969056,-0.3016095177954876,1.125798088589798,0.8579361201879249,0.7478407079450182,0.6125530498969479,0.612553049896948,0.7478407079450179,0.6125530498969481,0.6125530498969483
Kansas State University,No,5880,4075,2833,25,55,14914,2246,6995,3120,600,2000,76.0,86,18.5,22,6122,54,1.1591342821922757,1.2045436798156846,1.7262477150301772,0.08298682799864276,1.7199045682505993,1.314259602101976,-0.8329443422428213,0.4497726389260374,1.0665053144911143,0.11480358880148679,0.3405662242258264,1.1099549318779256,0.08579840488433134,-0.9108121965626677,0.6930272108843537,Low,0,0,-1.0987972149572356,-1.6325116659989423,1.1591342821922752,1.2045436798156846,1.7262477150301767,0.08298682799864236,1.7199045682505998,1.314259602101976,-0.832944342242822,0.4497726389260378,1.0665053144911132,0.11480358880148643,0.3405662242258263,1.1099549318779252,0.08579840488433095,-0.9108121965626486,-0.5652428358034279,-1.6325116659989425,-1.6325116659989423,-0.5652428358034285,-1.6325116659989423,-1.6325116659989423
Kansas Wesleyan University,Yes,589,575,148,16,40,474,258,8400,3250,500,1400,63.0,55,12.4,14,6535,68,-0.9800244962016154,-0.7521098570965266,-1.2982093485263821,-0.5868962977653778,-1.6318263674956581,-0.1630014514052179,-0.41019873029626974,-0.22914901677242944,0.3122382660840021,-0.7234609819608288,-1.5648105119584117,-0.38106451301120514,-0.6263490551654358,-0.7109804589439264,0.9762308998302207,Low,0,1,-1.0987972149572356,0.6125530498969481,-0.9800244962016157,-0.7521098570965264,-1.298209348526383,-0.5868962977653782,-1.6318263674956577,-0.163001451405218,-0.41019873029627046,-0.22914901677242913,0.3122382660840011,-0.7234609819608291,-1.5648105119584117,-0.38106451301120553,-0.6263490551654363,-0.7109804589439073,2.1109237814783284,0.6125530498969479,0.612553049896948,2.1109237814783284,0.6125530498969481,0.6125530498969483
Keene State College,No,3121,2446,822,5,19,3480,776,7870,4157,500,1150,73.0,73,16.1,13,6195,61,0.6056946120860138,0.7200022181202931,0.6237290485421779,-2.0101834480079033,0.6050620409040082,0.5539314621764868,-0.5637779152871232,-0.22914901677242944,-0.0953232079457115,-0.09256994792772753,-0.6235308993858222,0.5514920012666231,-0.7285459060471434,-0.8740006857173083,0.7837231656520346,Low,0,0,-1.0987972149572356,-1.6325116659989423,0.6056946120860135,0.7200022181202932,0.6237290485421774,-2.0101834480079037,0.6050620409040086,0.5539314621764867,-0.5637779152871238,-0.22914901677242913,-0.0953232079457125,-0.0925699479277279,-0.6235308993858223,0.5514920012666227,-0.7285459060471439,-0.8740006857172892,0.1086087547460534,-1.6325116659989425,-1.6325116659989423,0.108608754746053,-1.6325116659989423,-1.6325116659989423
Kentucky Wesleyan College,Yes,584,497,175,20,49,662,121,8000,4150,500,1300,57.0,65,11.3,32,7058,62,-0.9886347244110868,-0.9086601612572999,-1.0874988881911094,-0.26074560260699386,-1.185953481483404,-0.6166368948572631,-0.5254933800984002,-0.22914901677242944,0.1579982604829097,-1.057488442042449,-1.0947584403093151,-0.6792077728800088,0.808539510579746,-0.4842305462627455,0.851027397260274,Low,0,1,-1.0987972149572356,0.6125530498969481,-0.9886347244110871,-0.9086601612572998,-1.0874988881911103,-0.26074560260699425,-1.1859534814834036,-0.6166368948572633,-0.5254933800984009,-0.22914901677242913,0.15799826048290871,-1.0574884420424495,-1.0947584403093151,-0.6792077728800092,0.8085395105797456,-0.4842305462627264,0.7118796808807432,0.6125530498969479,0.612553049896948,0.7118796808807428,0.6125530498969481,0.6125530498969483
Kenyon College,Yes,2212,1538,408,44,75,1445,1,19240,3690,750,480,95.0,95,11.1,46,14067,88,0.29393321473833983,0.2642866046705118,-0.10103887908236638,1.0350695150852658,-0.2624098115544862,-2.6370339802857092,1.873988149721785,1.302507133936391,-1.8353244310995354,1.6226316210808194,1.1638582779526243,-0.7346353504225267,1.6450848531462385,1.175229830837454,0.6952983725135624,High,2,1,1.8150779933081982,0.6125530498969481,0.2939332147383395,0.26428660467051185,-0.10103887908236707,1.0350695150852653,-0.2624098115544858,-2.6370339802857092,1.8739881497217843,1.3025071339363914,-1.8353244310995365,1.622631621080819,1.1638582779526243,-0.7346353504225271,1.645084853146238,1.1752298308374731,-0.5501380518489453,0.6125530498969479,0.612553049896948,-0.5501380518489458,0.6125530498969481,0.6125530498969483
Keuka College,Yes,461,381,174,10,43,738,55,9600,4550,600,750,55.0,94,13.3,43,7863,51,-1.2296072235823068,-1.1981211994987153,-1.094617820713872,-1.2174962818199055,-1.0477518275373146,-1.0559990837916504,-0.08460572927136699,0.4497726389260374,-0.960715953306189,-1.161423662356272,1.0657563528339236,-0.1449220622273889,1.4783988095896108,-0.18167055173248053,0.8264642082429501,Medium,1,1,0.3581403891754813,0.6125530498969481,-1.2296072235823072,-1.1981211994987153,-1.0946178207138728,-1.217496281819906,-1.047751827537314,-1.0559990837916504,-0.08460572927136771,0.4497726389260378,-0.96071595330619,-1.1614236623562724,1.0657563528339236,-0.14492206222738932,1.4783988095896103,-0.18167055173246147,0.4806821649969043,0.6125530498969479,0.612553049896948,0.48068216499690397,0.6125530498969481,0.6125530498969483
King's College,Yes,1456,1053,381,20,45,500,541,10910,5160,400,1795,66.0,72,15.6,37,7649,87,-0.09551750311933323,-0.11889888083883796,-0.1761749294580478,-0.26074560260699386,-1.5583586581516218,0.3113969716909649,0.24160013217886947,-1.0388011424180428,0.8357145045581784,-0.5439362728703399,-0.6873174824544503,0.4309706158083841,1.1257980885897985,-0.25729069037897634,0.7232142857142857,Medium,1,1,0.3581403891754813,0.6125530498969481,-0.09551750311933357,-0.11889888083883789,-0.1761749294580485,-0.26074560260699425,-1.5583586581516213,0.31139697169096486,0.24160013217886875,-1.0388011424180428,0.8357145045581774,-0.5439362728703402,-0.6873174824544505,0.4309706158083837,1.125798088589798,-0.25729069037895724,-0.3573343586951365,0.6125530498969479,0.612553049896948,-0.357334358695137,0.6125530498969481,0.6125530498969483
King College,Yes,355,300,142,34,65,509,44,8664,3350,600,3000,65.0,68,10.7,25,8954,65,-1.5005952440627206,-1.4629028931967236,-1.3510640603779365,0.5861080901616065,-1.5340041926919143,-1.1742007602630395,-0.3360674638838411,0.4497726389260374,1.9483827844191979,-0.6047051624414783,-0.9283850943804479,-0.8466922550814785,0.31770887154146105,0.1595892827401136,0.8450704225352113,Low,0,1,-1.0987972149572356,0.6125530498969481,-1.500595244062721,-1.4629028931967236,-1.3510640603779374,0.586108090161606,-1.534004192691914,-1.1742007602630395,-0.33606746388384184,0.4497726389260378,1.9483827844191968,-0.6047051624414786,-0.928385094380448,-0.8466922550814789,0.31770887154146066,0.15958928274013268,0.654603425034757,0.6125530498969479,0.612553049896948,0.6546034250347567,0.6125530498969481,0.6125530498969483
Knox College,Yes,1040,845,286,48,77,967,24,15747,4062,400,800,88.0,95,12.7,33,13224,79,-0.41759893194797837,-0.3461564477099289,-0.49963234847473936,1.192310901338738,-0.7179557413393914,-1.4811146683151193,1.2609213587698096,-1.0388011424180428,-0.8318078970334455,1.0280025774963892,1.1638582779526243,-0.3016095177954872,0.8739402534841448,1.0505360409563491,0.8125,High,2,1,1.8150779933081982,0.6125530498969481,-0.4175989319479787,-0.34615644770992887,-0.4996323484747401,1.1923109013387376,-0.717955741339391,-1.4811146683151193,1.260921358769809,-1.0388011424180428,-0.8318078970334465,1.0280025774963888,1.1638582779526243,-0.3016095177954876,0.8739402534841444,1.0505360409563682,0.35499426260939454,0.6125530498969479,0.612553049896948,0.35499426260939415,0.6125530498969481,0.6125530498969483
La Roche College,Yes,361,321,185,10,41,650,819,8842,4782,600,1100,57.0,73,14.2,14,7022,52,-1.4830611825459588,-1.3875190987484332,-1.018784020524878,-1.2174962818199055,-1.2095397464290156,0.5908516005612497,-0.2869189108906393,0.4497726389260374,-0.18660316336359328,-1.057488442042449,-0.6235308993858222,0.0848788535167615,-0.6263490551654358,-0.49899956734968265,0.889196675900277,Medium,1,1,0.3581403891754813,0.6125530498969481,-1.4830611825459592,-1.3875190987484332,-1.0187840205248788,-1.217496281819906,-1.2095397464290152,0.5908516005612496,-0.28691891089064003,0.4497726389260378,-0.18660316336359428,-1.0574884420424495,-0.6235308993858223,0.08487885351676108,-0.6263490551654363,-0.49899956734966355,1.0979046185933454,0.6125530498969479,0.612553049896948,1.0979046185933452,0.6125530498969481,0.6125530498969483
La Salle University,Yes,2929,1834,622,20,56,2738,1662,12600,5610,450,3160,90.0,90,15.1,9,9084,84,0.5487854884276054,0.43891153436616215,0.3446285950496105,-0.26074560260699386,0.3847094494796727,1.091676691079472,0.6264082064916575,-0.6143252338289236,2.063308224830316,1.1932365358027166,0.6900649668386472,0.3088698067143141,-1.18236541463741,0.19598688981904883,0.6261522703994538,Medium,1,1,0.3581403891754813,0.6125530498969481,0.5487854884276051,0.4389115343661622,0.3446285950496099,-0.26074560260699425,0.38470944947967317,1.091676691079472,0.6264082064916568,-0.6143252338289233,2.063308224830315,1.1932365358027162,0.690064966838647,0.3088698067143137,-1.1823654146374105,0.1959868898190679,-0.973157912616663,0.6125530498969479,0.612553049896948,-0.9731579126166636,0.6125530498969481,0.6125530498969483
Lafayette College,Yes,4010,2402,572,36,59,2018,226,18730,5740,600,1000,93.0,96,10.5,38,15365,92,0.8277735933283596,0.7024492153786639,0.2583542667515654,0.683476302864234,0.08705700889787003,-0.24460360318556668,1.7893122114682667,0.4497726389260374,-0.3813083118461038,1.448076800235107,1.263654675854437,-0.9033411845194759,1.186525502100285,1.3462242234014545,0.599002493765586,High,2,1,1.8150779933081982,0.6125530498969481,0.8277735933283593,0.702449215378664,0.2583542667515648,0.6834763028642336,0.08705700889787049,-0.24460360318556676,1.789312211468266,0.4497726389260378,-0.3813083118461048,1.4480768002351065,1.263654675854437,-0.9033411845194763,1.1865255021002845,1.3462242234014736,-1.1196548919194464,0.6125530498969479,0.612553049896948,-1.1196548919194471,0.6125530498969481,0.6125530498969483
LaGrange College,Yes,544,399,177,15,35,600,363,6987,3585,750,1500,77.0,83,12.5,12,9067,75,-1.060499003170907,-1.147472750611707,-1.0734003496129112,-0.6779904542213022,-1.3138549775352149,0.05190170765199078,-0.8355047012763203,1.302507133936391,0.4565936404384389,0.18578692338884797,0.09518189874570733,-0.3544948895129964,-0.8347120348951067,0.19127298532885992,0.7334558823529411,Low,0,1,-1.0987972149572356,0.6125530498969481,-1.0604990031709074,-1.147472750611707,-1.073400349612912,-0.6779904542213027,-1.3138549775352144,0.0519017076519907,-0.8355047012763209,1.3025071339363914,0.4565936404384379,0.1857869233888476,0.09518189874570722,-0.3544948895129968,-0.8347120348951071,0.19127298532887899,-0.2832013424250333,0.6125530498969479,0.612553049896948,-0.2832013424250338,0.6125530498969481,0.6125530498969483
Lake Forest College,Yes,979,638,271,31,70,968,20,16880,3970,920,1320,91.0,94,10.7,19,15687,77,-0.4762981313459134,-0.6414116544671538,-0.5619877918729925,0.4313193649006998,-0.7167314192960618,-1.5692140322425172,1.4687816696259837,2.1047842371849677,0.18970517544918392,1.2772512278910106,1.0657563528339236,-0.8466922550814785,-0.16286735762255852,1.3852318176381495,0.651685393258427,High,2,1,1.8150779933081982,0.6125530498969481,-0.47629813134591376,-0.6414116544671536,-0.5619877918729933,0.4313193649006994,-0.7167314192960613,-1.5692140322425172,1.468781669625983,2.1047842371849685,0.18970517544918292,1.2772512278910102,1.0657563528339236,-0.8466922550814789,-0.1628673576225589,1.3852318176381686,-0.8255907273154225,0.6125530498969479,0.612553049896948,-0.8255907273154232,0.6125530498969481,0.6125530498969483
Lakeland College,Yes,497,452,231,24,47,887,1957,9400,4005,500,1000,49.0,65,17.2,25,4054,57,-1.152551337575268,-1.0114204776075368,-0.7498676540441811,0.018775285270126344,-0.8212266450144728,1.2117304685391774,-0.13693635764231063,-0.22914901677242944,-0.3813083118461038,-1.4510347803272612,-1.0947584403093151,0.8113968105662229,0.31770887154146105,-2.349788291700049,0.9094567404426559,Medium,1,1,0.3581403891754813,0.6125530498969481,-1.1525513375752685,-1.0114204776075368,-0.7498676540441819,0.018775285270125945,-0.8212266450144724,1.2117304685391774,-0.13693635764231135,-0.22914901677242913,-0.3813083118461048,-1.4510347803272616,-1.0947584403093151,0.8113968105662225,0.31770887154146066,-2.34978829170003,1.3166849120813744,0.6125530498969479,0.612553049896948,1.3166849120813742,0.6125530498969481,0.6125530498969483
Lamar University,No,2336,1725,1043,10,27,5438,4058,4752,3040,508,1463,48.0,82,18.4,12,5879,26,0.3438535532142714,0.3783667642339389,0.8527243215390043,-1.2174962818199055,0.9855993010374895,1.7686998310567517,-1.6432427911038037,-0.17066758284401723,0.4042508131691322,-1.4960693268775773,0.01651265888576715,1.0873005949977204,-0.8347120348951067,-1.038391972800562,0.7384417808219178,Low,0,0,-1.0987972149572356,-1.6325116659989423,0.3438535532142711,0.37836676423393895,0.8527243215390038,-1.217496281819906,0.9855993010374899,1.7686998310567517,-1.6432427911038043,-0.17066758284401692,0.4042508131691312,-1.4960693268775778,0.01651265888576704,1.08730059499772,-0.8347120348951071,-1.0383919728005429,-0.24643300042331925,-1.6325116659989425,-1.6325116659989423,-0.24643300042331975,-1.6325116659989423,-1.6325116659989423
Lambuth University,Yes,831,538,224,15,35,840,325,5170,3430,600,1590,61.0,61,16.1,10,5531,60,-0.6367694685883555,-0.8233416390222238,-0.7865953355825228,-0.6779904542213022,-0.8873436488593621,-0.01841014963814778,-1.475599460616258,0.4497726389260374,0.5790853760705746,-0.8385089510035679,-1.2980146652677276,0.5514920012666231,-1.060970526681064,-1.2359647233383817,0.6474127557160048,Low,0,1,-1.0987972149572356,0.6125530498969481,-0.6367694685883558,-0.8233416390222237,-0.7865953355825236,-0.6779904542213027,-0.8873436488593617,-0.01841014963814785,-1.4755994606162586,0.4497726389260378,0.5790853760705736,-0.8385089510035683,-1.2980146652677276,0.5514920012666227,-1.0609705266810645,-1.2359647233383626,-0.8509669625664522,0.6125530498969479,0.612553049896948,-0.8509669625664529,0.6125530498969481,0.6125530498969483
Lander University,No,1166,1009,510,9,33,2074,341,4938,2987,528,1702,67.0,77,17.0,11,6119,51,-0.307245352342396,-0.16270763041448114,0.13841282225857326,-1.348494791392716,0.11457941919631885,0.012062984144719157,-1.5674964186952183,-0.02790380734172826,0.7228497581599171,-0.4822397840169151,-0.3539307841170397,0.764657306400675,-0.9453261344609437,-0.912339473451889,0.8653516295025729,Low,0,0,-1.0987972149572356,-1.6325116659989423,-0.30724535234239636,-0.16270763041448105,0.13841282225857263,-1.3484947913927166,0.11457941919631931,0.012062984144719084,-1.567496418695219,-0.027903807341727944,0.7228497581599161,-0.4822397840169155,-0.3539307841170398,0.7646573064006745,-0.9453261344609442,-0.9123394734518699,0.8528436121508736,-1.6325116659989425,-1.6325116659989423,0.8528436121508733,-1.6325116659989423,-1.6325116659989423
Lawrence University,Yes,1243,947,324,50,77,1129,74,17163,3891,525,975,76.0,92,10.1,57,13965,77,-0.24593522072403393,-0.2280352204755421,-0.35719214564265944,1.2670949932019226,-0.537534717671097,-0.8945956011036518,1.5192613726422803,-0.04901447100702777,-0.4327980929286642,0.11480358880148679,0.8745903245365926,-1.0179321545692772,2.212159671949247,1.1607619528575905,0.7618664521319388,High,2,1,1.8150779933081982,0.6125530498969481,-0.2459352207240343,-0.228035220475542,-0.35719214564266016,1.2670949932019222,-0.5375347176710965,-0.8945956011036519,1.5192613726422797,-0.04901447100702746,-0.4327980929286652,0.11480358880148643,0.8745903245365925,-1.0179321545692777,2.2121596719492467,1.1607619528576096,-0.06759816100426871,0.6125530498969479,0.612553049896948,-0.06759816100426916,0.6125530498969481,0.6125530498969483
Le Moyne College,Yes,1470,1199,425,21,76,1820,558,11040,4840,400,900,89.0,92,13.3,28,8118,94,-0.08647233183032574,0.013573726102935677,-0.056616119522534834,-0.18710169614595554,-0.01827911276475788,0.3319005203593745,0.2725376107581363,-1.0388011424180428,-0.5949489827396871,1.1101537037083895,0.8745903245365926,-0.1449220622273889,0.5357515534995189,-0.0956048055916601,0.8156462585034013,Medium,1,1,0.3581403891754813,0.6125530498969481,-0.08647233183032609,0.01357372610293575,-0.05661611952253552,-0.18710169614595593,-0.01827911276475742,0.33190052035937445,0.2725376107581356,-1.0388011424180428,-0.5949489827396881,1.110153703708389,0.8745903245365925,-0.14492206222738932,0.5357515534995184,-0.09560480559164103,0.3829567548049755,0.6125530498969479,0.612553049896948,0.38295675480497515,0.6125530498969481,0.6125530498969483
Lebanon Valley College,Yes,1386,1060,320,28,56,965,502,13850,4755,400,1125,84.0,84,12.3,30,8196,85,-0.14218923306921671,-0.11211015634511483,-0.3712545526046162,0.26440143846515807,-0.720409020009928,0.26204379305253284,0.8896875349698704,-1.0388011424180428,-0.14049359717716683,0.7087119890670915,0.17540598418550252,-0.40771996836088487,0.6744919519989533,-0.07010686697957709,0.7647907647907648,Medium,1,1,0.3581403891754813,0.6125530498969481,-0.14218923306921707,-0.11211015634511476,-0.3712545526046169,0.2644014384651577,-0.7204090200099276,0.2620437930525328,0.8896875349698697,-1.0388011424180428,-0.14049359717716783,0.7087119890670912,0.1754059841855024,-0.40771996836088525,0.6744919519989528,-0.07010686697955802,-0.04455368681982946,0.6125530498969479,0.612553049896948,-0.04455368681982991,0.6125530498969481,0.6125530498969483
Lehigh University,Yes,6397,4304,1092,40,84,4298,132,18700,5580,750,1130,96.0,99,12.5,43,14665,91,1.2308453557244505,1.2554257550295578,0.8959091519579087,0.8661712529818544,0.7896883165390992,-0.5660925849593976,1.78428434345718,1.302507133936391,-0.13138566673394933,1.7113078679607372,1.5733239615731247,-0.3544948895129964,1.4783988095896108,1.2569074508610425,0.6728153822104112,High,2,1,1.8150779933081982,0.6125530498969481,1.23084535572445,1.2554257550295578,0.8959091519579081,0.8661712529818539,0.7896883165390997,-0.5660925849593977,1.7842843434571793,1.3025071339363914,-0.13138566673395033,1.7113078679607368,1.5733239615731247,-0.3544948895129968,1.4783988095896103,1.2569074508610616,-0.6959349500644967,0.6125530498969479,0.612553049896948,-0.6959349500644972,0.6125530498969481,0.6125530498969483
Lenoir-Rhyne College,Yes,979,743,259,25,46,1188,166,10100,4000,400,1000,88.0,92,12.0,20,8539,66,-0.4762981313459134,-0.4806141365611517,-0.6148072502137705,0.08298682799864276,-0.47952149419578455,-0.43099780182840153,0.043160357020957926,-1.0388011424180428,-0.3813083118461038,1.0280025774963892,0.8745903245365926,-0.4882106691982931,-0.07789765626183243,0.0377259609152504,0.7589376915219612,Medium,1,1,0.3581403891754813,0.6125530498969481,-0.47629813134591376,-0.48061413656115165,-0.6148072502137713,0.08298682799864236,-0.4795214941957841,-0.4309978018284016,0.04316035702095721,-1.0388011424180428,-0.3813083118461048,1.0280025774963888,0.8745903245365925,-0.4882106691982935,-0.07789765626183281,0.03772596091526947,-0.09051572765599619,0.6125530498969479,0.612553049896948,-0.09051572765599664,0.6125530498969481,0.6125530498969483
Lesley College,Yes,244,198,82,12,33,1134,336,11700,5300,550,805,71.0,88,27.8,18,8694,58,-1.8983065070572906,-1.933359299182218,-2.0836480000536137,-0.9818731086748947,-0.5324764713442256,0.0026826745341645736,0.4260208343292104,0.12378880488361321,-0.8193303055825656,-0.22617376518526458,0.5120879513281108,3.0361236929927387,-0.2501326687269887,0.08428996305654499,0.8114754098360656,Medium,1,1,0.3581403891754813,0.6125530498969481,-1.898306507057291,-1.933359299182218,-2.083648000053615,-0.9818731086748952,-0.5324764713442252,0.0026826745341645003,0.4260208343292097,0.12378880488361355,-0.8193303055825666,-0.22617376518526494,0.5120879513281107,3.036123692992738,-0.2501326687269891,0.08428996305656405,0.3459324908298947,0.6125530498969479,0.612553049896948,0.3459324908298943,0.6125530498969481,0.6125530498969483
LeTourneau University,Yes,477,417,204,29,54,1532,77,8840,4240,600,1400,58.0,70,20.8,23,6863,56,-1.1945917142699614,-1.099207300660961,-0.8992798745712642,0.32152095127645364,-0.19937723878102648,-0.8726164632592459,-0.2874675143248177,0.4497726389260374,0.3122382660840021,-1.004132554468048,-0.8106418143240208,1.6178584041872253,0.16480224108923644,-0.5656530842027924,0.8742138364779874,Medium,1,1,0.3581403891754813,0.6125530498969481,-1.1945917142699618,-1.099207300660961,-0.899279874571265,0.32152095127645325,-0.19937723878102603,-0.872616463259246,-0.28746751432481843,0.4497726389260378,0.3122382660840011,-1.0041325544680484,-0.8106418143240209,1.6178584041872248,0.16480224108923605,-0.5656530842027733,0.9423844411316784,0.6125530498969479,0.612553049896948,0.9423844411316782,0.6125530498969481,0.6125530498969483
Lewis and Clark College,Yes,2774,2092,482,35,64,1763,59,15800,4790,450,950,75.0,98,12.3,21,12999,69,0.49984117908420433,0.5680973009921968,0.07859558862573325,0.635335268105144,-0.05121839108457204,-1.0182453877912883,1.2708600016342009,-0.6143252338289236,-0.48552498885819567,0.0447497870211825,1.4683762334705521,-0.40771996836088487,0.004942020606680277,1.0151615203595923,0.7541456380677721,High,2,1,1.8150779933081982,0.6125530498969481,0.499841179084204,0.5680973009921969,0.07859558862573258,0.6353352681051435,-0.05121839108457158,-1.0182453877912883,1.2708600016342002,-0.6143252338289233,-0.48552498885819667,0.04474978702118213,1.4683762334705521,-0.40771996836088525,0.004942020606679884,1.0151615203596114,-0.12766628573789543,0.6125530498969479,0.612553049896948,-0.1276662857378959,0.6125530498969481,0.6125530498969483
Lewis University,Yes,1154,1050,395,12,31,2192,1423,10560,4520,500,1200,36.0,48,14.3,10,7701,61,-0.3171902761845416,-0.12182312158891674,-0.13647545429044783,-0.9818731086748947,0.1697166719918971,0.9791615129295811,0.15708466438140758,-0.22914901677242944,-0.007646689375954711,-1.9645552609015684,-1.8218082056103093,0.11004466967325688,-1.060970526681064,-0.23861793655535146,0.9098786828422877,Medium,1,1,0.3581403891754813,0.6125530498969481,-0.31719027618454193,-0.12182312158891667,-0.13647545429044852,-0.9818731086748952,0.16971667199189755,0.979161512929581,0.15708466438140686,-0.22914901677242913,-0.007646689375955717,-1.9645552609015688,-1.8218082056103093,0.11004466967325646,-1.0609705266810645,-0.2386179365553324,1.3213471003771398,0.6125530498969479,0.612553049896948,1.3213471003771395,0.6125530498969481,0.6125530498969483
Lincoln Memorial University,Yes,787,562,363,21,55,925,605,5950,2890,600,1300,67.0,72,14.6,35,5177,53,-0.6904549799062827,-0.7765644090041405,-0.22976369162971375,-0.18710169614595554,-0.7708164783507059,0.3857551139811216,-1.1851749874819841,0.4497726389260374,0.1579982604829097,-0.4822397840169151,-0.6873174824544503,0.18511882893705714,1.0017342937327451,-1.4576455722103199,0.7141041931385006,Low,0,1,-1.0987972149572356,0.6125530498969481,-0.690454979906283,-0.7765644090041404,-0.22976369162971444,-0.18710169614595593,-0.7708164783507054,0.38575511398112156,-1.1851749874819848,0.4497726389260378,0.15799826048290871,-0.4822397840169155,-0.6873174824544505,0.18511882893705672,1.0017342937327447,-1.4576455722103008,-0.4217258057384878,0.6125530498969479,0.612553049896948,-0.42172580573848834,0.6125530498969481,0.6125530498969483
Lincoln University,No,1660,1091,326,15,41,1196,33,4818,3400,350,1400,71.0,72,12.6,8,10912,45,0.027875084216752014,-0.08261129220558824,-0.35023581072026044,-0.6779904542213022,-0.4719260596206487,-1.3224939968973393,-1.6161457116796594,-1.5123285343587667,0.3122382660840021,-0.22617376518526458,-0.6873174824544503,-0.3280101887390996,-1.310419180097965,0.6349666060707768,0.6572289156626506,Low,0,0,-1.0987972149572356,-1.6325116659989423,0.027875084216751667,-0.08261129220558817,-0.35023581072026116,-0.6779904542213027,-0.47192605962064826,-1.3224939968973393,-1.61614571167966,-1.5123285343587667,0.3122382660840011,-0.22617376518526494,-0.6873174824544505,-0.3280101887391,-1.3104191800979654,0.6349666060707959,-0.7922489795948224,-1.6325116659989425,-1.6325116659989423,-0.7922489795948231,-1.6325116659989423,-1.6325116659989423
Lindenwood College,Yes,810,484,356,6,33,2155,191,9200,4800,1000,4200,65.0,85,24.1,9,3480,100,-0.6620017983378326,-0.9372913951616155,-0.2514374077461519,-1.8174726933497243,0.15282509885961418,-0.34689656908421745,-0.19000365326790278,2.438259845296428,2.7004409196384374,-0.6047051624414783,0.25719681074029643,2.307755516942878,-1.18236541463741,-2.969860118716721,0.5975308641975309,Medium,1,1,0.3581403891754813,0.6125530498969481,-0.6620017983378329,-0.9372913951616154,-0.25143740774615264,-1.8174726933497247,0.15282509885961462,-0.3468965690842175,-0.1900036532679035,2.438259845296429,2.7004409196384365,-0.6047051624414786,0.2571968107402963,2.3077555169428776,-1.1823654146374105,-2.969860118716702,-1.1272998978936273,0.6125530498969479,0.612553049896948,-1.127299897893628,0.6125530498969481,0.6125530498969483
Linfield College,Yes,1561,1188,458,48,72,1548,840,13380,4210,500,900,89.0,91,17.8,34,8747,81,-0.029842848966029675,0.004209873856935589,0.02403940688860889,1.192310901338738,-0.18825997142660691,0.608243351743286,0.7926008386150794,-0.22914901677242944,-0.5949489827396871,1.1101537037083895,0.781503315639944,0.9503002630614447,0.9383237726310382,0.09991919910878327,0.7610506085842409,Medium,1,1,0.3581403891754813,0.6125530498969481,-0.02984284896603002,0.004209873856935662,0.024039406888608218,1.1923109013387376,-0.18825997142660647,0.6082433517432859,0.7926008386150787,-0.22914901677242913,-0.5949489827396881,1.110153703708389,0.7815033156399439,0.9503002630614442,0.9383237726310377,0.09991919910880234,-0.07399839001443531,0.6125530498969479,0.612553049896948,-0.07399839001443576,0.6125530498969481,0.6125530498969483
Livingstone College,Yes,900,473,217,22,47,621,11,4400,3400,800,900,53.0,93,10.4,16,9268,92,-0.5584357805080343,-0.9621669633249095,-0.8246690428782197,-0.1160987382636973,-1.268798601529773,-1.8432344996760794,-1.7921016868182091,1.553695186961413,-0.5949489827396871,-1.2616584368949362,0.9693375120855497,-0.9318252596102692,-0.4323290036172367,0.24615192526130775,0.5255555555555556,Low,0,1,-1.0987972149572356,0.6125530498969481,-0.5584357805080347,-0.9621669633249094,-0.8246690428782205,-0.1160987382636977,-1.2687986015297725,-1.8432344996760794,-1.7921016868182098,1.5536951869614135,-0.5949489827396881,-1.2616584368949366,0.9693375120855496,-0.9318252596102696,-0.4323290036172371,0.24615192526132681,-1.466527037937873,0.6125530498969479,0.612553049896948,-1.4665270379378736,0.6125530498969481,0.6125530498969483
Lock Haven University of Pennsylvania,No,3570,2215,651,17,41,3390,325,7352,3620,225,500,47.0,55,16.1,14,6374,63,0.725299070500554,0.6238033489490878,0.39107554197154487,-0.5000085327852752,0.5815452544833654,-0.01841014963814778,-0.7205936652494651,-3.0222415300072885,-1.756532921293452,-1.5401806081485756,-1.5648105119584117,0.5514920012666231,-0.6263490551654358,-0.7865031373541418,0.6204481792717087,Low,0,0,-1.0987972149572356,-1.6325116659989423,0.7252990705005536,0.623803348949088,0.39107554197154426,-0.5000085327852757,0.5815452544833658,-0.01841014963814785,-0.7205936652494658,-3.0222415300072885,-1.756532921293453,-1.540180608148576,-1.5648105119584117,0.5514920012666227,-0.6263490551654363,-0.7865031373541227,-1.0048086818132285,-1.6325116659989425,-1.6325116659989423,-1.0048086818132291,-1.6325116659989423,-1.6325116659989423
Longwood College,No,2747,1870,724,12,47,2874,118,7920,3962,550,2200,74.0,80,18.4,23,5553,62,0.49101571748613426,0.4580657266691436,0.4981381365274651,-0.9818731086748947,0.43019369818149905,-0.6311447016421636,-0.5490042800597993,0.12378880488361321,1.271441718087908,-0.024374663811267006,-0.13620911968157937,1.0873005949977204,0.16480224108923644,-1.222911340464126,0.6807426283218057,Low,0,0,-1.0987972149572356,-1.6325116659989423,0.49101571748613393,0.45806572666914364,0.49813813652746447,-0.9818731086748952,0.4301936981814995,-0.6311447016421637,-0.5490042800598,0.12378880488361355,1.271441718087907,-0.02437466381126737,-0.13620911968157948,1.08730059499772,0.16480224108923605,-1.222911340464107,-0.6454684220337779,-1.6325116659989425,-1.6325116659989423,-0.6454684220337784,-1.6325116659989423,-1.6325116659989423
Loras College,Yes,1641,1283,527,20,39,1663,170,11200,4000,500,1200,61.0,62,14.2,24,7578,70,0.017089358520457936,0.08218472139186576,0.17290981293903185,-0.26074560260699386,-0.11226734195199056,-0.4167989147875154,0.31028770411566187,-0.22914901677242944,-0.007646689375954711,-0.8385089510035679,-1.2491515938109201,0.0848788535167615,0.24207061628816592,-0.2831046847541936,0.7818403412553321,Medium,1,1,0.3581403891754813,0.6125530498969481,0.01708935852045759,0.08218472139186583,0.1729098129390312,-0.26074560260699425,-0.1122673419519901,-0.41679891478751546,0.31028770411566114,-0.22914901677242913,-0.007646689375955717,-0.8385089510035683,-1.2491515938109201,0.08487885351676108,0.24207061628816554,-0.2831046847541745,0.0930650763325369,0.6125530498969479,0.612553049896948,0.09306507633253648,0.6125530498969481,0.6125530498969483
Louisiana College,Yes,2013,1053,212,33,61,912,158,5150,3036,500,1655,64.0,74,10.5,11,7547,59,0.20718058532482847,-0.11889888083883796,-0.8527408804559998,0.5357381533712033,-0.7877735579469295,-0.46035359058410474,-1.4834135871023741,-0.22914901677242944,0.6636197007235204,-0.6645466615014023,-0.558311349746167,-0.9033411845194759,-0.9453261344609437,-0.2944928970732692,0.5230998509687034,Low,0,1,-1.0987972149572356,0.6125530498969481,0.2071805853248281,-0.11889888083883789,-0.8527408804560006,0.5357381533712029,-0.787773557946929,-0.4603535905841048,-1.4834135871023748,-0.22914901677242913,0.6636197007235194,-0.6645466615014026,-0.5583113497461671,-0.9033411845194763,-0.9453261344609442,-0.2944928970732501,-1.4769632631393523,0.6125530498969479,0.612553049896948,-1.476963263139353,0.6125530498969481,0.6125530498969483
Louisiana State University at Baton Rouge,No,5996,4993,3079,29,57,16269,3757,5925,2980,600,2242,83.0,87,15.9,11,6741,37,1.1757977537890567,1.3926382288993406,1.7930772839685774,0.32152095127645364,1.7759083927753594,1.7081720384479462,-1.1940823669276766,0.4497726389260374,1.3122755477744323,0.6312170198691968,0.4255260215207906,0.5034686642441683,-0.9453261344609437,-0.6184326554339986,0.8327218145430287,Low,0,0,-1.0987972149572356,-1.6325116659989423,1.1757977537890563,1.3926382288993406,1.793077283968577,0.32152095127645325,1.7759083927753598,1.7081720384479462,-1.1940823669276772,0.4497726389260378,1.3122755477744312,0.6312170198691964,0.4255260215207905,0.5034686642441678,-0.9453261344609442,-0.6184326554339795,0.5383424963555747,-1.6325116659989425,-1.6325116659989423,0.5383424963555744,-1.6325116659989423,-1.6325116659989423
Louisiana Tech University,No,2397,2144,1525,22,45,6720,1822,3957,2325,618,1656,66.0,77,20.0,13,4546,45,0.3673774085918011,0.5920645087386516,1.2009504092693688,-0.1160987382636973,1.1534290898668356,1.1590025526545757,-1.9910152993015726,0.5613402949542899,0.6648960481814892,-0.5439362728703399,-0.3539307841170397,1.4439486895314966,-0.7285459060471434,-1.917132338680253,0.8944513975803087,Low,0,0,-1.0987972149572356,-1.6325116659989423,0.3673774085918008,0.5920645087386517,1.2009504092693684,-0.1160987382636977,1.153429089866836,1.1590025526545757,-1.9910152993015733,0.5613402949542904,0.6648960481814882,-0.5439362728703402,-0.3539307841170398,1.4439486895314961,-0.7285459060471439,-1.917132338680234,1.1537006266183567,-1.6325116659989425,-1.6325116659989423,1.1537006266183565,-1.6325116659989423,-1.6325116659989423
Loyola College,Yes,4076,3137,738,25,54,3010,184,12990,6300,600,900,86.0,88,14.7,27,9448,80,0.8420970957012048,0.9583661953599649,0.517244444046156,0.08298682799864276,0.4731263631484685,-0.369385371908251,0.7103241628697132,0.4497726389260374,-0.5949489827396871,0.8664948177542383,0.5120879513281108,0.21000461555961872,0.464466880638092,0.2937618817013635,0.7696270853778214,Medium,1,1,0.3581403891754813,0.6125530498969481,0.8420970957012045,0.958366195359965,0.5172444440461554,0.08298682799864236,0.47312636314846895,-0.36938537190825105,0.7103241628697126,0.4497726389260378,-0.5949489827396881,0.866494817754238,0.5120879513281107,0.2100046155596183,0.4644668806380916,0.2937618817013826,-0.006085070741960203,0.6125530498969479,0.612553049896948,-0.006085070741960639,0.6125530498969481,0.6125530498969483
Loyola Marymount University,Yes,3768,2662,753,42,64,3558,436,13592,5916,545,1328,84.0,88,14.2,10,11677,84,0.7730001406949937,0.8015384312882288,0.5372563605004562,0.9521981331052524,0.6248511463353771,0.1699389004275611,0.8366659984559034,0.08978413662586285,0.2022635189396289,0.7087119890670915,0.5120879513281108,0.0848788535167615,-1.060970526681064,0.7864618535530005,0.7064755838641189,Medium,1,1,0.3581403891754813,0.6125530498969481,0.7730001406949933,0.8015384312882289,0.5372563605004557,0.9521981331052519,0.6248511463353775,0.16993890042756102,0.8366659984559027,0.08978413662586318,0.2022635189396279,0.7087119890670912,0.5120879513281107,0.08487885351676108,-1.0609705266810645,0.7864618535530196,-0.4745412045964556,0.6125530498969479,0.612553049896948,-0.47454120459645616,0.6125530498969481,0.6125530498969483
Loyola University,Yes,1891,1698,719,24,80,2740,761,11100,5870,600,750,77.0,88,11.7,14,9456,53,0.14931544911643896,0.36273617537035274,0.49121080121889704,0.018775285270126344,0.3853981561733262,0.5406118103226208,0.2867357547078783,0.4497726389260374,-0.960715953306189,0.18578692338884797,0.5120879513281108,-0.5695082346102578,-0.6263490551654358,0.29584538497894386,0.8979375991538868,Medium,1,1,0.3581403891754813,0.6125530498969481,0.1493154491164386,0.3627361753703528,0.49121080121889643,0.018775285270125945,0.3853981561733266,0.5406118103226207,0.2867357547078776,0.4497726389260378,-0.96071595330619,0.1857869233888476,0.5120879513281107,-0.5695082346102582,-0.6263490551654363,0.29584538497896296,1.1910818503474196,0.6125530498969479,0.612553049896948,1.1910818503474194,0.6125530498969481,0.6125530498969483
Loyola University Chicago,Yes,3579,2959,868,25,55,5244,3417,11500,5330,700,2000,75.0,95,6.2,15,13009,65,0.7275282888370719,0.902776228995302,0.6768442229073248,0.08298682799864276,0.9560051131224219,1.6342233253571001,0.3801250804153572,1.0362571162148249,1.0665053144911143,0.0447497870211825,1.1638582779526243,-2.2476987862769064,-0.5277223720549751,1.016753736177101,0.8267672534227438,Medium,1,1,0.3581403891754813,0.6125530498969481,0.7275282888370715,0.9027762289953021,0.6768442229073243,0.08298682799864236,0.9560051131224223,1.6342233253571001,0.3801250804153565,1.0362571162148253,1.0665053144911132,0.04474978702118213,1.1638582779526243,-2.247698786276907,-0.5277223720549755,1.0167537361771202,0.4834553236150993,0.6125530498969479,0.612553049896948,0.48345532361509896,0.6125530498969481,0.6125530498969483
Luther College,Yes,1549,1392,587,38,72,2269,85,13240,3560,600,400,73.0,85,13.8,38,8949,77,-0.03710473688243375,0.16437855665543977,0.285123534978017,0.7767056047201572,0.20378074593998402,-0.8175776133390084,0.7632491624989939,0.4497726389260374,-2.184287331771188,-0.09256994792772753,0.25719681074029643,-0.01650783055462927,1.186525502100285,0.1581731081546859,0.8986442866365397,Medium,1,1,0.3581403891754813,0.6125530498969481,-0.0371047368824341,0.16437855665543985,0.2851235349780164,0.7767056047201567,0.20378074593998446,-0.8175776133390085,0.7632491624989932,0.4497726389260378,-2.184287331771189,-0.0925699479277279,0.2571968107402963,-0.016507830554629687,1.1865255021002845,0.15817310815470498,1.1986949614963431,0.6125530498969479,0.612553049896948,1.198694961496343,0.6125530498969481,0.6125530498969483
Lycoming College,Yes,1286,1005,363,16,37,1363,74,13900,4300,500,900,75.0,81,14.0,32,8024,72,-0.2134457622721483,-0.1667911477517525,-0.22976369162971375,-0.5868962977653778,-0.32620630048978155,-0.8945956011036518,0.8998877990678651,-0.22914901677242944,-0.5949489827396871,0.0447497870211825,-0.06061368145330422,0.03433157324728856,0.808539510579746,-0.12683976859495388,0.78149300155521,Medium,1,1,0.3581403891754813,0.6125530498969481,-0.21344576227214865,-0.1667911477517524,-0.22976369162971444,-0.5868962977653782,-0.3262063004897811,-0.8945956011036519,0.8998877990678644,-0.22914901677242913,-0.5949489827396881,0.04474978702118213,-0.060613681453304334,0.034331573247288145,0.8085395105797456,-0.12683976859493482,0.09020520734065783,0.6125530498969479,0.612553049896948,0.09020520734065741,0.6125530498969481,0.6125530498969483
Lynchburg College,Yes,1756,1500,366,3,21,1524,280,12450,5400,450,870,62.0,66,12.4,24,8832,70,0.0804199108028932,0.23929220843890267,-0.22062206401116932,-2.490004639445861,-0.20498907874658548,-0.11209103774235463,0.593678590960717,-0.6143252338289236,-0.6633368710411951,-0.7814483389667398,-1.0406490873905974,-0.38106451301120514,0.24207061628816592,0.12468233838094885,0.8542141230068337,Medium,1,1,0.3581403891754813,0.6125530498969481,0.08041991080289285,0.23929220843890275,-0.22062206401117002,-2.4900046394458615,-0.20498907874658504,-0.1120910377423547,0.5936785909607163,-0.6143252338289233,-0.6633368710411961,-0.7814483389667402,-1.0406490873905974,-0.38106451301120553,0.24207061628816554,0.12468233838096791,0.7428425413261726,0.6125530498969479,0.612553049896948,0.7428425413261722,0.6125530498969481,0.6125530498969483
Lyndon State College,No,535,502,223,6,20,959,150,7320,4640,500,600,48.0,65,12.6,15,7114,51,-1.0774492620486895,-0.8978605686139643,-0.7919499128893209,-1.8174726933497243,-0.7278061894810834,-0.49109195915742826,-0.7305161013480684,-0.22914901677242944,-1.4016694654541817,-1.4960693268775773,-1.0947584403093151,-0.3280101887390996,-0.5277223720549751,-0.46148599251041705,0.9383177570093458,Low,0,0,-1.0987972149572356,-1.6325116659989423,-1.07744926204869,-0.8978605686139642,-0.7919499128893217,-1.8174726933497247,-0.727806189481083,-0.4910919591574283,-0.7305161013480691,-0.22914901677242913,-1.4016694654541828,-1.4960693268775778,-1.0947584403093151,-0.3280101887391,-0.5277223720549755,-0.46148599251039796,1.645811810662444,-1.6325116659989425,-1.6325116659989423,1.645811810662444,-1.6325116659989423,-1.6325116659989423
Macalester College,Yes,2939,1496,452,56,86,1723,113,15909,4772,500,700,85.0,91,11.9,37,14213,77,0.5518471484639919,0.23662189940340334,0.009883678419619842,1.4781382686650963,-0.07511881906573298,-0.6560844049974996,1.291231219431499,-0.22914901677242944,-1.0978374622751548,0.7871378673668015,0.781503315639944,-0.5152188828746125,1.1257980885897985,1.1956594890674663,0.5090166723375298,High,2,1,1.8150779933081982,0.6125530498969481,0.5518471484639915,0.23662189940340342,0.009883678419619167,1.478138268665096,-0.07511881906573252,-0.6560844049974998,1.2912312194314983,-0.22914901677242913,-1.0978374622751559,0.7871378673668011,0.7815033156399439,-0.5152188828746129,1.125798088589798,1.1956594890674854,-1.535452096282375,0.6125530498969479,0.612553049896948,-1.5354520962823759,0.6125530498969481,0.6125530498969483
MacMurray College,Yes,740,558,177,12,29,628,63,9620,3750,550,950,49.0,55,10.8,33,10642,59,-0.7514779835312293,-0.7842106516825832,-1.0734003496129112,-0.9818731086748947,-1.2541905469341632,-0.9827260974044782,-0.0794121985566639,0.12378880488361321,-0.48552498885819567,-1.4510347803272612,-1.5648105119584117,-0.8185247945859512,0.8739402534841448,0.5775235969541024,0.754054054054054,Medium,1,1,0.3581403891754813,0.6125530498969481,-0.7514779835312296,-0.7842106516825831,-1.073400349612912,-0.9818731086748952,-1.2541905469341628,-0.9827260974044784,-0.07941219855666462,0.12378880488361355,-0.48552498885819667,-1.4510347803272616,-1.5648105119584117,-0.8185247945859516,0.8739402534841444,0.5775235969541215,-0.1283721158414322,0.6125530498969479,0.612553049896948,-0.12837211584143268,0.6125530498969481,0.6125530498969483
Malone College,Yes,874,758,428,21,46,1605,246,9858,3700,450,1200,42.0,45,17.6,16,4796,55,-0.5871715512718287,-0.4596445550503769,-0.04898979120524064,-0.18710169614595554,-0.14976438222336008,-0.19246220581666326,-0.01814656011795583,-0.6143252338289236,-0.007646689375954711,-1.7468982196620897,-1.9151831965988537,0.9042148943004111,-0.4323290036172367,-1.7239521213032634,0.8672768878718535,Medium,1,1,0.3581403891754813,0.6125530498969481,-0.5871715512718291,-0.4596445550503768,-0.04898979120524133,-0.18710169614595593,-0.14976438222335964,-0.19246220581666335,-0.01814656011795655,-0.6143252338289233,-0.007646689375955717,-1.7468982196620901,-1.9151831965988537,0.9042148943004107,-0.4323290036172371,-1.7239521213032443,0.872143031033991,0.6125530498969479,0.612553049896948,0.8721430310339908,0.6125530498969481,0.6125530498969483
Manchester College,Yes,1004,802,239,23,63,909,51,10440,3850,525,1450,63.0,72,11.8,20,7940,64,-0.4517791678684149,-0.40060223917581034,-0.7094312701494169,-0.04753313995778422,-0.7917285775512979,-1.096303416295722,0.1276847420146719,-0.04901447100702777,0.38556868420312496,-0.7234609819608288,-0.6873174824544503,-0.5423177327277025,-0.07789765626183243,-0.15523320441133603,0.798804780876494,Medium,1,1,0.3581403891754813,0.6125530498969481,-0.4517791678684152,-0.4006022391758103,-0.7094312701494176,-0.04753313995778462,-0.7917285775512974,-1.096303416295722,0.12768474201467117,-0.04901447100702746,0.38556868420312396,-0.7234609819608291,-0.6873174824544505,-0.5423177327277029,-0.07789765626183281,-0.15523320441131697,0.23565117059950055,0.6125530498969479,0.612553049896948,0.23565117059950016,0.6125530498969481,0.6125530498969483
Manhattan College,Yes,2432,1730,563,20,63,2578,254,12370,6800,500,1800,92.0,92,13.6,25,10062,79,0.38058637822842606,0.381232583800873,0.24190064209296652,-0.26074560260699386,0.32753559086950984,-0.1726804734121903,0.5761167760753406,-0.22914901677242944,0.8416278943466902,1.3621979324255895,0.8745903245365926,-0.06764502846155519,0.31770887154146105,0.4461734370042862,0.7113486842105263,Medium,1,1,0.3581403891754813,0.6125530498969481,0.3805863782284257,0.38123258380087305,0.24190064209296588,-0.26074560260699425,0.3275355908695103,-0.1726804734121904,0.57611677607534,-0.22914901677242913,0.8416278943466892,1.362197932425589,0.8745903245365925,-0.06764502846155561,0.31770887154146066,0.4461734370043053,-0.44091841173315355,0.6125530498969479,0.612553049896948,-0.4409184117331541,0.6125530498969481,0.6125530498969483
Manhattanville College,Yes,962,750,212,21,54,830,150,14700,6550,450,400,97.0,97,11.3,24,11291,70,-0.49335777605531717,-0.4707725520746035,-0.8527408804559998,-0.18710169614595554,-0.9019935649582328,-0.49109195915742826,1.059911567147059,-0.6143252338289236,-2.184287331771188,1.8009168658667163,1.3651568927969056,-0.6792077728800088,0.24207061628816592,0.7120000092251176,0.7796257796257796,Medium,1,1,0.3581403891754813,0.6125530498969481,-0.4933577760553175,-0.47077255207460345,-0.8527408804560006,-0.18710169614595593,-0.9019935649582324,-0.4910919591574283,1.0599115671470583,-0.6143252338289233,-2.184287331771189,1.8009168658667158,1.3651568927969056,-0.6792077728800092,0.24207061628816554,0.7120000092251367,0.07487163808011509,0.6125530498969479,0.612553049896948,0.07487163808011467,0.6125530498969481,0.6125530498969483
Mankato State University,No,3073,2672,1547,9,29,9649,1792,4300,2643,450,1660,57.0,68,19.0,11,5801,68,0.5918269203791546,0.8051400072543018,1.2136807786928228,-1.348494791392716,1.4228054852637921,1.146801722922677,-1.8358110987675997,-0.6143252338289236,0.6699943097441695,-1.057488442042449,-0.9283850943804479,1.2224815695707842,-0.9453261344609437,-1.0810819542226187,0.8695086234949561,Low,0,0,-1.0987972149572356,-1.6325116659989423,0.5918269203791543,0.8051400072543019,1.2136807786928223,-1.3484947913927166,1.4228054852637926,1.146801722922677,-1.8358110987676004,-0.6143252338289233,0.6699943097441685,-1.0574884420424495,-0.928385094380448,1.2224815695707838,-0.9453261344609442,-1.0810819542225996,0.8946205035043072,-1.6325116659989425,-1.6325116659989423,0.894620503504307,-1.6325116659989423,-1.6325116659989423
Marian College of Fond du Lac,Yes,824,670,337,15,41,1160,653,9400,3400,500,1100,37.0,37,8.4,21,5352,59,-0.6451035190750372,-0.589577327263801,-0.3128356146098146,-0.6779904542213022,-0.5066046731975778,0.4369495556844109,-0.13693635764231063,-0.22914901677242944,-0.18660316336359328,-1.9305796536679742,-2.1188662496512314,-1.5262541109104928,0.004942020606680277,-1.3452311289492467,0.8131067961165048,Medium,1,1,0.3581403891754813,0.6125530498969481,-0.6451035190750375,-0.5895773272638009,-0.31283561460981535,-0.6779904542213027,-0.5066046731975774,0.43694955568441085,-0.13693635764231135,-0.22914901677242913,-0.18660316336359428,-1.9305796536679747,-2.1188662496512314,-1.5262541109104932,0.004942020606679884,-1.3452311289492276,0.3603711922306626,0.6125530498969479,0.612553049896948,0.3603711922306622,0.6125530498969481,0.6125530498969483
Marietta College,Yes,1611,960,342,27,60,1089,210,13850,3920,470,810,80.0,97,13.2,30,10223,96,-0.00021656529425521836,-0.21396579454170864,-0.29629815564683426,0.20567765393688317,-0.579009379318381,-0.289434185186192,0.8896875349698704,-0.45598245337987864,-0.8069242436789834,0.4043159082560863,1.3651568927969056,-0.17083644547256602,0.6744919519989533,0.48378476396373415,0.595903165735568,Medium,1,1,0.3581403891754813,0.6125530498969481,-0.00021656529425556585,-0.21396579454170855,-0.296298155646835,0.20567765393688278,-0.5790093793183806,-0.2894341851861921,0.8896875349698697,-0.45598245337987836,-0.8069242436789844,0.40431590825608593,1.3651568927969056,-0.17083644547256643,0.6744919519989528,0.48378476396375325,-1.135720966667606,0.6125530498969479,0.612553049896948,-1.1357209666676067,0.6125530498969481,0.6125530498969483
Marist College,Yes,4731,3171,830,12,31,3557,658,10700,5925,550,1200,74.0,81,17.6,34,8408,69,0.972057331265201,0.9685999868189412,0.6332095537688421,-0.9818731086748947,0.6246007977534646,0.4420830374485009,0.19110848428779176,0.12378880488361321,-0.007646689375954711,-0.024374663811267006,-0.06061368145330422,0.9042148943004111,0.9383237726310382,-0.002656588570208725,0.6702599873176919,Medium,1,1,0.3581403891754813,0.6125530498969481,0.9720573312652007,0.9685999868189413,0.6332095537688416,-0.9818731086748952,0.624600797753465,0.44208303744850086,0.19110848428779104,0.12378880488361355,-0.007646689375955717,-0.02437466381126737,-0.060613681453304334,0.9042148943004107,0.9383237726310377,-0.002656588570189654,-0.7119884502194129,0.6125530498969479,0.612553049896948,-0.7119884502194135,0.6125530498969481,0.6125530498969483
Marquette University,Yes,5152,4600,1685,36,71,7016,804,11610,4760,600,1950,75.0,94,13.5,25,9982,77,1.045764889388704,1.317061727485517,1.289038805791608,0.683476302864234,1.1866599144831094,0.5781778586347817,0.40543204765816493,0.4497726389260374,1.0123083984396526,0.0447497870211825,1.0657563528339236,-0.09332712383236806,0.31770887154146105,0.42713745595833774,0.8928571428571429,Medium,1,1,0.3581403891754813,0.6125530498969481,1.0457648893887035,1.317061727485517,1.2890388057916076,0.6834763028642336,1.1866599144831098,0.5781778586347815,0.4054320476581642,0.4497726389260378,1.0123083984396515,0.04474978702118213,1.0657563528339236,-0.09332712383236848,0.31770887154146066,0.42713745595835684,1.136702940242468,0.6125530498969479,0.612553049896948,1.1367029402424678,0.6125530498969481,0.6125530498969483
Marshall University,Yes,4226,3666,2007,14,60,7703,2339,5094,4010,700,1560,77.0,86,16.6,10,6203,50,0.8737452696173638,1.1055544192388451,1.4401687530806793,-0.7737777547234982,1.2576068603794166,1.3446940375431247,-1.5053997390925415,1.0362571162148249,0.5389846388109432,0.18578692338884797,0.3405662242258264,0.6704997066339655,-1.060970526681064,-0.8700072146448201,0.8674869853289162,Low,0,1,-1.0987972149572356,0.6125530498969481,0.8737452696173634,1.1055544192388451,1.4401687530806788,-0.7737777547234986,1.257606860379417,1.3446940375431247,-1.5053997390925422,1.0362571162148253,0.5389846388109422,0.1857869233888476,0.3405662242258263,0.6704997066339651,-1.0609705266810645,-0.870007214644801,0.8742542281150709,0.6125530498969479,0.612553049896948,0.8742542281150707,0.6125530498969481,0.6125530498969483
Mary Baldwin College,Yes,499,441,199,26,52,846,377,11200,7400,600,1300,66.0,79,6.8,50,10819,90,-1.1484473560970536,-1.0382049536521785,-0.9294466439979717,0.14524475095617614,-0.8786553079758513,0.07612250902423777,0.31028770411566187,0.4497726389260374,0.1579982604829097,-0.5439362728703399,-0.21028570541136532,-2.0424718257510004,1.8587440245877787,0.6154304666927931,0.8837675350701403,Medium,1,1,0.3581403891754813,0.6125530498969481,-1.148447356097054,-1.0382049536521785,-0.9294466439979725,0.14524475095617576,-0.8786553079758509,0.0761225090242377,0.31028770411566114,0.4497726389260378,0.15799826048290871,-0.5439362728703402,-0.21028570541136543,-2.042471825751001,1.8587440245877782,0.6154304666928122,1.0409435381288665,0.6125530498969479,0.612553049896948,1.0409435381288663,0.6125530498969481,0.6125530498969483
Mary Washington College,No,4350,2178,756,39,78,2997,736,6490,4942,650,2102,75.0,80,17.6,30,5358,84,0.899010451583749,0.607401490328584,0.5412034893244645,0.821887512510805,0.46912569041208596,0.5178702828077282,-0.9984978937889312,0.7528645357434074,1.173281416304658,0.0447497870211825,-0.13620911968157937,0.9042148943004111,0.6744919519989533,-1.3414775905472942,0.5006896551724138,Low,0,0,-1.0987972149572356,-1.6325116659989423,0.8990104515837487,0.6074014903285841,0.5412034893244639,0.8218875125108046,0.4691256904120864,0.5178702828077281,-0.9984978937889318,0.7528645357434078,1.173281416304657,0.04474978702118213,-0.13620911968157948,0.9042148943004107,0.6744919519989528,-1.3414775905472751,-1.5689632120976633,-1.6325116659989425,-1.6325116659989423,-1.5689632120976642,-1.6325116659989423,-1.6325116659989423
Marymount College Tarrytown,Yes,478,327,117,9,34,731,370,11510,6450,575,1075,71.0,93,10.3,30,10502,77,-1.1924451880784723,-1.36694508797616,-1.6027369696466391,-1.348494791392716,-1.0597406429284069,0.06411655243773966,0.3824322680682069,0.28987231007147457,-0.23369343806432602,-0.22617376518526458,0.9693375120855497,-0.9604175254095518,0.6744919519989533,0.5468451112148817,0.6841004184100419,Medium,1,1,0.3581403891754813,0.6125530498969481,-1.1924451880784728,-1.36694508797616,-1.60273696964664,-1.3484947913927166,-1.0597406429284064,0.06411655243773959,0.3824322680682062,0.28987231007147496,-0.23369343806432702,-0.22617376518526494,0.9693375120855496,-0.9604175254095523,0.6744919519989528,0.5468451112149008,-0.6237856106353251,0.6125530498969479,0.612553049896948,-0.6237856106353257,0.6125530498969481,0.6125530498969483
Marymount Manhattan College,Yes,695,535,239,21,30,988,785,10200,7000,350,1100,63.0,76,11.7,20,10622,68,-0.8139306402655633,-0.829345092319607,-0.7094312701494169,-0.18710169614595554,-0.6925637932561252,0.5618108605712071,0.06821203245796872,-1.5123285343587667,-0.18660316336359328,-0.7234609819608288,-0.42352364534226566,-0.5695082346102578,-0.07789765626183243,0.5731791668931323,0.7697841726618705,Medium,1,1,0.3581403891754813,0.6125530498969481,-0.8139306402655636,-0.8293450923196068,-0.7094312701494176,-0.18710169614595593,-0.6925637932561247,0.561810860571207,0.068212032457968,-1.5123285343587667,-0.18660316336359428,-0.7234609819608291,-0.4235236453422658,-0.5695082346102582,-0.07789765626183281,0.5731791668931514,-0.004828085711463263,0.6125530498969479,0.612553049896948,-0.004828085711463698,0.6125530498969481,0.6125530498969483
Marymount University,Yes,941,772,214,10,30,1247,776,11390,5280,500,750,77.0,82,10.6,17,8575,55,-0.5148834911027621,-0.44046935358514333,-0.8414215923447178,-1.2174962818199055,-0.4249175476902569,0.5539314621764868,0.35465858103870324,-0.22914901677242944,-0.960715953306189,0.18578692338884797,0.01651265888576715,-0.8749639552550215,-0.3398815888114029,0.04865648199498899,0.820403825717322,Medium,1,1,0.3581403891754813,0.6125530498969481,-0.5148834911027624,-0.4404693535851433,-0.8414215923447186,-1.217496281819906,-0.42491754769025647,0.5539314621764867,0.3546585810387025,-0.22914901677242913,-0.96071595330619,0.1857869233888476,0.01651265888576704,-0.8749639552550219,-0.3398815888114033,0.04865648199500806,0.42563180923820765,0.6125530498969479,0.612553049896948,0.4256318092382073,0.6125530498969481,0.6125530498969483
Maryville College,Yes,1464,888,176,26,52,624,128,11200,4208,500,1642,80.0,90,11.1,43,8317,51,-0.09033746703241527,-0.2945955145634425,-1.0804265865978688,0.14524475095617614,-1.2625135757605441,-0.5840144062402315,0.31028770411566187,-0.22914901677242944,0.6469618612135192,0.4043159082560863,0.6900649668386472,-0.7346353504225267,1.4783988095896108,-0.0312843768980463,0.6065573770491803,Medium,1,1,0.3581403891754813,0.6125530498969481,-0.09033746703241562,-0.29459551456344246,-1.0804265865978697,0.14524475095617576,-1.2625135757605437,-0.5840144062402316,0.31028770411566114,-0.22914901677242913,0.6469618612135182,0.40431590825608593,0.690064966838647,-0.7346353504225271,1.4783988095896103,-0.03128437689802723,-1.0799353317826248,0.6125530498969479,0.612553049896948,-1.0799353317826255,0.6125530498969481,0.6125530498969483
Maryville University,Yes,549,397,169,26,51,1343,1751,9250,4550,425,1350,52.0,58,13.1,13,5925,61,-1.051211569144663,-1.1529785999541742,-1.1309324999232824,0.14524475095617614,-0.34247836444836,1.129821914584158,-0.17666633132171636,-0.8211185263638522,0.236441135041996,-1.3103887835738515,-1.436985365837391,-0.19682982022428813,-0.7285459060471434,-1.0136230289225614,0.7231329690346083,Medium,1,1,0.3581403891754813,0.6125530498969481,-1.0512115691446635,-1.1529785999541742,-1.1309324999232833,0.14524475095617576,-0.34247836444835955,1.129821914584158,-0.17666633132171708,-0.821118526363852,0.236441135041995,-1.310388783573852,-1.436985365837391,-0.19682982022428855,-0.7285459060471439,-1.0136230289225423,-0.3579155352244466,0.6125530498969479,0.612553049896948,-0.3579155352244471,0.6125530498969481,0.6125530498969483
Marywood College,Yes,1107,859,323,13,51,1452,402,11040,4500,600,700,65.0,76,11.8,30,9034,66,-0.35723863511541576,-0.3290669873594965,-0.36068890568328427,-0.8748385657786061,-0.2571690098127747,0.11740335721016941,0.2725376107581363,0.4497726389260374,-1.0978374622751548,-0.6047051624414783,-0.42352364534226566,-0.5423177327277025,0.6744919519989533,0.18208343600900612,0.7759710930442638,Medium,1,1,0.3581403891754813,0.6125530498969481,-0.3572386351154161,-0.32906698735949647,-0.360688905683285,-0.8748385657786065,-0.25716900981277424,0.11740335721016934,0.2725376107581356,0.4497726389260378,-1.0978374622751559,-0.6047051624414786,-0.4235236453422658,-0.5423177327277029,0.6744919519989528,0.18208343600902518,0.0450562147342274,0.6125530498969479,0.612553049896948,0.04505621473422697,0.6125530498969481,0.6125530498969483
Massachusetts Institute of Technology,Yes,6411,2140,1078,96,99,4481,28,20100,5975,725,1600,99.0,99,10.1,35,33541,94,1.232699727644437,0.5902430700387182,0.8838027425383829,2.5533266940461306,0.8251520791775253,-1.4050727970678636,2.013495886742362,1.1713852484917995,0.5922966635947635,1.9829336861494546,1.5733239615731247,-1.0179321545692772,1.0017342937327451,2.5499655154150807,0.33380127905163,High,2,1,1.8150779933081982,0.6125530498969481,1.2326997276444365,0.5902430700387183,0.8838027425383823,2.55332669404613,0.8251520791775258,-1.4050727970678636,2.013495886742361,1.1713852484918,0.5922966635947625,1.9829336861494542,1.5733239615731247,-1.0179321545692777,1.0017342937327447,2.5499655154150997,-2.093909227879732,0.6125530498969479,0.612553049896948,-2.093909227879733,0.6125530498969481,0.6125530498969483
Mayville State University,No,233,233,153,5,12,658,58,4486,2516,600,1900,68.0,68,15.7,11,6971,51,-1.9479590884291402,-1.7475285491653831,-1.256010542020776,-2.0101834480079033,-1.1937573160497978,-1.0274630560695424,-1.7550305672205466,0.4497726389260374,0.9568086491871414,-0.4196154901574144,-0.9283850943804479,0.4551990742383173,-0.9453261344609437,-0.5201234090909705,1.0,Low,0,0,-1.0987972149572356,-1.6325116659989423,-1.9479590884291407,-1.7475285491653831,-1.256010542020777,-2.0101834480079037,-1.1937573160497974,-1.0274630560695424,-1.7550305672205473,0.4497726389260378,0.9568086491871404,-0.4196154901574148,-0.928385094380448,0.4551990742383169,-0.9453261344609442,-0.5201234090909514,2.422460487936682,-1.6325116659989425,-1.6325116659989423,2.422460487936682,-1.6325116659989423,-1.6325116659989423
McKendree College,Yes,1002,555,119,16,43,836,684,7680,3740,500,800,70.0,74,17.7,21,6652,52,-0.4537164584561197,-0.7899838672994222,-1.580421063902225,-0.5868962977653778,-0.8931779886868033,0.4682164858651361,-0.6204868762563145,-0.22914901677242944,-0.8318078970334455,-0.2915826792352699,-0.558311349746167,0.9272842059255697,0.004942020606680277,-0.6578743896357054,0.5538922155688623,Low,0,1,-1.0987972149572356,0.6125530498969481,-0.45371645845612,-0.789983867299422,-1.5804210639022258,-0.5868962977653782,-0.8931779886868029,0.46821648586513603,-0.6204868762563152,-0.22914901677242913,-0.8318078970334465,-0.2915826792352703,-0.5583113497461671,0.9272842059255693,0.004942020606679884,-0.6578743896356863,-1.340836302469402,0.6125530498969479,0.612553049896948,-1.3408363024694028,0.6125530498969481,0.6125530498969483
McMurry University,Yes,578,411,187,25,50,880,477,6930,3452,400,1525,57.0,64,11.0,11,6383,32,-0.9990719051460472,-1.1150444056244992,-1.0055538129153299,0.08298682799864276,-0.8307998243013993,0.22853286286185417,-0.853803240884349,-1.0388011424180428,0.49128767128227613,-1.057488442042449,-1.1475366140165175,-0.762497566859782,-0.9453261344609437,-0.7822039775803852,0.7110726643598616,Low,0,1,-1.0987972149572356,0.6125530498969481,-0.9990719051460475,-1.1150444056244992,-1.0055538129153307,0.08298682799864236,-0.8307998243013989,0.2285328628618541,-0.8538032408843497,-1.0388011424180428,0.49128767128227513,-1.0574884420424495,-1.1475366140165175,-0.7624975668597824,-0.9453261344609442,-0.7822039775803661,-0.4428337328122005,0.6125530498969479,0.612553049896948,-0.44283373281220106,0.6125530498969481,0.6125530498969483
McPherson College,Yes,420,293,93,11,32,336,80,7950,3750,600,2740,54.0,54,9.8,45,9754,48,-1.3256345225459476,-1.4892888882279995,-1.91050302666847,-1.095737735489672,-2.1261913563684054,-0.8513969218978396,-0.5401694891409459,0.4497726389260374,1.748920662406997,-1.2120034811518239,-1.6050055807115493,-1.1050508670227819,1.590170069482996,0.3715692587817626,0.6976190476190476,Low,0,1,-1.0987972149572356,0.6125530498969481,-1.325634522545948,-1.4892888882279995,-1.9105030266684708,-1.0957377354896725,-2.126191356368405,-0.8513969218978397,-0.5401694891409465,0.4497726389260378,1.748920662406996,-1.2120034811518243,-1.6050055807115493,-1.1050508670227823,1.5901700694829957,0.3715692587817817,-0.5346150975489058,0.6125530498969479,0.612553049896948,-0.5346150975489063,0.6125530498969481,0.6125530498969483
Mercer University,Yes,2286,1668,564,37,70,2943,1260,11985,4081,400,1500,93.0,95,9.2,15,8995,91,0.32407465181773326,0.3450539413742641,0.2437437668695879,0.7305835658560428,0.4522780828567871,0.8920458900165015,0.4905401662983713,-1.0388011424180428,0.4565936404384389,1.448076800235107,1.1638582779526243,-1.2824886008259322,-0.5277223720549751,0.17115608311577823,0.7296587926509186,Medium,1,1,0.3581403891754813,0.6125530498969481,0.32407465181773293,0.34505394137426415,0.24374376686958726,0.7305835658560423,0.45227808285678756,0.8920458900165014,0.4905401662983706,-1.0388011424180428,0.4565936404384379,1.4480768002351065,1.1638582779526243,-1.2824886008259326,-0.5277223720549755,0.1711560831157973,-0.3109037091630297,0.6125530498969479,0.612553049896948,-0.3109037091630302,0.6125530498969481,0.6125530498969483
Mercyhurst College,Yes,1557,1074,397,15,40,1805,433,9813,4050,425,1000,45.0,63,16.7,29,7307,78,-0.03225680289196971,-0.09867538145843012,-0.13093680660337048,-0.6779904542213022,-0.026824159078602215,0.1654565875153789,-0.029655307496684304,-0.8211185263638522,-0.3813083118461038,-1.625634520432682,-1.1989966331316235,0.6941250685837765,0.605737985971725,-0.38516803601096655,0.6897880539499036,Medium,1,1,0.3581403891754813,0.6125530498969481,-0.032256802891970054,-0.09867538145843005,-0.13093680660337118,-0.6779904542213027,-0.026824159078601757,0.1654565875153788,-0.029655307496685022,-0.821118526363852,-0.3813083118461048,-1.6256345204326825,-1.1989966331316235,0.6941250685837761,0.6057379859717246,-0.38516803601094746,-0.586637336421023,0.6125530498969479,0.612553049896948,-0.5866373364210236,0.6125530498969481,0.6125530498969483
Meredith College,Yes,857,772,376,25,58,1721,470,6720,3250,450,1520,77.0,82,13.9,33,6881,82,-0.6064604864044612,-0.44046935358514333,-0.19076293035509606,0.08298682799864276,-0.07633155769418787,0.2188626718737141,-0.9220850258501772,-0.6143252338289236,0.4843912188301411,0.18578692338884797,0.01651265888576715,0.008948736859618622,0.8739402534841448,-0.5579883282464692,0.9008168028004667,Low,0,1,-1.0987972149572356,0.6125530498969481,-0.6064604864044615,-0.4404693535851433,-0.19076293035509675,0.08298682799864236,-0.07633155769418741,0.21886267187371403,-0.9220850258501778,-0.6143252338289233,0.4843912188301401,0.1857869233888476,0.01651265888576704,0.008948736859618205,0.8739402534841444,-0.5579883282464501,1.222174733869877,0.6125530498969479,0.612553049896948,1.2221747338698767,0.6125530498969481,0.6125530498969483
Merrimack College,Yes,1981,1541,514,18,36,1927,1084,12500,6200,375,1000,73.0,75,16.8,22,8707,80,0.1923745825742182,0.26623164106293434,0.14664796919826797,-0.41691464264756517,0.04028591731034482,0.7855701631248064,0.6046171069696272,-1.2686821271258082,-0.3813083118461038,-0.09256994792772753,-0.4916463924532397,0.7176928148990249,0.08579840488433134,0.08813712758649893,0.7778899545683998,Medium,1,1,0.3581403891754813,0.6125530498969481,0.19237458257421783,0.2662316410629344,0.14664796919826734,-0.41691464264756556,0.040285917310345275,0.7855701631248063,0.6046171069696266,-1.2686821271258082,-0.3813083118461048,-0.0925699479277279,-0.4916463924532398,0.7176928148990245,0.08579840488433095,0.088137127586518,0.06067814209181218,0.6125530498969479,0.612553049896948,0.06067814209181176,0.6125530498969481,0.6125530498969483
Mesa State College,No,1584,1456,891,6,18,3471,911,5016,3798,540,2256,48.0,48,28.8,12,3871,59,-0.01609017239462134,0.20949102515397414,0.7021959754256142,-1.8174726933497243,0.6027439129983911,0.6642408115011756,-1.5362894963932527,0.05550628934752403,1.3257294559126416,-1.4960693268775773,-1.8218082056103093,3.2259074012076234,-0.8347120348951067,-2.532007822459626,0.9191919191919192,Low,0,0,-1.0987972149572356,-1.6325116659989423,-0.016090172394621686,0.20949102515397422,0.7021959754256136,-1.8174726933497247,0.6027439129983916,0.6642408115011755,-1.5362894963932534,0.05550628934752436,1.3257294559126405,-1.4960693268775778,-1.8218082056103093,3.225907401207623,-0.8347120348951071,-2.5320078224596068,1.4253703281371541,-1.6325116659989425,-1.6325116659989423,1.425370328137154,-1.6325116659989423,-1.6325116659989423
Messiah College,Yes,1742,1382,607,30,64,2258,53,10300,5080,475,1200,68.0,75,14.1,30,7762,89,0.07295185776163177,0.15712973449013912,0.3196121907153202,0.3771313679720627,0.19900143743622772,-1.0758100290848978,0.09310287224762681,-0.4173160543227945,-0.007646689375954711,-0.4196154901574144,-0.4916463924532397,0.05964138157856781,0.6744919519989533,-0.21695969746792432,0.7933409873708381,Medium,1,1,0.3581403891754813,0.6125530498969481,0.07295185776163142,0.1571297344901392,0.3196121907153196,0.3771313679720623,0.19900143743622817,-1.0758100290848978,0.09310287224762609,-0.4173160543227942,-0.007646689375955717,-0.4196154901574148,-0.4916463924532398,0.059641381578567396,0.6744919519989528,-0.21695969746790525,0.18910153444635372,0.6125530498969479,0.612553049896948,0.18910153444635333,0.6125530498969481,0.6125530498969483
Miami University at Oxford,No,9239,7788,3290,35,39,13606,807,8856,3960,500,1382,81.0,89,17.6,20,7846,85,1.538510284438927,1.7949697612299356,1.8456562392703684,0.635335268105144,1.6596191781299772,0.5807297786621004,-0.28308096754145745,-0.22914901677242944,0.28524440777999993,0.47901914729053885,0.6002637149158834,0.9042148943004111,-0.07789765626183243,-0.18756123725821464,0.8429483710358264,Medium,1,0,0.3581403891754813,-1.6325116659989423,1.5385102844389265,1.7949697612299356,1.845656239270368,0.6353352681051435,1.6596191781299776,0.5807297786621003,-0.2830809675414582,-0.22914901677242913,0.28524440777999893,0.47901914729053846,0.6002637149158833,0.9042148943004107,-0.07789765626183281,-0.18756123725819557,0.6343884363038663,-1.6325116659989425,-1.6325116659989423,0.634388436303866,-1.6325116659989423,-1.6325116659989423
Michigan State University,No,18114,15096,6180,23,57,26640,4120,10658,3734,504,600,93.0,95,14.0,9,10520,71,2.0808518916662755,2.3711579425072844,2.3194301932557653,-0.04753313995778422,2.074040507779035,1.7806556444358124,0.18093220397340512,-0.19980711495946224,-1.4016694654541817,1.448076800235107,1.1638582779526243,0.03433157324728856,-1.18236541463741,0.5508247378562501,0.8333885392514078,Medium,1,0,0.3581403891754813,-1.6325116659989423,2.080851891666275,2.3711579425072844,2.319430193255765,-0.04753313995778462,2.0740405077790354,1.7806556444358124,0.1809322039734044,-0.19980711495946193,-1.4016694654541828,1.4480768002351065,1.1638582779526243,0.034331573247288145,-1.1823654146374105,0.5508247378562692,0.5445353879569289,-1.6325116659989425,-1.6325116659989423,0.5445353879569286,-1.6325116659989423,-1.6325116659989423
Michigan Technological University,No,2618,2288,1032,42,77,5524,414,8127,3978,900,1200,82.0,82,17.0,25,7473,65,0.4475233397764794,0.6553209618471312,0.8427071947993564,0.9521981331052524,0.9983093363398597,0.13639276136048115,-0.48848499515170585,2.0174693819460012,-0.007646689375954711,0.5546527948873138,0.01651265888576715,0.764657306400675,0.31770887154146105,-0.32197167959634193,0.8739495798319328,Low,0,0,-1.0987972149572356,-1.6325116659989423,0.44752333977647907,0.6553209618471313,0.8427071947993559,0.9521981331052519,0.9983093363398602,0.13639276136048106,-0.48848499515170657,2.017469381946002,-0.007646689375955717,0.5546527948873134,0.01651265888576704,0.7646573064006745,0.31770887154146066,-0.32197167959632284,0.9396883905026879,-1.6325116659989425,-1.6325116659989423,0.9396883905026877,-1.6325116659989423,-1.6325116659989423
MidAmerica Nazarene College,Yes,331,331,225,15,36,1100,166,6840,3720,1100,4913,33.0,33,15.4,20,5524,49,-1.5740516273975464,-1.3534516502549414,-0.7812682134110072,-0.6779904542213022,-0.5674210126332454,-0.43099780182840153,-0.8828980591746408,2.8237972503972864,3.057311892945116,-2.0609672537347192,-2.197826020784701,0.3823236670850935,-0.07789765626183243,-1.240134877898516,1.0,Low,0,1,-1.0987972149572356,0.6125530498969481,-1.574051627397547,-1.3534516502549414,-0.7812682134110079,-0.6779904542213027,-0.567421012633245,-0.4309978018284016,-0.8828980591746415,2.8237972503972872,3.057311892945115,-2.0609672537347197,-2.197826020784701,0.38232366708509313,-0.07789765626183281,-1.2401348778984969,2.422460487936682,0.6125530498969479,0.612553049896948,2.422460487936682,0.6125530498969481,0.6125530498969483
Millersville University of Penn.,No,6011,3075,960,22,60,5146,1532,7844,3830,450,1258,72.0,74,16.8,20,7832,71,1.1779272116603208,0.9393953171789193,0.7739372098547732,-0.1160987382636973,0.940543219206548,1.0324620355703453,-0.5714845836094821,-0.6143252338289236,0.08991630358259618,-0.15983625199593327,-0.558311349746167,0.7176928148990249,-0.07789765626183243,-0.1924271910159664,0.5115621360838463,Low,0,0,-1.0987972149572356,-1.6325116659989423,1.1779272116603203,0.9393953171789194,0.7739372098547727,-0.1160987382636977,0.9405432192065485,1.0324620355703453,-0.5714845836094827,-0.6143252338289233,0.08991630358259518,-0.15983625199593363,-0.5583113497461671,0.7176928148990245,-0.07789765626183281,-0.19242719101594732,-1.5250505269353332,-1.6325116659989425,-1.6325116659989423,-1.525050526935334,-1.6325116659989423,-1.6325116659989423
Milligan College,Yes,610,461,189,26,52,685,49,8200,3300,550,1000,63.0,69,12.0,16,8128,64,-0.944697666092266,-0.9900186637812021,-0.9924854047172674,0.14524475095617614,-1.1421688938292578,-1.1175304058302242,-0.4673841666852411,0.12378880488361321,-0.3813083118461038,-0.7234609819608288,-0.870204749794732,-0.4882106691982931,-0.4323290036172367,-0.09231476015438023,0.7557377049180328,Low,0,1,-1.0987972149572356,0.6125530498969481,-0.9446976660922664,-0.990018663781202,-0.9924854047172682,0.14524475095617576,-1.1421688938292573,-1.1175304058302242,-0.4673841666852418,0.12378880488361355,-0.3813083118461048,-0.7234609819608291,-0.8702047497947321,-0.4882106691982935,-0.4323290036172371,-0.09231476015436116,-0.115371373322939,0.6125530498969479,0.612553049896948,-0.11537137332293945,0.6125530498969481,0.6125530498969483
Millikin University,Yes,1444,1261,456,29,62,1788,95,11910,4378,450,965,60.0,77,11.4,25,8149,75,-0.10334509583283737,0.06469007847992803,0.01934473026449786,0.32152095127645364,-0.03661381512531617,-0.7550146929351397,0.4736599863269603,-0.6143252338289236,-0.4537369523228863,-0.8946430399991983,-0.3539307841170397,-0.6516401064957508,0.31770887154146105,-0.0854259433609811,0.8732686980609419,Medium,1,1,0.3581403891754813,0.6125530498969481,-0.10334509583283771,0.0646900784799281,0.019344730264497186,0.32152095127645325,-0.03661381512531571,-0.7550146929351398,0.4736599863269596,-0.6143252338289233,-0.4537369523228873,-0.8946430399991986,-0.3539307841170398,-0.6516401064957512,0.31770887154146066,-0.08542594336096203,0.9327491887480928,0.6125530498969479,0.612553049896948,0.9327491887480925,0.6125530498969481,0.6125530498969483
Millsaps College,Yes,905,834,319,32,61,1073,179,11320,4402,550,1350,82.0,89,12.7,38,11218,58,-0.5530118120343853,-0.35979761964219165,-0.3748018387464146,0.48416411722208674,-0.5961222821231082,-0.38593013064307746,0.33836839569033117,0.12378880488361321,0.236441135041996,0.5546527948873138,0.6002637149158834,-0.3016095177954872,1.186525502100285,0.697475073027474,0.9215469613259668,Medium,1,1,0.3581403891754813,0.6125530498969481,-0.5530118120343857,-0.3597976196421916,-0.3748018387464153,0.48416411722208635,-0.5961222821231078,-0.3859301306430775,0.33836839569033045,0.12378880488361355,0.236441135041995,0.5546527948873134,0.6002637149158833,-0.3016095177954876,1.1865255021002845,0.6974750730274931,1.452015904444089,0.6125530498969479,0.612553049896948,1.4520159044440888,0.6125530498969481,0.6125530498969483
Milwaukee School of Engineering,Yes,1217,1088,496,36,69,1773,884,11505,3255,1000,2075,35.0,46,16.7,23,7140,67,-0.2661704245388447,-0.08542659589585681,0.10899149227297884,0.683476302864234,-0.045346447036260784,0.6434317333966131,0.3812788389235351,2.438259845296428,1.1454923298976114,-1.9976114769053313,-1.8851328086857293,0.6941250685837765,0.16480224108923644,-0.4510196525982571,0.8940016433853739,Medium,1,1,0.3581403891754813,0.6125530498969481,-0.26617042453884504,-0.08542659589585674,0.10899149227297818,0.6834763028642336,-0.045346447036260326,0.643431733396613,0.38127883892353437,2.438259845296429,1.1454923298976103,-1.9976114769053317,-1.8851328086857293,0.6941250685837761,0.16480224108923605,-0.451019652598238,1.1488992752888045,0.6125530498969479,0.612553049896948,1.1488992752888043,0.6125530498969481,0.6125530498969483
Mississippi College,Yes,594,385,307,36,57,1695,721,5580,2830,600,700,77.0,79,16.5,18,6170,61,-0.9714922596494138,-1.1866483637878367,-0.41839668033275984,0.683476302864234,-0.09225524335164843,0.503884504661061,-1.3196073067112333,0.4497726389260374,-1.0978374622751548,0.18578692338884797,-0.21028570541136532,0.646816259628484,-0.2501326687269887,-0.886531716773001,0.6481481481481481,Low,0,1,-1.0987972149572356,0.6125530498969481,-0.9714922596494141,-1.1866483637878367,-0.41839668033276056,0.6834763028642336,-0.09225524335164798,0.5038845046610609,-1.319607306711234,0.4497726389260378,-1.0978374622751559,0.1857869233888476,-0.21028570541136543,0.6468162596284835,-0.2501326687269891,-0.8865317167729819,-0.8466191233777774,0.6125530498969479,0.612553049896948,-0.8466191233777781,0.6125530498969481,0.6125530498969483
Mississippi State University,No,4255,3277,1609,18,57,10094,1621,9866,3084,480,1479,77.0,77,15.9,20,6223,53,0.8797247020747655,0.9997674149070586,1.2484606719119744,-0.41691464264756517,1.4549028810509457,1.0734723258019545,-0.016104175891426986,-0.37900292043178496,0.42703428520836,0.18578692338884797,-0.3539307841170397,0.5034686642441683,-0.07789765626183243,-0.8600581975905606,0.7701527614571093,Medium,1,0,0.3581403891754813,-1.6325116659989423,0.8797247020747652,0.9997674149070587,1.248460671911974,-0.41691464264756556,1.4549028810509461,1.0734723258019545,-0.016104175891427704,-0.3790029204317847,0.427034285208359,0.1857869233888476,-0.3539307841170398,0.5034686642441678,-0.07789765626183281,-0.8600581975905415,-0.0018768448600813394,-1.6325116659989425,-1.6325116659989423,-0.0018768448600817742,-1.6325116659989423,-1.6325116659989423
Mississippi University for Women,No,480,405,380,19,46,1673,1014,4386,2217,600,1500,49.0,54,15.8,8,5704,63,-1.1881665333747067,-1.1311303308650338,-0.17907479552847522,-0.337261774390416,-0.10596348345915801,0.7387708459131694,-1.7981814503932028,0.4497726389260374,0.4565936404384389,-1.4510347803272612,-1.6050055807115493,0.479364912667751,-1.310419180097965,-1.1354222491876027,0.84375,Low,0,0,-1.0987972149572356,-1.6325116659989423,-1.1881665333747071,-1.1311303308650338,-0.1790747955284759,-0.3372617743904164,-0.10596348345915756,0.7387708459131693,-1.7981814503932034,0.4497726389260378,0.4565936404384379,-1.4510347803272616,-1.6050055807115493,0.4793649126677506,-1.3104191800979654,-1.1354222491875836,0.6420132873904998,-1.6325116659989425,-1.6325116659989423,0.6420132873904995,-1.6325116659989423,-1.6325116659989423
Missouri Southern State College,No,1576,1326,913,13,50,3689,2200,3840,2852,200,400,52.0,54,20.3,9,4172,100,-0.020849268628343895,0.11547084593237998,0.7257477709242769,-0.8748385657786061,0.6569245923844571,1.2987779284318965,-2.045973075294218,-3.410351221839536,-2.184287331771188,-1.3103887835738515,-1.6050055807115493,1.5094948543988653,-1.18236541463741,-2.2388793636897084,0.8413705583756346,Low,0,0,-1.0987972149572356,-1.6325116659989423,-0.020849268628344242,0.11547084593238005,0.7257477709242763,-0.8748385657786065,0.6569245923844576,1.2987779284318965,-2.045973075294219,-3.410351221839536,-2.184287331771189,-1.310388783573852,-1.6050055807115493,1.5094948543988649,-1.1823654146374105,-2.2388793636896893,0.6194217796016586,-1.6325116659989425,-1.6325116659989423,0.6194217796016582,-1.6325116659989423,-1.6325116659989423
Missouri Valley College,Yes,1310,983,316,5,35,1057,175,8550,5050,400,900,35.0,67,17.4,16,4333,27,-0.19581507494992953,-0.18956572638893207,-0.38552111474585715,-2.0101834480079033,-0.6135490046731843,-0.39947124348985197,-0.367894041237278,-1.0388011424180428,-0.5949489827396871,-1.9976114769053313,-0.9851956007117693,0.8579148600429469,-0.4323290036172367,-2.0951271215678657,0.750381679389313,Low,0,1,-1.0987972149572356,0.6125530498969481,-0.1958150749499299,-0.189565726388932,-0.3855211147458579,-2.0101834480079037,-0.6135490046731839,-0.399471243489852,-0.3678940412372787,-1.0388011424180428,-0.5949489827396881,-1.9976114769053317,-0.9851956007117694,0.8579148600429465,-0.4323290036172371,-2.0951271215678466,-0.1565463454528994,0.6125530498969479,0.612553049896948,-0.15654634545289986,0.6125530498969481,0.6125530498969483
Monmouth College IL,Yes,601,503,204,28,57,671,11,13000,4100,400,460,91.0,91,11.6,43,11087,56,-0.9596755849373846,-0.8957144415168129,-0.8992798745712642,0.26440143846515807,-1.168602898498343,-1.8432344996760794,0.7124539506407931,-1.0388011424180428,-1.9172127122783642,1.2772512278910106,0.781503315639944,-0.5967914238632761,1.4783988095896108,0.6710407601478086,0.8369384359400999,Medium,1,1,0.3581403891754813,0.6125530498969481,-0.9596755849373849,-0.8957144415168128,-0.899279874571265,0.2644014384651577,-1.1686028984983425,-1.8432344996760794,0.7124539506407924,-1.0388011424180428,-1.9172127122783653,1.2772512278910102,0.7815033156399439,-0.5967914238632765,1.4783988095896103,0.6710407601478277,0.5776698590162712,0.6125530498969479,0.612553049896948,0.5776698590162709,0.6125530498969481,0.6125530498969483
Monmouth College,Yes,2707,1881,478,14,34,1893,847,12480,5290,530,1740,70.0,85,14.2,15,9492,54,0.4777683435466172,0.46383979412739906,0.06972351130966178,-0.7737777547234982,0.022115127479167614,0.6139524490086632,0.6002451561018758,-0.013888070295108445,0.7696405240927445,-0.2915826792352699,0.25719681074029643,0.0848788535167615,-0.5277223720549751,0.3051876117374366,0.6948651643886221,Medium,1,1,0.3581403891754813,0.6125530498969481,0.47776834354661685,0.4638397941273991,0.06972351130966112,-0.7737777547234986,0.02211512747916807,0.6139524490086631,0.6002451561018751,-0.013888070295108126,0.7696405240927435,-0.2915826792352703,0.2571968107402963,0.08487885351676108,-0.5277223720549755,0.3051876117374557,-0.5530258120209594,0.6125530498969479,0.612553049896948,-0.5530258120209599,0.6125530498969481,0.6125530498969483
Montana College of Mineral Sci. & Tech.,No,572,544,320,45,72,1470,416,6073,3400,550,1400,71.0,71,16.4,31,6112,74,-1.0096258657822677,-0.8114413063321864,-0.3712545526046162,1.0754007694010428,-0.24383287652691613,0.13950875423441617,-1.1417050219116365,0.12378880488361321,0.3122382660840021,-0.22617376518526458,-0.7496836000340958,0.6230742516139866,0.7420738947418721,-0.9159076147354803,0.951048951048951,Low,0,0,-1.0987972149572356,-1.6325116659989423,-1.009625865782268,-0.8114413063321863,-0.3712545526046169,1.0754007694010423,-0.24383287652691568,0.13950875423441608,-1.1417050219116371,0.12378880488361355,0.3122382660840011,-0.22617376518526494,-0.749683600034096,0.6230742516139861,0.7420738947418717,-0.9159076147354612,1.7977515948524934,-1.6325116659989425,-1.6325116659989423,1.7977515948524934,-1.6325116659989423,-1.6325116659989423
Montana State University,No,3500,2836,1779,15,42,8730,993,5552,3710,550,2300,75.0,83,17.6,8,6324,37,0.7077520350587431,0.8622301699766639,1.336395435951349,-0.6779904542213022,1.35040606648388,0.7241551010026046,-1.3300161172635143,0.12378880488361321,1.3675153286527078,0.0447497870211825,0.09518189874570733,0.9042148943004111,-1.310419180097965,-0.8105589653550561,0.8102857142857143,Low,0,0,-1.0987972149572356,-1.6325116659989423,0.7077520350587427,0.862230169976664,1.3363954359513486,-0.6779904542213027,1.3504060664838804,0.7241551010026045,-1.330016117263515,0.12378880488361355,1.3675153286527066,0.04474978702118213,0.09518189874570722,0.9042148943004107,-1.3104191800979654,-0.810558965355037,0.3354377082559726,-1.6325116659989425,-1.6325116659989423,0.3354377082559722,-1.6325116659989423,-1.6325116659989423
Montclair State University,No,5220,2128,865,19,53,6411,3186,3648,4834,700,950,82.0,87,21.5,9,6717,58,1.0570612417408078,0.584756820334578,0.673480324813203,-0.337261774390416,1.116778348775339,1.580041792378871,-2.138595020551191,1.0362571162148249,-0.48552498885819567,0.5546527948873138,0.4255260215207906,1.7677792649625408,-1.18236541463741,-0.6289892221276001,0.4076628352490421,Low,0,0,-1.0987972149572356,-1.6325116659989423,1.0570612417408074,0.5847568203345781,0.6734803248132024,-0.3372617743904164,1.1167783487753395,1.580041792378871,-2.138595020551192,1.0362571162148253,-0.48552498885819667,0.5546527948873134,0.4255260215207905,1.7677792649625403,-1.1823654146374105,-0.628989222127581,-1.8934844869294274,-1.6325116659989425,-1.6325116659989423,-1.8934844869294283,-1.6325116659989423,-1.6325116659989423
Montreat-Anderson College,Yes,263,223,103,10,24,316,20,8438,3372,500,2958,42.0,50,11.1,4,11989,15,-1.817932455484449,-1.7974148569125612,-1.7723179350158718,-1.2174962818199055,-2.218294409555035,-1.5692140322425172,-0.3994349076083819,-0.22914901677242944,1.9172742268797824,-1.7468982196620897,-1.7540883479816314,-0.7346353504225267,-1.9198799308640517,0.8439285937246992,0.8479087452471483,Low,0,1,-1.0987972149572356,0.6125530498969481,-1.8179324554844494,-1.7974148569125612,-1.7723179350158726,-1.217496281819906,-2.2182944095550345,-1.5692140322425172,-0.39943490760838263,-0.22914901677242913,1.9172742268797813,-1.7468982196620901,-1.7540883479816314,-0.7346353504225271,-1.9198799308640522,0.8439285937247183,0.6817962550068783,0.6125530498969479,0.612553049896948,0.681796255006878,0.6125530498969481,0.6125530498969483
Moorhead State University,No,2442,2164,1189,12,37,5983,1075,4426,2664,600,1000,75.0,81,18.1,19,4795,60,0.384322918801577,0.6011174992921903,0.9751485629308837,-0.9818731086748947,1.062292092909353,0.779710429868428,-1.7808443239051193,0.4497726389260374,-0.3813083118461038,0.0447497870211825,-0.06061368145330422,1.0190329338711737,-0.16286735762255852,-1.7246937751587315,0.8861588861588862,Low,0,0,-1.0987972149572356,-1.6325116659989423,0.38432291880157665,0.6011174992921904,0.9751485629308831,-0.9818731086748952,1.0622920929093533,0.7797104298684279,-1.78084432390512,0.4497726389260378,-0.3813083118461048,0.04474978702118213,-0.060613681453304334,1.0190329338711732,-0.1628673576225589,-1.7246937751587124,1.0659473218165902,-1.6325116659989425,-1.6325116659989423,1.06594732181659,-1.6325116659989423,-1.6325116659989423
Moravian College,Yes,1232,955,303,23,58,1241,485,14990,4730,550,1250,86.0,92,15.2,28,9566,74,-0.25444032721480914,-0.21935286495994377,-0.4333665973244757,-0.04753313995778422,-0.4303252477607855,0.23942725250188898,1.1165050453270264,0.12378880488361321,0.07671009872843897,0.8664948177542383,0.8745903245365926,0.3334196419182193,0.5357515534995189,0.3242205336104493,0.7751623376623377,Medium,1,1,0.3581403891754813,0.6125530498969481,-0.25444032721480947,-0.2193528649599437,-0.4333665973244764,-0.04753313995778462,-0.43032524776078507,0.2394272525018889,1.1165050453270258,0.12378880488361355,0.07671009872843797,0.866494817754238,0.8745903245365925,0.33341964191821893,0.5357515534995184,0.3242205336104684,0.03849333842820801,0.6125530498969479,0.612553049896948,0.03849333842820758,0.6125530498969481,0.6125530498969483
Morehouse College,Yes,3708,1678,722,41,66,2852,153,7050,5490,250,600,71.0,74,17.8,10,8122,83,0.7588349743496128,0.35098556100908357,0.4953738529737276,0.9095959481215096,0.42301602481914885,-0.4793943968604399,-0.8153937350315311,-2.6699884439367905,-1.4016694654541817,-0.22617376518526458,-0.558311349746167,0.9503002630614447,-1.060970526681064,-0.094288037712009,0.4525350593311758,Low,0,1,-1.0987972149572356,0.6125530498969481,0.7588349743496124,0.3509855610090836,0.495373852973727,0.9095959481215091,0.4230160248191493,-0.47939439686043994,-0.8153937350315318,-2.6699884439367905,-1.4016694654541828,-0.22617376518526494,-0.5583113497461671,0.9503002630614442,-1.0609705266810645,-0.09428803771198993,-1.7479050726272152,0.6125530498969479,0.612553049896948,-1.747905072627216,0.6125530498969481,0.6125530498969483
Morningside College,Yes,586,533,239,16,36,950,228,10520,3678,500,1000,48.0,68,13.0,32,8111,56,-0.9851811860651002,-0.8333674102677152,-0.7094312701494169,-0.5868962977653778,-0.7390083289650947,-0.23920440771304885,0.14730919088985717,-0.22914901677242944,-0.3813083118461038,-1.4960693268775773,-0.9283850943804479,-0.2229029900664657,0.808539510579746,-0.09791155895546472,0.909556313993174,Medium,1,1,0.3581403891754813,0.6125530498969481,-0.9851811860651005,-0.8333674102677151,-0.7094312701494176,-0.5868962977653782,-0.7390083289650943,-0.23920440771304893,0.14730919088985645,-0.22914901677242913,-0.3813083118461048,-1.4960693268775778,-0.928385094380448,-0.2229029900664661,0.8085395105797456,-0.09791155895544565,1.3177847411855734,0.6125530498969479,0.612553049896948,1.3177847411855732,0.6125530498969481,0.6125530498969483
Morris College,Yes,882,730,330,2,13,926,12,4515,2550,850,2100,53.0,60,18.6,34,6990,60,-0.578233179415742,-0.4991571446853165,-0.33646961201372044,-2.807938928862917,-0.7695241271105578,-1.8048433792180707,-1.7426351706420802,1.7915380157237073,1.1712343376226138,-1.2616584368949362,-1.3455990913496088,1.1325591153654024,0.9383237726310382,-0.5122259641265596,0.8276643990929705,Low,0,1,-1.0987972149572356,0.6125530498969481,-0.5782331794157424,-0.49915714468531647,-0.33646961201372116,-2.8079389288629173,-0.7695241271105574,-1.8048433792180707,-1.7426351706420808,1.7915380157237077,1.1712343376226126,-1.2616584368949366,-1.3455990913496088,1.132559115365402,0.9383237726310377,-0.5122259641265405,0.4916765223756793,0.6125530498969479,0.612553049896948,0.491676522375679,0.6125530498969481,0.6125530498969483
Mount Holyoke College,Yes,1800,1314,526,47,79,1891,40,19300,5700,750,750,79.0,91,9.0,51,18359,84,0.10348154930872655,0.10629916251931289,0.1709163523272022,1.1539956758627181,0.021033886241497296,-1.2238465018477889,1.8838526628397612,1.302507133936391,-0.960715953306189,0.3305429069207441,0.781503315639944,-1.3426312395200746,1.9107498885325442,1.6671946006760645,0.73,High,2,1,1.8150779933081982,0.6125530498969481,0.1034815493087262,0.10629916251931296,0.17091635232720157,1.1539956758627177,0.021033886241497754,-1.2238465018477889,1.8838526628397605,1.3025071339363914,-0.96071595330619,0.33054290692074373,0.7815033156399439,-1.342631239520075,1.9107498885325438,1.6671946006760836,-0.30842488968155773,0.6125530498969479,0.612553049896948,-0.30842488968155823,0.6125530498969481,0.6125530498969483
Mount Marty College,Yes,279,276,126,17,37,600,435,6844,2980,500,500,45.0,55,11.7,38,5073,44,-1.754925654341842,-1.5562748691649106,-1.5055748207535435,-0.5000085327852752,-1.3138549775352149,0.16844792998747304,-0.8815996332617959,-0.22914901677242944,-1.756532921293452,-1.625634520432682,-1.5648105119584117,-0.5695082346102578,1.186525502100285,-1.5272690327863438,0.989247311827957,Low,0,1,-1.0987972149572356,0.6125530498969481,-1.7549256543418423,-1.5562748691649106,-1.5055748207535444,-0.5000085327852757,-1.3138549775352144,0.16844792998747296,-0.8815996332617966,-0.22914901677242913,-1.756532921293453,-1.6256345204326825,-1.5648105119584117,-0.5695082346102582,1.1865255021002845,-1.5272690327863248,2.2795701784263254,0.6125530498969479,0.612553049896948,2.2795701784263254,0.6125530498969481,0.6125530498969483
Mount Mary College,Yes,235,217,121,12,32,931,487,8950,3119,550,1125,51.0,51,10.7,26,7016,78,-1.9387473457341686,-1.8285045169175966,-1.5585312565425646,-0.9818731086748947,-0.763087779863516,0.24212522610681736,-0.25741457910793925,0.12378880488361321,-0.14049359717716683,-1.358194779853355,-1.7185442855730702,-0.8466922550814785,0.3918121831278882,-0.5014724281356323,0.9234042553191489,Medium,1,1,0.3581403891754813,0.6125530498969481,-1.938747345734169,-1.8285045169175966,-1.5585312565425655,-0.9818731086748952,-0.7630877798635155,0.24212522610681728,-0.25741457910793997,0.12378880488361355,-0.14049359717716783,-1.3581947798533553,-1.7185442855730702,-0.8466922550814789,0.3918121831278878,-0.5014724281356132,1.4731277023616065,0.6125530498969479,0.612553049896948,1.4731277023616063,0.6125530498969481,0.6125530498969483
Mount Mercy College,Yes,368,317,159,20,49,806,542,10500,3555,500,2285,44.0,50,11.3,30,6695,64,-1.462994961670164,-1.4014643922854182,-1.207416231223307,-0.26074560260699386,-0.9380484667578247,0.3126192261508269,0.14241229539730088,-0.22914901677242944,1.353353976129658,-1.6669777392602354,-1.7540883479816314,-0.6792077728800088,0.6744919519989533,-0.6387173070836494,0.8614130434782609,Medium,1,1,0.3581403891754813,0.6125530498969481,-1.4629949616701645,-1.4014643922854182,-1.2074162312233079,-0.26074560260699425,-0.9380484667578243,0.3126192261508268,0.14241229539730016,-0.22914901677242913,1.353353976129657,-1.6669777392602358,-1.7540883479816314,-0.6792077728800092,0.6744919519989528,-0.6387173070836303,0.8136241534992783,0.6125530498969479,0.612553049896948,0.8136241534992781,0.6125530498969481,0.6125530498969483
Mount Saint Clare College,Yes,325,284,95,16,33,364,88,9900,3650,500,1200,32.0,37,13.6,43,6525,21,-1.5933080782965794,-1.524219503445356,-1.881545117499367,-0.5868962977653778,-2.0078837551044257,-0.7981390927021104,-0.007436159806771041,-0.22914901677242944,-0.007646689375954711,-2.0912676005757205,-2.1188662496512314,-0.06764502846155519,1.4783988095896108,-0.7155874577135224,0.8738461538461538,Medium,1,1,0.3581403891754813,0.6125530498969481,-1.5933080782965798,-1.524219503445356,-1.8815451174993678,-0.5868962977653782,-2.0078837551044253,-0.7981390927021105,-0.007436159806771759,-0.22914901677242913,-0.007646689375955717,-2.091267600575721,-2.1188662496512314,-0.06764502846155561,1.4783988095896103,-0.7155874577135033,0.9386336365499564,0.6125530498969479,0.612553049896948,0.9386336365499561,0.6125530498969481,0.6125530498969483
Mount Saint Mary's College,Yes,1321,1159,328,15,36,1243,79,12850,6200,550,900,77.0,82,12.8,36,8536,80,-0.18784981918545426,-0.020928098331000823,-0.3433285130579277,-0.6779904542213022,-0.4285191470134632,-0.8583890919982138,0.6803933763521203,0.12378880488361321,-0.5949489827396871,0.18578692338884797,0.01651265888576715,-0.27529199961519973,1.0642129526815685,0.03681187598333703,0.8773656320968963,Medium,1,1,0.3581403891754813,0.6125530498969481,-0.18784981918545463,-0.02092809833100075,-0.34332851305792844,-0.6779904542213027,-0.4285191470134628,-0.8583890919982139,0.6803933763521196,0.12378880488361355,-0.5949489827396881,0.1857869233888476,0.01651265888576704,-0.2752919996152001,1.064212952681568,0.0368118759833561,0.9746647881947972,0.6125530498969479,0.612553049896948,0.974664788194797,0.6125530498969481,0.6125530498969483
Mount Saint Mary College,Yes,1170,695,238,14,48,1170,429,7470,4600,250,1400,74.0,75,15.3,23,6898,88,-0.30395475838494074,-0.5508902306478494,-0.714399896123995,-0.7737777547234982,-0.49684151228643636,0.15943590698626692,-0.6842479697896761,-2.6699884439367905,0.3122382660840021,-0.024374663811267006,-0.4916463924532397,0.3579040707316264,0.16480224108923644,-0.5507777326183669,0.594017094017094,Low,0,1,-1.0987972149572356,0.6125530498969481,-0.30395475838494107,-0.5508902306478493,-0.7143998961239958,-0.7737777547234986,-0.4968415122864359,0.15943590698626683,-0.6842479697896767,-2.6699884439367905,0.3122382660840011,-0.02437466381126737,-0.4916463924532398,0.357904070731626,0.16480224108923605,-0.5507777326183478,-1.1454333207310392,0.6125530498969479,0.612553049896948,-1.1454333207310399,0.6125530498969481,0.6125530498969483
Mount St. Mary's College,Yes,657,537,113,37,90,1039,466,12474,5678,630,1278,53.0,71,11.9,19,10613,72,-0.8701431760121301,-0.825338807526727,-1.6487108626209097,0.7305835658560428,-0.6335424400567752,0.21327770038895646,0.5989326733568611,0.6341541487893395,0.12259462628051393,-1.2616584368949362,-0.7496836000340958,-0.5152188828746125,-0.16286735762255852,0.5712200547855273,0.817351598173516,Medium,1,1,0.3581403891754813,0.6125530498969481,-0.8701431760121304,-0.8253388075267268,-1.6487108626209106,0.7305835658560423,-0.6335424400567747,0.21327770038895638,0.5989326733568604,0.63415414878934,0.12259462628051293,-1.2616584368949366,-0.749683600034096,-0.5152188828746129,-0.1628673576225589,0.5712200547855464,0.3981991183705561,0.6125530498969479,0.612553049896948,0.39819911837055577,0.6125530498969481,0.6125530498969483
Mount Union College,Yes,1310,1086,458,26,61,1365,144,12250,3530,400,1150,85.0,87,16.7,35,7215,81,-0.19581507494992953,-0.08730808090342967,0.02403940688860889,0.14524475095617614,-0.324595113488898,-0.5151386977046785,0.5496335979517057,-1.0388011424180428,-0.0953232079457115,0.7871378673668015,0.4255260215207906,0.6941250685837765,1.0017342937327451,-0.4211548151266863,0.8290076335877863,Medium,1,1,0.3581403891754813,0.6125530498969481,-0.1958150749499299,-0.0873080809034296,0.024039406888608218,0.14524475095617576,-0.3245951134888976,-0.5151386977046786,0.5496335979517051,-1.0388011424180428,-0.0953232079457125,0.7871378673668011,0.4255260215207905,0.6941250685837761,1.0017342937327447,-0.4211548151266672,0.5040175843195177,0.6125530498969479,0.612553049896948,0.5040175843195174,0.6125530498969481,0.6125530498969483
Mount Vernon Nazarene College,Yes,510,485,334,18,36,1114,94,7400,3346,600,600,57.0,57,19.8,7,6869,58,-1.1261859970174133,-0.935059989119014,-0.32289449779263835,-0.41691464264756517,-0.5528747843205425,-0.7609957207276271,-0.7057630681325016,0.4497726389260374,-1.4016694654541817,-1.057488442042449,-1.4808140901662576,1.4000262349763708,-1.4463049754933548,-0.5630947238389544,0.9509803921568627,Low,0,1,-1.0987972149572356,0.6125530498969481,-1.1261859970174137,-0.9350599891190139,-0.32289449779263907,-0.41691464264756556,-0.552874784320542,-0.7609957207276272,-0.7057630681325022,0.4497726389260378,-1.4016694654541828,-1.0574884420424495,-1.4808140901662576,1.4000262349763704,-1.4463049754933552,-0.5630947238389353,1.7969220491985145,0.6125530498969479,0.612553049896948,1.7969220491985145,0.6125530498969481,0.6125530498969483
Muhlenberg College,Yes,2519,1836,462,30,61,1656,352,16975,4565,600,850,76.0,86,12.8,39,10888,83,0.4125555873838937,0.43998616879977526,0.03335817817010119,0.3771313679720627,-0.11670760093748567,0.03226609922053677,1.4857887269060215,0.4497726389260374,-0.7101522318661437,0.11480358880148679,0.3405662242258264,-0.27529199961519973,1.2464286838639715,0.6299496689139803,0.7288606589916634,High,2,1,1.8150779933081982,0.6125530498969481,0.41255558738389336,0.4399861687997753,0.03335817817010052,0.3771313679720623,-0.11670760093748521,0.03226609922053669,1.4857887269060208,0.4497726389260378,-0.7101522318661447,0.11480358880148643,0.3405662242258263,-0.2752919996152001,1.246428683863971,0.6299496689139994,-0.3166939380930137,0.6125530498969479,0.612553049896948,-0.3166939380930142,0.6125530498969481,0.6125530498969483
Murray State University,No,2225,1910,1190,29,55,5968,955,4738,3110,700,940,72.0,76,20.2,27,5972,52,0.29930597649870105,0.4788908435801361,0.9759261173742144,0.32152095127645364,1.0602969298952851,0.696974870450462,-1.6490223914967181,1.0362571162148249,-0.5069761861076957,-0.15983625199593327,-0.42352364534226566,1.4876907284232481,0.464466880638092,-0.9886200819291754,0.8584269662921349,Low,0,0,-1.0987972149572356,-1.6325116659989423,0.2993059764987007,0.47889084358013617,0.9759261173742139,0.32152095127645325,1.0602969298952856,0.6969748704504619,-1.6490223914967188,1.0362571162148253,-0.5069761861076967,-0.15983625199593363,-0.4235236453422658,1.4876907284232477,0.4644668806380916,-0.9886200819291563,0.7841231047352303,-1.6325116659989425,-1.6325116659989423,0.7841231047352301,-1.6325116659989423,-1.6325116659989423
Muskingum College,Yes,1109,922,375,24,46,1115,70,13240,3914,600,800,73.0,85,13.4,27,9333,73,-0.3554975767142494,-0.25568177724846086,-0.1937073854255391,0.018775285270126344,-0.5518443009095576,-0.9251861828703201,0.7632491624989939,0.4497726389260374,-0.8318078970334455,-0.09256994792772753,0.25719681074029643,-0.11908588055207388,0.464466880638092,0.2635077136267663,0.8313796212804329,Medium,1,1,0.3581403891754813,0.6125530498969481,-0.35549757671424975,-0.2556817772484608,-0.1937073854255398,0.018775285270125945,-0.5518443009095572,-0.9251861828703202,0.7632491624989932,0.4497726389260378,-0.8318078970334465,-0.0925699479277279,0.2571968107402963,-0.1190858805520743,0.4644668806380916,0.2635077136267854,0.5259044301261308,0.6125530498969479,0.612553049896948,0.5259044301261304,0.6125530498969481,0.6125530498969483
National-Louis University,Yes,513,347,279,23,48,2508,505,9090,4500,650,500,62.0,65,18.3,2,7905,71,-1.120203952195723,-1.301165347906268,-0.5282504468415923,-0.04753313995778422,0.30114461373879864,0.26596224044984307,-0.21951429087303498,0.7528645357434074,-1.756532921293452,-0.7814483389667398,-1.0947584403093151,1.0645957340584027,-2.329357208369601,-0.16720094027416252,0.6764132553606238,Medium,1,1,0.3581403891754813,0.6125530498969481,-1.1202039521957234,-1.301165347906268,-0.5282504468415931,-0.04753313995778462,0.3011446137387991,0.265962240449843,-0.2195142908730357,0.7528645357434078,-1.756532921293453,-0.7814483389667402,-1.0947584403093151,1.0645957340584022,-2.3293572083696015,-0.16720094027414345,-0.6731554602442854,0.6125530498969479,0.612553049896948,-0.673155460244286,0.6125530498969481,0.6125530498969483
Nazareth College of Rochester,Yes,947,798,266,36,68,1274,471,10850,5150,550,800,77.0,93,13.6,24,8797,61,-0.508681119633028,-0.40582487664728745,-0.5836618389643382,0.683476302864234,-0.40096938889445904,0.2202521388583639,0.22723958198900848,0.12378880488361321,-0.8318078970334455,0.18578692338884797,0.9693375120855497,-0.06764502846155519,0.24207061628816592,0.11453045085381086,0.8426610348468849,Medium,1,1,0.3581403891754813,0.6125530498969481,-0.5086811196330283,-0.4058248766472874,-0.583661838964339,0.6834763028642336,-0.4009693888944586,0.2202521388583638,0.22723958198900776,0.12378880488361355,-0.8318078970334465,0.1857869233888476,0.9693375120855496,-0.06764502846155561,0.24207061628816554,0.11453045085382993,0.6316588029679407,0.6125530498969479,0.612553049896948,0.6316588029679404,0.6125530498969481,0.6125530498969483
New Jersey Institute of Technology,No,1879,1216,483,27,62,3311,1646,8832,5376,700,1850,92.0,98,13.5,19,12529,72,0.14340853598738912,0.02786591027460087,0.08080033358776872,0.20567765393688317,0.5602664992151272,1.084621885694457,-0.28966274381545754,1.0362571162148249,0.8999392159210445,1.3621979324255895,1.4683762334705521,-0.09332712383236806,-0.16286735762255852,0.938128970016679,0.6471527408195848,Medium,1,0,0.3581403891754813,-1.6325116659989423,0.14340853598738876,0.027865910274600943,0.08080033358776806,0.20567765393688278,0.5602664992151276,1.084621885694457,-0.28966274381545826,1.0362571162148253,0.8999392159210435,1.362197932425589,1.4683762334705521,-0.09332712383236848,-0.1628673576225589,0.9381289700166981,-0.8525022732887412,-1.6325116659989425,-1.6325116659989423,-0.8525022732887418,-1.6325116659989423,-1.6325116659989423
New Mexico Institute of Mining and Tech.,No,787,601,233,40,73,1017,411,5376,3214,600,1100,99.0,100,13.7,11,9241,34,-0.6904549799062827,-0.7049257045763743,-0.7396090066712747,0.8661712529818544,-0.6585598666703738,0.13169293670485624,-1.3962457306925278,0.4497726389260374,-0.18660316336359328,1.9829336861494546,1.6800113003699915,-0.042038843535126456,-0.9453261344609437,0.2388873018399253,0.7636594663278272,Low,0,0,-1.0987972149572356,-1.6325116659989423,-0.690454979906283,-0.7049257045763742,-0.7396090066712755,0.8661712529818539,-0.6585598666703734,0.13169293670485616,-1.3962457306925284,0.4497726389260378,-0.18660316336359428,1.9829336861494542,1.6800113003699915,-0.04203884353512687,-0.9453261344609442,0.23888730183994436,-0.053487883174136275,-1.6325116659989425,-1.6325116659989423,-0.053487883174136726,-1.6325116659989423,-1.6325116659989423
New York University,Yes,13594,7244,2505,70,86,12408,2814,17748,7262,450,1000,87.0,98,7.8,16,21227,71,1.8528946692307215,1.7302888853546539,1.6258873700916596,1.9086950841480654,1.597848860309674,1.4847356491370476,1.6219019736802094,-0.6143252338289236,-0.3813083118461038,0.9467830013589739,1.4683762334705521,-1.715017190369391,-0.4323290036172367,1.9069026660076351,0.5328821538914227,High,2,1,1.8150779933081982,0.6125530498969481,1.852894669230721,1.7302888853546539,1.6258873700916592,1.908695084148065,1.5978488603096745,1.4847356491370476,1.6219019736802087,-0.6143252338289233,-0.3813083118461048,0.9467830013589735,1.4683762334705521,-1.7150171903693914,-0.4323290036172371,1.9069026660076542,-1.434964397496577,0.6125530498969479,0.612553049896948,-1.4349643974965776,0.6125530498969481,0.6125530498969483
Newberry College,Yes,872,722,154,14,36,601,36,10194,2600,500,1500,57.0,63,11.4,32,5788,83,-0.5894198567777608,-0.5107445235337614,-1.2477609362513746,-0.7737777547234982,-1.311666139761302,-1.2781344624160644,0.06671349353904604,-0.22914901677242944,0.4565936404384389,-1.057488442042449,-1.1989966331316235,-0.6516401064957508,0.808539510579746,-1.0882830946901714,0.8279816513761468,Medium,1,1,0.3581403891754813,0.6125530498969481,-0.5894198567777611,-0.5107445235337613,-1.2477609362513755,-0.7737777547234986,-1.3116661397613016,-1.2781344624160644,0.06671349353904532,-0.22914901677242913,0.4565936404384379,-1.0574884420424495,-1.1989966331316235,-0.6516401064957512,0.8085395105797456,-1.0882830946901523,0.49458783365317793,0.6125530498969479,0.612553049896948,0.4945878336531776,0.6125530498969481,0.6125530498969483
Niagara University,Yes,2220,1796,467,65,99,1919,334,10320,4762,450,650,68.0,100,14.2,20,7788,65,0.29724352643397894,0.4182518567095651,0.044876545669622334,1.7634659820582093,0.03604579026584525,-0.001105111415008997,0.09806196805478586,-0.6143252338289236,-1.244341330331405,-0.4196154901574144,1.6800113003699915,0.0848788535167615,-0.07789765626183243,-0.2078079306090045,0.809009009009009,Medium,1,1,0.3581403891754813,0.6125530498969481,0.2972435264339786,0.41825185670956516,0.04487654566962166,1.7634659820582088,0.03604579026584571,-0.00110511141500907,0.09806196805478513,-0.6143252338289233,-1.2443413303314061,-0.4196154901574148,1.6800113003699915,0.08487885351676108,-0.07789765626183281,-0.20780793060898542,0.32420785764920157,0.6125530498969479,0.612553049896948,0.3242078576492012,0.6125530498969481,0.6125530498969483
North Adams State College,No,1563,1005,240,1,19,1380,136,5542,4330,500,1000,65.0,71,14.2,17,6562,57,-0.028638359764537276,-0.1667911477517525,-0.704486531934062,-3.226531284931711,-0.31260220419669305,-0.5486568717948546,-1.3337419054172122,-0.22914901677242944,-0.3813083118461038,-0.6047051624414783,-0.7496836000340958,0.0848788535167615,-0.3398815888114029,-0.6985956883130491,0.6429942418426103,Low,0,0,-1.0987972149572356,-1.6325116659989423,-0.028638359764537623,-0.1667911477517524,-0.7044865319340627,-3.2265312849317116,-0.3126022041966926,-0.5486568717948547,-1.3337419054172128,-0.22914901677242913,-0.3813083118461048,-0.6047051624414786,-0.749683600034096,0.08487885351676108,-0.3398815888114033,-0.69859568831303,-0.8769177495024767,-1.6325116659989425,-1.6325116659989423,-0.8769177495024774,-1.6325116659989423,-1.6325116659989423
North Carolina A. & T. State University,No,4809,3089,1429,12,33,6162,871,6806,1780,600,1651,72.0,72,16.7,9,7090,44,0.9862319150286346,0.9437146177688381,1.142802663106503,-0.9818731086748947,1.0856403213468728,0.6332047507401846,-0.8939548716793383,0.4497726389260374,0.6585071577052745,-0.15983625199593327,-0.6873174824544503,0.6941250685837765,-1.18236541463741,-0.47119972847990066,0.6423372842586816,Low,0,0,-1.0987972149572356,-1.6325116659989423,0.9862319150286343,0.9437146177688382,1.1428026631065025,-0.9818731086748952,1.0856403213468733,0.6332047507401845,-0.893954871679339,0.4497726389260378,0.6585071577052735,-0.15983625199593363,-0.6873174824544505,0.6941250685837761,-1.1823654146374105,-0.47119972847988156,-0.8807510033249477,-1.6325116659989425,-1.6325116659989423,-0.8807510033249484,-1.6325116659989423,-1.6325116659989423
North Carolina State University at Raleigh,No,10634,7064,3176,39,78,16505,5481,8400,6540,600,1300,92.0,98,17.5,21,9670,62,1.6540209614899188,1.7077356688744025,1.8177499538426523,0.821887512510805,1.7850805540463333,2.008654278153912,-0.41019873029626974,0.4497726389260374,0.1579982604829097,1.3621979324255895,1.4683762334705521,0.8810919176520503,0.004942020606680277,0.35058894087658526,0.6642843708858379,Low,0,0,-1.0987972149572356,-1.6325116659989423,1.6540209614899184,1.7077356688744025,1.8177499538426518,0.8218875125108046,1.7850805540463337,2.008654278153912,-0.41019873029627046,0.4497726389260378,0.15799826048290871,1.362197932425589,1.4683762334705521,0.8810919176520499,0.004942020606679884,0.35058894087660436,-0.7491242246106501,-1.6325116659989425,-1.6325116659989423,-0.7491242246106506,-1.6325116659989423,-1.6325116659989423
North Carolina Wesleyan College,Yes,812,689,195,7,24,646,84,8242,4230,600,1295,77.0,77,12.7,11,10090,52,-0.6595686656661225,-0.5600378910222445,-0.9542150588441185,-1.6457438988012263,-1.2175199359976199,-0.8241950322107534,-0.4552998425239486,0.4497726389260374,0.15000096896758802,0.18578692338884797,-0.3539307841170397,-0.3016095177954872,-0.9453261344609437,0.452780977189614,0.8485221674876847,Low,0,1,-1.0987972149572356,0.6125530498969481,-0.6595686656661228,-0.5600378910222444,-0.9542150588441193,-1.6457438988012267,-1.2175199359976194,-0.8241950322107535,-0.45529984252394934,0.4497726389260378,0.15000096896758702,0.1857869233888476,-0.3539307841170398,-0.3016095177954876,-0.9453261344609442,0.4527809771896331,0.6876965231754915,0.6125530498969479,0.612553049896948,0.6876965231754911,0.6125530498969481,0.6125530498969483
North Central College,Yes,1127,884,308,30,64,1310,766,11718,7398,450,1800,73.0,87,16.4,33,8871,76,-0.33997798504716037,-0.2992780476364771,-0.4146893188785438,0.3771313679720627,-0.36998367070574895,0.5450781211657026,0.43012609513854344,-0.6143252338289236,0.8416278943466902,-0.09256994792772753,0.4255260215207906,0.6230742516139866,0.8739402534841448,0.13592160027582095,0.7843833185448092,Medium,1,1,0.3581403891754813,0.6125530498969481,-0.3399779850471607,-0.29927804763647703,-0.41468931887854454,0.3771313679720623,-0.3699836707057485,0.5450781211657025,0.4301260951385427,-0.6143252338289233,0.8416278943466892,-0.0925699479277279,0.4255260215207905,0.6230742516139861,0.8739402534841444,0.13592160027584002,0.11407514940231483,0.6125530498969479,0.612553049896948,0.11407514940231443,0.6125530498969481,0.6125530498969483
North Dakota State University,No,2968,2297,1610,13,47,7368,1128,5834,2744,600,2000,79.0,83,17.0,24,6310,42,0.5606631273868379,0.6591320243181207,1.2490088790710505,-0.8748385657786061,1.224019641424115,0.8135932950633971,-1.2267153102532689,0.4497726389260374,1.0665053144911143,0.3305429069207441,0.09518189874570733,0.764657306400675,0.24207061628816592,-0.8173472296953523,0.773921832884097,Low,0,0,-1.0987972149572356,-1.6325116659989423,0.5606631273868375,0.6591320243181208,1.24900887907105,-0.8748385657786065,1.2240196414241153,0.813593295063397,-1.2267153102532695,0.4497726389260378,1.0665053144911132,0.33054290692074373,0.09518189874570722,0.7646573064006745,0.24207061628816554,-0.8173472296953332,0.028451511915083466,-1.6325116659989425,-1.6325116659989423,0.02845151191508304,-1.6325116659989423,-1.6325116659989423
North Park College,Yes,465,361,176,19,39,879,156,12580,4345,400,970,76.0,79,13.1,24,10889,74,-1.2207326426946932,-1.2574835719400237,-1.0804265865978688,-0.337261774390416,-0.832174993554878,-0.46790331500725246,0.6220591003170086,-1.0388011424180428,-0.4432425416570905,0.11480358880148679,-0.21028570541136532,-0.19682982022428813,0.24207061628816592,0.6301590484192249,0.7763440860215054,Medium,1,1,0.3581403891754813,0.6125530498969481,-1.2207326426946936,-1.2574835719400237,-1.0804265865978697,-0.3372617743904164,-0.8321749935548776,-0.4679033150072525,0.622059100317008,-1.0388011424180428,-0.4432425416570915,0.11480358880148643,-0.21028570541136543,-0.19682982022428855,0.24207061628816554,0.630159048419244,0.04808724501547882,0.6125530498969479,0.612553049896948,0.0480872450154784,0.6125530498969481,0.6125530498969483
Northeast Missouri State University,No,6040,4577,1620,36,72,5640,266,4856,3416,400,1100,69.0,72,15.7,13,6601,76,1.1820280354354158,1.312426635057807,1.2544693974838887,0.683476302864234,1.0150759229370574,-0.1440465646907973,-1.6006548306050825,-1.0388011424180428,-0.18660316336359328,-0.3560631885270026,-0.6873174824544503,0.4551990742383173,-0.7285459060471434,-0.6808446730558433,0.7577814569536424,Low,0,0,-1.0987972149572356,-1.6325116659989423,1.1820280354354153,1.312426635057807,1.2544693974838883,0.6834763028642336,1.0150759229370578,-0.14404656469079738,-1.6006548306050832,-1.0388011424180428,-0.18660316336359428,-0.35606318852700297,-0.6873174824544505,0.4551990742383169,-0.7285459060471439,-0.6808446730558242,-0.09951883591772079,-1.6325116659989425,-1.6325116659989423,-0.09951883591772125,-1.6325116659989423,-1.6325116659989423
Northeastern University,Yes,11901,8492,2517,16,42,11160,10221,13380,7425,600,1750,73.0,82,12.9,17,9563,46,1.745627588207929,1.8718418235864425,1.6298213237745078,-0.5868962977653778,1.5252424679239402,2.5263060555626318,0.7926008386150794,0.4497726389260374,0.7817965352714337,-0.09256994792772753,0.01651265888576715,-0.24905677256531966,-0.3398815888114029,0.3234533489705677,0.7135534829005966,Medium,1,1,0.3581403891754813,0.6125530498969481,1.7456275882079286,1.8718418235864425,1.6298213237745074,-0.5868962977653782,1.5252424679239407,2.5263060555626318,0.7926008386150787,0.4497726389260378,0.7817965352714327,-0.0925699479277279,0.01651265888576704,-0.24905677256532008,-0.3398815888114033,0.3234533489705868,-0.4255720724054729,0.6125530498969479,0.612553049896948,-0.42557207240547346,0.6125530498969481,0.6125530498969483
Northern Arizona University,No,5891,4931,1973,23,48,11249,2682,6746,3728,620,2342,78.0,83,21.7,7,6157,41,1.1607295195739593,1.3811472570588026,1.42558400392223,-0.04753313995778422,1.5307418421930397,1.4481291941905212,-0.9135557436916588,0.5735611068222635,1.4067167079701128,0.2576999703306144,0.09518189874570733,1.810242078409743,-1.4463049754933548,-0.8930788458111237,0.8370395518587677,Low,0,0,-1.0987972149572356,-1.6325116659989423,1.1607295195739589,1.3811472570588026,1.4255840039222296,-0.04753313995778462,1.53074184219304,1.4481291941905212,-0.9135557436916595,0.5735611068222639,1.4067167079701117,0.25769997033061404,0.09518189874570722,1.8102420784097426,-1.4463049754933552,-0.8930788458111046,0.5786176521691471,-1.6325116659989425,-1.6325116659989423,0.5786176521691467,-1.6325116659989423,-1.6325116659989423
Northern Illinois University,No,10706,7219,2397,12,37,14826,1979,7799,3296,470,1750,73.0,78,17.3,11,6086,56,1.6595338509255921,1.7271925860529123,1.5894705547850037,-0.9818731086748947,1.7160543168353055,1.2200064643058637,-0.5848628014724908,-0.45598245337987864,0.7817965352714337,-0.09256994792772753,-0.2828555413330692,0.8346833000310062,-0.9453261344609437,-0.9292160853569285,0.6742947879693629,Low,0,0,-1.0987972149572356,-1.6325116659989423,1.6595338509255917,1.7271925860529123,1.5894705547850032,-0.9818731086748952,1.716054316835306,1.2200064643058637,-0.5848628014724915,-0.45598245337987836,0.7817965352714327,-0.0925699479277279,-0.28285554133306934,0.8346833000310058,-0.9453261344609442,-0.9292160853569094,-0.6865933880004522,-1.6325116659989425,-1.6325116659989423,-0.6865933880004528,-1.6325116659989423,-1.6325116659989423
Northwest Missouri State University,No,2729,2535,1257,8,29,4787,472,3735,3136,250,1630,62.0,65,21.7,23,5284,54,0.4850801954432613,0.7544967719637904,1.0263685336873374,-1.490473824946659,0.8806755284043403,0.22163891746270936,-2.096238580989325,-2.6699884439367905,0.631476620821323,-0.7814483389667398,-1.0947584403093151,1.810242078409743,0.16480224108923644,-1.3882296900766227,0.9289116892634665,Low,0,0,-1.0987972149572356,-1.6325116659989423,0.485080195443261,0.7544967719637905,1.026368533687337,-1.4904738249466594,0.8806755284043407,0.22163891746270928,-2.096238580989326,-2.6699884439367905,0.631476620821322,-0.7814483389667402,-1.0947584403093151,1.8102420784097426,0.16480224108923605,-1.3882296900766036,1.5362407343368998,-1.6325116659989425,-1.6325116659989423,1.5362407343368998,-1.6325116659989423,-1.6325116659989423
Northwest Nazarene College,Yes,616,514,385,29,52,1115,60,9840,2820,450,822,59.0,59,14.8,20,6261,58,-0.9348434006030423,-0.8724035008839885,-0.1646626445757431,0.32152095127645364,-0.5518443009095576,-1.0091670991282116,-0.022745909062476245,-0.6143252338289236,-0.7774364972264984,-0.9498508314361171,-1.391918192175684,0.2348219920998793,-0.07789765626183243,-0.8412902597819828,0.8344155844155844,Medium,1,1,0.3581403891754813,0.6125530498969481,-0.9348434006030426,-0.8724035008839884,-0.16466264457574378,0.32152095127645325,-0.5518443009095572,-1.0091670991282116,-0.022745909062476963,-0.6143252338289233,-0.7774364972264994,-0.9498508314361175,-1.391918192175684,0.2348219920998789,-0.07789765626183281,-0.8412902597819637,0.554093827185334,0.6125530498969479,0.612553049896948,0.5540938271853336,0.6125530498969481,0.6125530498969483
Northwestern College,Yes,860,811,366,22,56,1040,52,9900,3075,300,1800,68.0,68,14.9,34,6357,68,-0.6030269009010543,-0.388952417214636,-0.22062206401116932,-0.1160987382636973,-0.6324206532466596,-1.085968351816752,-0.007436159806771041,-2.0489462340837274,0.8416278943466902,-0.4196154901574144,-0.9283850943804479,0.25957157781628776,0.9383237726310382,-0.7946493713557954,0.9430232558139535,Medium,1,1,0.3581403891754813,0.6125530498969481,-0.6030269009010546,-0.38895241721463597,-0.22062206401117002,-0.1160987382636977,-0.6324206532466592,-1.085968351816752,-0.007436159806771759,-2.0489462340837274,0.8416278943466892,-0.4196154901574148,-0.928385094380448,0.25957157781628737,0.9383237726310377,-0.7946493713557763,1.701478518213619,0.6125530498969479,0.612553049896948,1.701478518213619,0.6125530498969481,0.6125530498969483
Northwestern University,Yes,12289,5200,1902,85,98,7450,45,16404,5520,759,1585,96.0,100,6.8,25,26385,92,1.7715974501020368,1.4299258675082858,1.3941681397773427,2.2999608221542487,1.2324107451961697,-1.1624212344588023,1.382606664754302,1.3487784529993019,0.5724508481368616,1.7113078679607372,1.6800113003699915,-2.0424718257510004,0.31770887154146105,2.232571027583202,0.4231426478964928,High,2,1,1.8150779933081982,0.6125530498969481,1.7715974501020364,1.4299258675082858,1.3941681397773422,2.2999608221542482,1.23241074519617,-1.1624212344588023,1.3826066647543014,1.3487784529993023,0.5724508481368606,1.7113078679607368,1.6800113003699915,-2.042471825751001,0.31770887154146066,2.232571027583221,-1.8454388354770423,0.6125530498969479,0.612553049896948,-1.8454388354770432,0.6125530498969481,0.6125530498969483
Norwich University,Yes,1743,1625,626,8,29,1862,382,14134,5270,500,800,71.0,74,13.1,22,9209,63,0.07348742252047857,0.31910704077958424,0.35118211766186286,-1.490473824946659,0.005197449070922256,0.08457438462300101,0.9473073379962601,-0.22914901677242944,-0.8318078970334455,-0.22617376518526458,-0.558311349746167,-0.19682982022428813,0.08579840488433134,0.2302348701618685,0.9323006310958118,Medium,1,1,0.3581403891754813,0.6125530498969481,0.07348742252047823,0.3191070407795843,0.35118211766186225,-1.4904738249466594,0.005197449070922713,0.08457438462300094,0.9473073379962594,-0.22914901677242913,-0.8318078970334465,-0.22617376518526494,-0.5583113497461671,-0.19682982022428855,0.08579840488433095,0.23023487016188757,1.5754582217427229,0.6125530498969479,0.612553049896948,1.5754582217427229,0.6125530498969481,0.6125530498969483
Notre Dame College,Yes,379,324,107,15,37,500,311,9990,4900,400,600,44.0,47,12.1,26,4948,33,-1.4322738302728557,-1.3771812720765402,-1.7212901862635595,-0.6779904542213022,-1.5583586581516218,-0.04621723854768233,0.015414587447292122,-1.0388011424180428,-1.4016694654541817,-1.6669777392602354,-1.854012679433033,-0.4612920948206636,0.3918121831278882,-1.6139214559347725,0.8548812664907651,Medium,1,1,0.3581403891754813,0.6125530498969481,-1.4322738302728562,-1.3771812720765402,-1.7212901862635603,-0.6779904542213027,-1.5583586581516213,-0.04621723854768241,0.015414587447291404,-1.0388011424180428,-1.4016694654541828,-1.6669777392602358,-1.854012679433033,-0.46129209482066397,0.3918121831278878,-1.6139214559347534,0.7493532614858963,0.6125530498969479,0.612553049896948,0.749353261485896,0.6125530498969481,0.6125530498969483
Oakland University,No,3041,2581,1173,16,56,6441,3982,9114,4030,400,650,88.0,90,19.7,13,6637,53,0.5824520011604901,0.7718209857562423,0.9626039180119476,-0.5868962977653778,1.1204301980392706,1.7538144576745978,-0.21305567992703311,-1.0388011424180428,-1.244341330331405,1.0280025774963892,0.6900649668386472,1.3779965760601174,-0.7285459060471434,-0.6646020896400612,0.8487339690891155,Medium,1,0,0.3581403891754813,-1.6325116659989423,0.5824520011604898,0.7718209857562424,0.962603918011947,-0.5868962977653782,1.120430198039271,1.7538144576745978,-0.21305567992703384,-1.0388011424180428,-1.2443413303314061,1.0280025774963888,0.690064966838647,1.377996576060117,-0.7285459060471439,-0.6646020896400421,0.689735688587745,-1.6325116659989425,-1.6325116659989423,0.6897356885877447,-1.6325116659989423,-1.6325116659989423
Oberlin College,Yes,4778,2767,678,50,89,2587,120,19670,5820,575,1119,77.0,96,10.1,47,16593,83,0.9806281856809977,0.8386524359864325,0.43222006214853964,1.2670949932019226,0.33086526551629847,-0.6214362405081376,1.944242969771182,0.28987231007147457,-0.15147271961234166,0.18578692338884797,1.263654675854437,-1.0179321545692772,1.6993804724452455,1.4886588605610265,0.5791125994139807,High,2,1,1.8150779933081982,0.6125530498969481,0.9806281856809974,0.8386524359864326,0.43222006214853903,1.2670949932019222,0.3308652655162989,-0.6214362405081377,1.9442429697711814,0.28987231007147496,-0.15147271961234265,0.1857869233888476,1.263654675854437,-1.0179321545692777,1.699380472445245,1.4886588605610456,-1.220489760367882,0.6125530498969479,0.612553049896948,-1.2204897603678826,0.6125530498969481,0.6125530498969483
Occidental College,Yes,2324,1319,370,52,81,1686,35,16560,5140,558,1152,91.0,93,10.5,30,16196,79,0.3391483408097069,0.11013154089468224,-0.2085667853896236,1.3395598524165766,-0.09783679647797908,-1.2925434929444524,1.4110277745156843,0.17763956515291707,-0.09174896654035225,1.2772512278910106,0.9693375120855497,-0.9033411845194759,0.6744919519989533,1.444437296968391,0.5675559380378657,High,2,1,1.8150779933081982,0.6125530498969481,0.33914834080970657,0.11013154089468231,-0.20856678538962428,1.3395598524165762,-0.09783679647797862,-1.2925434929444524,1.4110277745156836,0.17763956515291743,-0.09174896654035325,1.2772512278910102,0.9693375120855496,-0.9033411845194763,0.6744919519989528,1.44443729696841,-1.276656068495447,0.6125530498969479,0.612553049896948,-1.2766560684954478,0.6125530498969481,0.6125530498969483
Oglethorpe University,Yes,792,649,186,56,87,769,377,12900,4340,600,4110,91.0,95,13.1,27,8568,67,-0.6841943187071238,-0.6232862156657651,-1.0121484588041525,1.4781382686650963,-0.996275469677491,0.07612250902423777,0.6911074238597384,0.4497726389260374,2.6514625955995164,1.2772512278910106,1.1638582779526243,-0.19682982022428813,0.464466880638092,0.04653665159601591,0.8194444444444444,Medium,1,1,0.3581403891754813,0.6125530498969481,-0.6841943187071241,-0.623286215665765,-1.0121484588041534,1.478138268665096,-0.9962754696774906,0.0761225090242377,0.6911074238597378,0.4497726389260378,2.6514625955995155,1.2772512278910102,1.1638582779526243,-0.19682982022428855,0.4644668806380916,0.04653665159603498,0.4169880812849879,0.6125530498969479,0.612553049896948,0.41698808128498754,0.6125530498969481,0.6125530498969483
Ohio Northern University,Yes,2936,2342,669,35,62,2502,66,15990,4080,600,825,73.0,78,14.5,31,9979,83,0.5509298259344397,0.6779507372575919,0.4187187239651371,0.635335268105144,0.29884081754277064,-0.9573947283709121,1.306310150313634,0.4497726389260374,-0.7701268378722608,-0.09256994792772753,-0.2828555413330692,0.16016400330539635,0.7420738947418721,0.4264190308219095,0.797683923705722,High,2,1,1.8150779933081982,0.6125530498969481,0.5509298259344394,0.677950737257592,0.4187187239651365,0.6353352681051435,0.2988408175427711,-0.9573947283709122,1.3063101503136334,0.4497726389260378,-0.7701268378722618,-0.0925699479277279,-0.28285554133306934,0.16016400330539593,0.7420738947418717,0.4264190308219286,0.226052859765368,0.6125530498969479,0.612553049896948,0.22605285976536763,0.6125530498969481,0.6125530498969483
Ohio University,No,11023,8298,3183,21,54,14861,1310,7629,4095,550,2300,79.0,87,20.4,13,8811,64,1.6833414603419397,1.851359400733513,1.819496655300603,-0.18710169614595554,1.7175889967842395,0.9198128628792281,-0.6358653672832212,0.12378880488361321,1.3675153286527078,0.3305429069207441,0.4255260215207906,1.5312547843775446,-0.7285459060471434,0.11859866910107826,0.7527896217000817,Low,0,0,-1.0987972149572356,-1.6325116659989423,1.6833414603419392,1.851359400733513,1.8194966553006025,-0.18710169614595593,1.71758899678424,0.919812862879228,-0.6358653672832218,0.12378880488361355,1.3675153286527066,0.33054290692074373,0.4255260215207905,1.5312547843775441,-0.7285459060471439,0.11859866910109733,-0.13810103078477276,-1.6325116659989425,-1.6325116659989423,-0.13810103078477323,-1.6325116659989423,-1.6325116659989423
Ohio Wesleyan University,Yes,2190,1700,458,36,65,1780,48,16732,5650,550,550,93.0,93,12.1,32,12011,75,0.2847631849670448,0.3639030851511576,0.02403940688860889,0.683476302864234,-0.041260055823753236,-1.1284366247614759,1.442160721150801,0.12378880488361321,-1.5716298036474603,1.448076800235107,0.9693375120855497,-0.4612920948206636,0.808539510579746,0.8478936372160334,0.776255707762557,High,2,1,1.8150779933081982,0.6125530498969481,0.28476318496704445,0.36390308515115766,0.024039406888608218,0.6834763028642336,-0.04126005582375278,-1.1284366247614759,1.4421607211508003,0.12378880488361355,-1.5716298036474614,1.4480768002351065,0.9693375120855496,-0.46129209482066397,0.8085395105797456,0.8478936372160525,0.04736881814533541,0.6125530498969479,0.612553049896948,0.04736881814533499,0.6125530498969481,0.6125530498969483
Oklahoma Baptist University,Yes,758,681,484,35,59,1707,705,5390,3140,515,1290,63.0,71,15.1,18,5511,50,-0.7276290916986982,-0.5723681075177929,0.0829998160861375,0.635335268105144,-0.08486911648070146,0.48867048507780264,-1.3909257737126186,-0.12015145879997036,0.14197503239976528,-0.7234609819608288,-0.7496836000340958,0.3088698067143141,-0.2501326687269887,-1.2479011138193037,0.8984168865435356,Low,0,1,-1.0987972149572356,0.6125530498969481,-0.7276290916986985,-0.5723681075177928,0.08299981608613684,0.6353352681051435,-0.084869116480701,0.4886704850778026,-1.3909257737126193,-0.12015145879997005,0.14197503239976428,-0.7234609819608291,-0.749683600034096,0.3088698067143137,-0.2501326687269891,-1.2479011138192846,1.1962438796980728,0.6125530498969479,0.612553049896948,1.1962438796980726,0.6125530498969481,0.6125530498969483
Oklahoma Christian University,Yes,776,765,351,22,44,1419,228,6400,3150,500,1900,58.0,64,16.2,8,6578,45,-0.704379887488903,-0.45001006241243924,-0.26722180546366914,-0.1160987382636973,-0.28215005702571017,-0.23920440771304885,-1.0288827529671758,-0.22914901677242944,0.9568086491871414,-1.004132554468048,-1.1475366140165175,0.5754126153059119,-1.310419180097965,-0.6912935863063475,0.9858247422680413,Low,0,1,-1.0987972149572356,0.6125530498969481,-0.7043798874889033,-0.4500100624124392,-0.26722180546366986,-0.1160987382636977,-0.2821500570257097,-0.23920440771304893,-1.0288827529671765,-0.22914901677242913,0.9568086491871404,-1.0041325544680484,-1.1475366140165175,0.5754126153059115,-1.3104191800979654,-0.6912935863063284,2.2347702534934837,0.6125530498969479,0.612553049896948,2.2347702534934837,0.6125530498969481,0.6125530498969483
Oklahoma State University,No,4522,3913,2181,29,57,12830,1658,5336,3344,800,3100,84.0,92,15.3,14,6433,48,0.9328042394173673,1.1666645378525682,1.510588012085616,0.32152095127645364,1.6204076169146269,1.0899188257357844,-1.4114959319907114,1.553695186961413,2.0208567404475737,0.7087119890670915,0.8745903245365926,0.3579040707316264,-0.6263490551654358,-0.7584888965474067,0.8653250773993808,Low,0,0,-1.0987972149572356,-1.6325116659989423,0.932804239417367,1.1666645378525682,1.5105880120856157,0.32152095127645325,1.6204076169146273,1.0899188257357844,-1.411495931990712,1.5536951869614135,2.020856740447573,0.7087119890670912,0.8745903245365925,0.357904070731626,-0.6263490551654363,-0.7584888965473876,0.8525780349239469,-1.6325116659989425,-1.6325116659989423,0.8525780349239467,-1.6325116659989423,-1.6325116659989423
Otterbein College,Yes,1496,1205,428,26,57,1648,936,12888,4440,420,840,62.0,68,13.9,30,8802,87,-0.06991677923797303,0.018642634824550596,-0.04898979120524064,0.14524475095617614,-0.12181028339994543,0.683012300856232,0.6885385440248355,-0.8637452461638905,-0.7339435858887782,-0.7814483389667398,-0.9283850943804479,0.008948736859618622,0.6744919519989533,0.11598453157306589,0.80548128342246,Medium,1,1,0.3581403891754813,0.6125530498969481,-0.06991677923797338,0.01864263482455067,-0.04898979120524133,0.14524475095617576,-0.12181028339994497,0.6830123008562319,0.6885385440248348,-0.8637452461638903,-0.7339435858887792,-0.7814483389667402,-0.928385094380448,0.008948736859618205,0.6744919519989528,0.11598453157308496,0.2933523161327566,0.6125530498969479,0.612553049896948,0.2933523161327562,0.6125530498969481,0.6125530498969483
Ouachita Baptist University,Yes,910,773,450,31,73,1310,61,6530,2800,500,1500,63.0,67,13.3,10,6413,65,-0.5476198884052121,-0.43911394836102524,0.005116847192657061,0.4313193649006998,-0.36998367070574895,-1.0002238486978667,-0.9850823361720338,-0.22914901677242944,0.4565936404384389,-0.7234609819608288,-0.9851956007117693,-0.1449220622273889,-1.060970526681064,-0.7679407049482155,0.8494505494505494,Low,0,1,-1.0987972149572356,0.6125530498969481,-0.5476198884052125,-0.4391139483610252,0.0051168471926563855,0.4313193649006994,-0.3699836707057485,-1.0002238486978667,-0.9850823361720344,-0.22914901677242913,0.4565936404384379,-0.7234609819608291,-0.9851956007117694,-0.14492206222738932,-1.0609705266810645,-0.7679407049481964,0.6966420679348027,0.6125530498969479,0.612553049896948,0.6966420679348023,0.6125530498969481,0.6125530498969483
Our Lady of the Lake University,Yes,2308,1336,295,22,46,1202,942,8530,3644,616,1576,56.0,64,14.9,25,7114,37,0.3328340021169913,0.12304635535938692,-0.4640018165174354,-0.1160987382636973,-0.4662700020112449,0.6874492789534844,-0.3735063472955358,0.549084933908123,0.5604596994056144,-1.1099187310292482,-1.1475366140165175,0.25957157781628776,0.31770887154146105,-0.46148599251041705,0.5788561525129983,Low,0,1,-1.0987972149572356,0.6125530498969481,0.332834002116991,0.12304635535938699,-0.4640018165174361,-0.1160987382636977,-0.46627000201124447,0.6874492789534843,-0.3735063472955365,0.5490849339081234,0.5604596994056134,-1.1099187310292487,-1.1475366140165175,0.25957157781628737,0.31770887154146066,-0.46148599251039796,-1.2217551605258614,0.6125530498969479,0.612553049896948,-1.221755160525862,0.6125530498969481,0.6125530498969483
Pace University,Yes,8256,3750,1522,37,70,5809,4379,11000,5160,660,1115,90.0,95,13.8,10,10059,62,1.4452412754734225,1.1268186566451528,1.199198012577179,0.7305835658560428,1.0387647753076272,1.8288855496478322,0.26304399623972125,0.8110292102757778,-0.1588224576786911,1.1932365358027166,1.1638582779526243,-0.01650783055462927,-1.060970526681064,0.44546380415116266,0.45421511627906974,Medium,1,1,0.3581403891754813,0.6125530498969481,1.445241275473422,1.1268186566451528,1.1991980125771786,0.7305835658560423,1.0387647753076277,1.8288855496478322,0.2630439962397205,0.8110292102757782,-0.1588224576786921,1.1932365358027162,1.1638582779526243,-0.016507830554629687,-1.0609705266810645,0.44546380415118175,-1.7420715810239988,0.6125530498969479,0.612553049896948,-1.7420715810239997,0.6125530498969481,0.6125530498969483
Pacific Lutheran University,Yes,1603,1392,504,31,68,2580,302,13312,4488,600,1516,78.0,78,11.0,23,9431,83,-0.004889915152032642,0.16437855665543977,0.12591926628930686,0.4313193649006998,0.3282767421228577,-0.06470193521596618,0.7783696410033693,0.4497726389260374,0.47885891283352267,0.2576999703306144,-0.2828555413330692,-0.762497566859782,0.16480224108923644,0.2893253894209727,0.8683718028696195,Medium,1,1,0.3581403891754813,0.6125530498969481,-0.004889915152032989,0.16437855665543985,0.12591926628930622,0.4313193649006994,0.3282767421228581,-0.06470193521596625,0.7783696410033686,0.4497726389260378,0.47885891283352167,0.25769997033061404,-0.28285554133306934,-0.7624975668597824,0.16480224108923605,0.2893253894209918,0.8831565126306844,0.6125530498969479,0.612553049896948,0.8831565126306842,0.6125530498969481,0.6125530498969483
Pacific Union College,Yes,940,668,385,20,48,1316,139,11925,3825,630,1926,48.0,87,12.3,12,9157,69,-0.5159213425384666,-0.5927387050449493,-0.1646626445757431,-0.26074560260699386,-0.3649203071336166,-0.53588287967994,0.4770415973186923,0.6341541487893395,0.9858351094519782,-1.4960693268775773,0.4255260215207906,-0.40771996836088487,-0.8347120348951067,0.21607531559866236,0.7106382978723405,Medium,1,1,0.3581403891754813,0.6125530498969481,-0.5159213425384669,-0.5927387050449492,-0.16466264457574378,-0.26074560260699425,-0.3649203071336162,-0.5358828796799401,0.47704159731869156,0.63415414878934,0.9858351094519772,-1.4960693268775778,0.4255260215207905,-0.40771996836088525,-0.8347120348951071,0.21607531559868143,-0.4458451808254445,0.6125530498969479,0.612553049896948,-0.44584518082544505,0.6125530498969481,0.6125530498969483
Pacific University,Yes,943,849,288,41,71,1041,35,14210,3994,450,1100,76.0,76,10.9,22,11216,42,-0.5128113324605578,-0.3412430344209416,-0.49160380616913507,0.9095959481215096,-0.6313001800522375,-1.2925434929444524,0.9625975110102835,-0.6143252338289236,-0.18660316336359328,0.11480358880148679,-0.42352364534226566,-0.7904603108847902,0.08579840488433134,0.6970750784974814,0.9003181336161188,Medium,1,1,0.3581403891754813,0.6125530498969481,-0.5128113324605581,-0.34124303442094156,-0.4916038061691358,0.9095959481215091,-0.6313001800522371,-1.2925434929444524,0.9625975110102828,-0.6143252338289233,-0.18660316336359428,0.11480358880148643,-0.4235236453422658,-0.7904603108847906,0.08579840488433095,0.6970750784975005,1.2167752274169465,0.6125530498969479,0.612553049896948,1.2167752274169463,0.6125530498969481,0.6125530498969483
Pembroke State University,No,944,774,440,14,34,2174,529,6360,2760,550,1498,77.0,77,15.0,5,6443,48,-0.5117770200657178,-0.4377604162800271,-0.019089774318929723,-0.7737777547234982,0.16154293224573688,0.2965668734115124,-1.042477262477888,0.12378880488361321,0.4537950320339544,0.18578692338884797,-0.3539307841170397,0.28425398250735084,-1.7484034784636024,-0.7537799692399619,0.8199152542372882,Low,0,0,-1.0987972149572356,-1.6325116659989423,-0.5117770200657181,-0.43776041628002704,-0.019089774318930403,-0.7737777547234986,0.16154293224573732,0.29656687341151233,-1.0424772624778886,0.12378880488361355,0.4537950320339534,0.1857869233888476,-0.3539307841170398,0.28425398250735046,-1.748403478463603,-0.7537799692399428,0.42122751769281014,-1.6325116659989425,-1.6325116659989423,0.4212275176928098,-1.6325116659989423,-1.6325116659989423
Pennsylvania State Univ. Main Campus,No,19315,10344,3450,48,93,28938,2025,10645,4060,512,2394,77.0,96,18.1,19,8992,63,2.1311759602149034,2.045345622795424,1.882991721780085,1.192310901338738,2.1209731299045833,1.2370426138248312,0.1777770648276966,-0.14172745069816933,1.454359260341688,0.18578692338884797,1.263654675854437,1.0190329338711737,-0.16286735762255852,0.17031249092495163,0.5355423246181724,Medium,1,0,0.3581403891754813,-1.6325116659989423,2.131175960214903,2.045345622795424,1.8829917217800844,1.1923109013387376,2.1209731299045838,1.2370426138248312,0.17777706482769587,-0.14172745069816903,1.4543592603416868,0.1857869233888476,1.263654675854437,1.0190329338711732,-0.1628673576225589,0.1703124909249707,-1.4233451521778047,-1.6325116659989425,-1.6325116659989423,-1.4233451521778053,-1.6325116659989423,-1.6325116659989423
Pepperdine University,Yes,3821,2037,680,86,96,2488,625,18200,6770,500,700,95.0,98,11.6,13,16185,66,0.7853127533860943,0.5420436503647322,0.4351922569454401,2.3240364762340486,0.2934389971138982,0.4075213194225394,1.699694927141385,-0.22914901677242944,-1.0978374622751548,1.6226316210808194,1.4683762334705521,-0.5967914238632761,-0.7285459060471434,1.4431882398802194,0.5331065166186862,High,2,1,1.8150779933081982,0.6125530498969481,0.785312753386094,0.5420436503647323,0.4351922569454395,2.324036476234048,0.29343899711389865,0.40752131942253933,1.6996949271413844,-0.22914901677242913,-1.0978374622751559,1.622631621080819,1.4683762334705521,-0.5967914238632765,-0.7285459060471439,1.4431882398802385,-1.4339877087794006,0.6125530498969479,0.612553049896948,-1.4339877087794013,0.6125530498969481,0.6125530498969483
Peru State College,No,701,501,458,10,40,959,457,2580,2624,500,900,48.0,100,20.1,24,4870,44,-0.8053570097427848,-0.9000112675710359,0.02403940688860889,-1.2174962818199055,-0.7278061894810834,0.20054988816946018,-2.723159735800371,-0.22914901677242944,-0.5949489827396871,-1.4960693268775773,1.6800113003699915,1.4658421075754382,0.24207061628816592,-1.6697230098222482,0.7146932952924394,Low,0,0,-1.0987972149572356,-1.6325116659989423,-0.8053570097427851,-0.9000112675710358,0.024039406888608218,-1.217496281819906,-0.727806189481083,0.2005498881694601,-2.723159735800372,-0.22914901677242913,-0.5949489827396881,-1.4960693268775778,1.6800113003699915,1.4658421075754378,0.24207061628816554,-1.669723009822229,-0.4176055988222572,-1.6325116659989425,-1.6325116659989423,-0.41760559882225773,-1.6325116659989423,-1.6325116659989423
Pfeiffer College,Yes,838,651,159,11,25,654,162,8640,3700,400,1915,62.0,62,12.2,13,7634,48,-0.6285103661706806,-0.6200259747288319,-1.207416231223307,-1.095737735489672,-1.2016191413504913,-0.4455110484032942,-0.3427448308354191,-1.0388011424180428,0.9735992504368951,-0.7814483389667398,-1.2491515938109201,-0.43446218134192693,-0.7285459060471434,-0.26271348748158335,0.7768496420047732,Low,0,1,-1.0987972149572356,0.6125530498969481,-0.6285103661706809,-0.6200259747288318,-1.2074162312233079,-1.0957377354896725,-1.2016191413504909,-0.44551104840329425,-0.34274483083541984,-1.0388011424180428,0.9735992504368941,-0.7814483389667402,-1.2491515938109201,-0.4344621813419273,-0.7285459060471439,-0.26271348748156426,0.052199823481476434,0.6125530498969479,0.612553049896948,0.05219982348147601,0.6125530498969481,0.6125530498969483
Philadelphia Coll. of Textiles and Sci.,Yes,1538,1259,468,19,42,1664,1042,11690,5062,600,1664,48.0,80,12.9,15,8028,68,-0.043814693887275095,0.06308349468484567,0.04716313951881414,-0.337261774390416,-0.11163487929082916,0.7578343445591933,0.42373834077426703,0.4497726389260374,0.6750812057155602,-1.4960693268775773,-0.13620911968157937,-0.24905677256531966,-0.5277223720549751,-0.1254991396117086,0.8185955786736021,Medium,1,1,0.3581403891754813,0.6125530498969481,-0.04381469388727544,0.06308349468484574,0.047163139518813464,-0.3372617743904164,-0.1116348792908287,0.7578343445591932,0.4237383407742663,0.4497726389260378,0.6750812057155592,-1.4960693268775778,-0.13620911968157948,-0.24905677256532008,-0.5277223720549755,-0.12549913961168954,0.4093561593137089,0.6125530498969479,0.612553049896948,0.40935615931370856,0.6125530498969481,0.6125530498969483
Phillips University,Yes,692,576,174,19,50,597,83,10500,3860,600,940,58.0,64,11.6,19,8990,39,-0.8182472639839609,-0.7502532648747273,-1.094617820713872,-0.337261774390416,-1.3204482373478639,-0.8308840038168034,0.14241229539730088,0.4497726389260374,-0.5069761861076957,-1.004132554468048,-1.1475366140165175,-0.5967914238632761,-0.16286735762255852,0.16974985493004763,0.8323699421965318,Medium,1,1,0.3581403891754813,0.6125530498969481,-0.8182472639839612,-0.7502532648747272,-1.0946178207138728,-0.3372617743904164,-1.3204482373478634,-0.8308840038168035,0.14241229539730016,0.4497726389260378,-0.5069761861076967,-1.0041325544680484,-1.1475366140165175,-0.5967914238632765,-0.1628673576225589,0.1697498549300667,0.5350779683462994,0.6125530498969479,0.612553049896948,0.5350779683462991,0.6125530498969481,0.6125530498969483
Piedmont College,Yes,663,562,127,20,40,641,63,5640,3620,600,750,89.0,89,13.2,17,7309,31,-0.8610392255076436,-0.7765644090041405,-1.4952729004337388,-0.26074560260699386,-1.2275802156369664,-0.9827260974044782,-1.297417694949233,0.4497726389260374,-0.960715953306189,1.1101537037083895,0.6002637149158834,-0.17083644547256602,-0.3398815888114029,-0.3843934813938675,0.8476621417797888,Low,0,1,-1.0987972149572356,0.6125530498969481,-0.8610392255076439,-0.7765644090041404,-1.4952729004337397,-0.26074560260699425,-1.227580215636966,-0.9827260974044784,-1.2974176949492338,0.4497726389260378,-0.96071595330619,1.110153703708389,0.6002637149158833,-0.17083644547256643,-0.3398815888114033,-0.3843934813938484,0.6794266118547132,0.6125530498969479,0.612553049896948,0.6794266118547129,0.6125530498969481,0.6125530498969483
Pikeville College,Yes,404,400,169,28,48,797,100,6000,3000,500,500,48.0,57,13.4,14,5557,61,-1.3658654442075033,-1.1447308656282869,-1.1309324999232824,0.26440143846515807,-0.9519077470397476,-0.7259380220747075,-1.167433713364286,-0.22914901677242944,-1.756532921293452,-1.4960693268775773,-1.4808140901662576,-0.11908588055207388,-0.6263490551654358,-1.220546564476456,0.9900990099009901,Low,0,1,-1.0987972149572356,0.6125530498969481,-1.3658654442075038,-1.1447308656282869,-1.1309324999232833,0.2644014384651577,-0.9519077470397471,-0.7259380220747076,-1.1674337133642867,-0.22914901677242913,-1.756532921293453,-1.4960693268775778,-1.4808140901662576,-0.1190858805520743,-0.6263490551654363,-1.2205465644764368,2.290769423131574,0.6125530498969479,0.612553049896948,2.290769423131574,0.6125530498969481,0.6125530498969483
Pitzer College,Yes,1133,630,220,37,73,750,30,17688,5900,650,850,100.0,100,10.4,11,14820,73,-0.334863807264044,-0.6548048337453286,-0.8081810446807128,0.7305835658560428,-1.0275183989297991,-1.3705870945384853,1.6114779867224258,0.7528645357434074,-0.7101522318661437,2.0753417906703646,1.6800113003699915,-0.9318252596102692,-0.9453261344609437,1.2772445484279047,0.556045895851721,High,2,1,1.8150779933081982,0.6125530498969481,-0.33486380726404436,-0.6548048337453285,-0.8081810446807136,0.7305835658560423,-1.0275183989297987,-1.3705870945384853,1.6114779867224251,0.7528645357434078,-0.7101522318661447,2.075341790670364,1.6800113003699915,-0.9318252596102696,-0.9453261344609442,1.2772445484279238,-1.3308778238698395,0.6125530498969479,0.612553049896948,-1.3308778238698402,0.6125530498969481,0.6125530498969483
Point Loma Nazarene College,Yes,809,687,428,20,43,1889,217,10178,4190,800,750,71.0,71,16.1,19,7895,54,-0.6632207817657936,-0.5631060445550514,-0.04898979120524064,-0.26074560260699386,0.01995125000247637,-0.2694512382233899,0.06271455484973072,1.553695186961413,-0.960715953306189,-0.22617376518526458,-0.7496836000340958,0.5514920012666231,-0.16286735762255852,-0.17063531513898314,0.8491965389369592,Medium,1,1,0.3581403891754813,0.6125530498969481,-0.6632207817657939,-0.5631060445550513,-0.04898979120524133,-0.26074560260699425,0.019951250002476828,-0.26945123822338996,0.06271455484973,1.5536951869614135,-0.96071595330619,-0.22617376518526494,-0.749683600034096,0.5514920012666227,-0.1628673576225589,-0.17063531513896407,0.6941926241586529,0.6125530498969479,0.612553049896948,0.6941926241586526,0.6125530498969481,0.6125530498969483
Point Park College,Yes,875,744,207,7,38,1173,1402,9700,4830,400,1200,45.0,90,14.5,10,7652,66,-0.5860494667584655,-0.47920214215955587,-0.881585449513764,-1.6457438988012263,-0.49393237894161424,0.9684658482248728,-0.0587087176924286,-1.0388011424180428,-0.007646689375954711,-1.625634520432682,0.6900649668386472,0.16016400330539635,-1.060970526681064,-0.25620809878503237,0.8502857142857143,Medium,1,1,0.3581403891754813,0.6125530498969481,-0.5860494667584658,-0.4792021421595558,-0.8815854495137648,-1.6457438988012267,-0.4939323789416138,0.9684658482248727,-0.058708717692429316,-1.0388011424180428,-0.007646689375955717,-1.6256345204326825,0.690064966838647,0.16016400330539593,-1.0609705266810645,-0.25620809878501327,0.7047056898167467,0.6125530498969479,0.612553049896948,0.7047056898167464,0.6125530498969481,0.6125530498969483
Polytechnic University,Yes,1132,847,302,58,89,1379,214,16200,4200,436,2486,90.0,90,10.4,14,14329,62,-0.33571414975095143,-0.34369664007316686,-0.4371446928928862,1.5445180051972478,-0.3133967786922789,-0.2779424689055648,1.345171386994369,-0.7288574604911727,1.5363490073436081,1.1932365358027166,0.6900649668386472,-0.9318252596102692,-0.6263490551654358,1.2116619211269568,0.7482332155477032,High,2,1,1.8150779933081982,0.6125530498969481,-0.33571414975095176,-0.3436966400731668,-0.43714469289288693,1.5445180051972474,-0.31339677869227844,-0.27794246890556484,1.3451713869943682,-0.7288574604911725,1.536349007343607,1.1932365358027162,0.690064966838647,-0.9318252596102696,-0.6263490551654363,1.211661921126976,-0.17291343955452534,0.6125530498969479,0.612553049896948,-0.17291343955452582,0.6125530498969481,0.6125530498969483
Prairie View A. and M. University,No,2405,2234,1061,10,22,4564,448,4290,3500,598,1582,75.0,93,19.4,1,5967,35,0.3704147687591823,0.6321123863621934,0.8688554978699314,-1.2174962818199055,0.8406593279125907,0.18759135722239323,-1.8402186214958456,0.43719663763165223,0.5684608210515225,0.0447497870211825,0.9693375120855497,1.3116300610018234,-2.5915300639706675,-0.9912655257669519,0.928898128898129,Low,0,0,-1.0987972149572356,-1.6325116659989423,0.37041476875918194,0.6321123863621935,0.8688554978699309,-1.217496281819906,0.8406593279125911,0.18759135722239315,-1.8402186214958463,0.4371966376316526,0.5684608210515215,0.04474978702118213,0.9693375120855496,1.311630061001823,-2.591530063970668,-0.9912655257669328,1.5360843968730584,-1.6325116659989425,-1.6325116659989423,1.5360843968730584,-1.6325116659989423,-1.6325116659989423
Presbyterian College,Yes,1082,832,302,34,63,1133,30,11859,3635,554,1429,80.0,85,13.4,42,8354,85,-0.3792910105417679,-0.36229849104507383,-0.4371446928928862,0.5861080901616065,-0.5334859436031479,-1.3705870945384853,0.4621415363929829,0.15079896374382484,0.3550596342082796,0.4043159082560863,0.25719681074029643,-0.11908588055207388,1.4214971999277994,-0.019586493151551938,0.7689463955637708,Medium,1,1,0.3581403891754813,0.6125530498969481,-0.3792910105417682,-0.3622984910450738,-0.43714469289288693,0.586108090161606,-0.5334859436031475,-1.3705870945384853,0.46214153639298217,0.1507989637438252,0.3550596342082786,0.40431590825608593,0.2571968107402963,-0.1190858805520743,1.421497199927799,-0.019586493151532866,-0.011526368475130144,0.6125530498969479,0.612553049896948,-0.01152636847513058,0.6125530498969481,0.6125530498969483
Princeton University,Yes,13218,2042,1153,90,98,4540,146,19900,5910,675,1575,91.0,96,8.4,54,28320,99,1.8303609625554147,0.5444430830987906,0.9466421204866967,2.418171377619397,0.8362108707978632,-0.5070236655837428,1.9814075640153728,0.8968506935626589,0.5591234370443998,1.2772512278910106,1.263654675854437,-1.5262541109104928,2.063646228817461,2.3305095415212875,0.15448630655167198,High,2,1,1.8150779933081982,0.6125530498969481,1.8303609625554143,0.5444430830987907,0.9466421204866962,2.4181713776193967,0.8362108707978636,-0.5070236655837429,1.981407564015372,0.8968506935626593,0.5591234370443988,1.2772512278910102,1.263654675854437,-1.5262541109104932,2.0636462288174604,2.3305095415213066,-2.4198610485455094,0.6125530498969479,0.612553049896948,-2.4198610485455103,0.6125530498969481,0.6125530498969483
Providence College,Yes,5139,3346,973,20,55,3717,1358,14400,6200,450,1100,66.0,74,18.4,35,8135,96,1.0435870735143322,1.0194813674737364,0.78678622041205,-0.26074560260699386,0.6636000002432887,0.9455729431404742,1.0005893371552532,-0.6143252338289236,-0.18660316336359328,-0.5439362728703399,-0.558311349746167,1.0873005949977204,1.0017342937327451,-0.09001544059978624,0.651099435687877,Medium,1,1,0.3581403891754813,0.6125530498969481,1.0435870735143318,1.0194813674737364,0.7867862204120495,-0.26074560260699425,0.6636000002432891,0.9455729431404741,1.0005893371552526,-0.6143252338289233,-0.18660316336359428,-0.5439362728703402,-0.5583113497461671,1.08730059499772,1.0017342937327447,-0.09001544059976717,-0.829087376567642,0.6125530498969479,0.612553049896948,-0.8290873765676426,0.6125530498969481,0.6125530498969483
Purdue University at West Lafayette,No,21804,18744,5874,29,60,26213,4065,9556,3990,570,1060,86.0,86,18.2,15,8604,67,2.2255476177463493,2.553845464643312,2.2829726264326005,0.32152095127645364,2.0647751997878054,1.7700580088178632,-0.0960565691621169,0.25716645871250754,-0.26243668131863335,0.8664948177542383,0.3405662242258264,1.0418399737171882,-0.5277223720549751,0.05741028312418681,0.8596587782058338,Medium,1,0,0.3581403891754813,-1.6325116659989423,2.225547617746349,2.553845464643312,2.2829726264326,0.32152095127645325,2.064775199787806,1.7700580088178632,-0.09605656916211762,0.25716645871250793,-0.26243668131863435,0.866494817754238,0.3405662242258263,1.0418399737171877,-0.5277223720549755,0.05741028312420588,0.7962685032269373,-1.6325116659989425,-1.6325116659989423,0.7962685032269371,-1.6325116659989423,-1.6325116659989423
Queens College,Yes,516,392,154,32,62,630,549,11020,4970,610,1900,73.0,75,14.0,36,9315,58,-1.1142592782588188,-1.1668738219744001,-1.2477609362513746,0.48416411722208674,-1.2500532051806417,0.32111784435405566,0.26779363331210987,0.5121094444389012,0.9568086491871414,-0.09256994792772753,-0.4916463924532397,0.03433157324728856,1.0642129526815685,0.2587202011518527,0.7596899224806202,Medium,1,1,0.3581403891754813,0.6125530498969481,-1.1142592782588192,-1.1668738219744001,-1.2477609362513755,0.48416411722208635,-1.2500532051806412,0.3211178443540556,0.26779363331210915,0.5121094444389016,0.9568086491871404,-0.0925699479277279,-0.4916463924532398,0.034331573247288145,1.064212952681568,0.2587202011518718,-0.08464493690364068,0.6125530498969479,0.612553049896948,-0.08464493690364112,0.6125530498969481,0.6125530498969483
Quincy University,Yes,1025,707,297,22,66,1070,72,10100,4140,450,1080,69.0,71,16.3,32,6880,80,-0.43168405729698944,-0.5328455003813007,-0.4562539984952042,-0.1160987382636973,-0.5993655747538343,-0.9096993359514103,0.043160357020957926,-0.6143252338289236,-0.2241948390695974,-0.3560631885270026,-0.7496836000340958,0.599273199975862,0.808539510579746,-0.5584133364966213,0.6897560975609756,Medium,1,1,0.3581403891754813,0.6125530498969481,-0.4316840572969898,-0.5328455003813006,-0.4562539984952049,-0.1160987382636977,-0.5993655747538339,-0.9096993359514104,0.04316035702095721,-0.6143252338289233,-0.2241948390695984,-0.35606318852700297,-0.749683600034096,0.5992731999758616,0.8085395105797456,-0.5584133364966022,-0.5868475426843056,0.6125530498969479,0.612553049896948,-0.5868475426843062,0.6125530498969481,0.6125530498969483
Quinnipiac College,Yes,3712,2153,806,17,45,2677,714,12030,6140,1000,500,63.0,73,12.0,33,8847,86,0.759786948570467,0.5961494872632691,0.6044441737460043,-0.5000085327852752,0.36340432353922736,0.49726668552433134,0.5006349859492802,2.438259845296428,-1.756532921293452,-0.7234609819608288,-0.6235308993858222,-0.4882106691982931,0.8739402534841448,0.129014174132356,0.580010775862069,Medium,1,1,0.3581403891754813,0.6125530498969481,0.7597869485704667,0.5961494872632692,0.6044441737460038,-0.5000085327852757,0.3634043235392278,0.4972666855243313,0.5006349859492796,2.438259845296429,-1.756532921293453,-0.7234609819608291,-0.6235308993858223,-0.4882106691982935,0.8739402534841444,0.12901417413237506,-1.2160509638232047,0.6125530498969479,0.612553049896948,-1.2160509638232053,0.6125530498969481,0.6125530498969483
Radford University,No,5702,4894,1742,15,37,8077,472,6684,4110,500,900,73.0,83,19.6,9,4519,62,1.1328656696264,1.3742158314951713,1.3181082000327415,-0.6779904542213022,1.2930608794718639,0.22163891746270936,-0.9339306650737372,-0.22914901677242944,-0.5949489827396871,-0.09256994792772753,0.09518189874570733,1.3559208750186327,-1.18236541463741,-1.9389769947553679,0.858295334970186,Low,0,0,-1.0987972149572356,-1.6325116659989423,1.1328656696263995,1.3742158314951713,1.318108200032741,-0.6779904542213027,1.2930608794718643,0.22163891746270928,-0.9339306650737379,-0.22914901677242913,-0.5949489827396881,-0.0925699479277279,0.09518189874570722,1.3559208750186322,-1.1823654146374105,-1.9389769947553488,0.7828272653129158,-1.6325116659989425,-1.6325116659989423,0.7828272653129156,-1.6325116659989423,-1.6325116659989423
Ramapo College of New Jersey,No,2088,957,362,6,29,2745,1938,4449,4860,600,1655,74.0,95,17.8,8,7333,47,0.24091481841628776,-0.21719442592566468,-0.23283028210476744,-1.8174726933497243,0.38711724465300823,1.2045143243068368,-1.7709220411414766,0.4497726389260374,0.6636197007235204,-0.024374663811267006,1.1638582779526243,0.9503002630614447,-1.310419180097965,-0.3751242528904631,0.4583333333333333,Low,0,0,-1.0987972149572356,-1.6325116659989423,0.2409148184162874,-0.2171944259256646,-0.23283028210476814,-1.8174726933497247,0.3871172446530087,1.2045143243068368,-1.7709220411414772,0.4497726389260378,0.6636197007235194,-0.02437466381126737,1.1638582779526243,0.9503002630614442,-1.3104191800979654,-0.375124252890444,-1.727650937859696,-1.6325116659989425,-1.6325116659989423,-1.727650937859697,-1.6325116659989423,-1.6325116659989423
Randolph-Macon College,Yes,1771,1325,306,21,46,1071,27,13840,3735,400,900,77.0,80,10.7,38,11080,74,0.08835082467036807,0.11470993632377825,-0.42211799022486685,-0.18710169614595554,-0.5982832472797769,-1.4231391560978544,0.8876445802586487,-1.0388011424180428,-0.5949489827396871,0.18578692338884797,-0.13620911968157937,-0.8466922550814785,1.186525502100285,0.6696146856704986,0.7481648785996612,Medium,1,1,0.3581403891754813,0.6125530498969481,0.08835082467036773,0.11470993632377832,-0.42211799022486757,-0.18710169614595593,-0.5982832472797764,-1.4231391560978544,0.887644580258648,-1.0388011424180428,-0.5949489827396881,0.1857869233888476,-0.13620911968157948,-0.8466922550814789,1.1865255021002845,0.6696146856705177,-0.17343263600778905,0.6125530498969479,0.612553049896948,-0.17343263600778952,0.6125530498969481,0.6125530498969483
Randolph-Macon Woman's College,Yes,696,616,169,35,66,653,56,13970,6110,370,920,88.0,97,9.2,24,16358,68,-0.8124962036581845,-0.6786861853656334,-1.1309324999232824,0.635335268105144,-1.2035937508527657,-1.046334992329698,0.9141277516598947,-1.316254739912903,-0.5505199373911869,1.0280025774963892,1.3651568927969056,-1.2824886008259322,0.24207061628816592,1.4626822301354143,0.8850574712643678,Medium,1,1,0.3581403891754813,0.6125530498969481,-0.8124962036581849,-0.6786861853656333,-1.1309324999232833,0.6353352681051435,-1.2035937508527652,-1.046334992329698,0.914127751659894,-1.316254739912903,-0.5505199373911879,1.0280025774963888,1.3651568927969056,-1.2824886008259326,0.24207061628816554,1.4626822301354334,1.054414305162114,0.6125530498969479,0.612553049896948,1.0544143051621138,0.6125530498969481,0.6125530498969483
Reed College,Yes,1966,1436,327,47,80,1199,61,19960,5490,500,450,90.0,90,11.8,37,15886,68,0.18534567026999757,0.19562502072781823,-0.34677607256071596,1.1539956758627181,-0.4690937190293531,-1.0002238486978667,1.9910562210308904,-0.22914901677242944,-1.9593994081301285,1.1932365358027166,0.6900649668386472,-0.5423177327277025,1.1257980885897985,1.4087271256485443,0.7304170905391658,High,2,1,1.8150779933081982,0.6125530498969481,0.1853456702699972,0.19562502072781832,-0.3467760725607167,1.1539956758627177,-0.46909371902935265,-1.0002238486978667,1.9910562210308898,-0.22914901677242913,-1.9593994081301296,1.1932365358027162,0.690064966838647,-0.5423177327277029,1.125798088589798,1.4087271256485634,-0.3053919736216042,0.6125530498969479,0.612553049896948,-0.3053919736216047,0.6125530498969481,0.6125530498969483
Regis College,Yes,427,385,143,18,38,581,533,12700,5800,450,700,81.0,85,10.3,37,11758,84,-1.3085468923554022,-1.1866483637878367,-1.342078726208781,-0.41691464264756517,-1.356306991165021,0.301544043452741,0.6480859811093592,-0.6143252338289236,-1.0978374622751548,0.47901914729053885,0.25719681074029643,-0.9604175254095518,1.1257980885897985,0.8016069304916291,0.9016393442622951,Medium,1,1,0.3581403891754813,0.6125530498969481,-1.3085468923554027,-1.1866483637878367,-1.3420787262087819,-0.41691464264756556,-1.3563069911650205,0.30154404345274094,0.6480859811093586,-0.6143252338289233,-1.0978374622751559,0.47901914729053846,0.2571968107402963,-0.9604175254095523,1.125798088589798,0.8016069304916482,1.2310942076363436,0.6125530498969479,0.612553049896948,1.2310942076363434,0.6125530498969481,0.6125530498969483
Rensselaer Polytechnic Institute,Yes,4996,4165,936,53,82,4291,16,17475,5976,1230,1100,94.0,98,15.4,21,15605,70,1.0192332593830162,1.2248974879429955,0.7496791332493428,1.3749718020632458,0.7882953698640421,-1.6742336975236374,1.5742841033677377,3.281631161657032,-0.18660316336359328,1.5348879805589812,1.4683762334705521,0.3823236670850935,0.004942020606680277,1.3754161216095058,0.8336669335468375,High,2,1,1.8150779933081982,0.6125530498969481,1.0192332593830158,1.2248974879429955,0.7496791332493422,1.3749718020632453,0.7882953698640426,-1.6742336975236374,1.574284103367737,3.281631161657033,-0.18660316336359428,1.5348879805589808,1.4683762334705521,0.38232366708509313,0.004942020606679884,1.3754161216095249,0.5471240886515087,0.6125530498969479,0.612553049896948,0.5471240886515084,0.6125530498969481,0.6125530498969483
Rhodes College,Yes,2302,1831,391,58,82,1345,59,15200,4768,550,1500,90.0,96,10.8,47,13388,77,0.3304540044252724,0.43729722974894625,-0.1476504537756043,1.5445180051972478,-0.340837907425156,-1.0182453877912883,1.1570390024901336,0.12378880488361321,0.4565936404384389,1.1932365358027166,1.263654675854437,-0.8185247945859512,1.6993804724452455,1.0757405284096975,0.7953953084274544,Medium,1,1,0.3581403891754813,0.6125530498969481,0.33045400442527206,0.4372972297489463,-0.14765045377560498,1.5445180051972474,-0.3408379074251556,-1.0182453877912883,1.157039002490133,0.12378880488361355,0.4565936404384379,1.1932365358027162,1.263654675854437,-0.8185247945859516,1.699380472445245,1.0757405284097166,0.2065332417206455,0.6125530498969479,0.612553049896948,0.2065332417206451,0.6125530498969481,0.6125530498969483
Rider University,Yes,3586,2424,730,16,31,2748,1309,13250,5420,700,3100,84.0,92,12.3,23,11299,70,0.7292579692867838,0.7112683306166687,0.5063783595649848,-0.5868962977653778,0.3881468661690283,0.9192670817979368,0.7653524540519363,1.0362571162148249,2.0208567404475737,0.7087119890670915,0.8745903245365926,-0.40771996836088487,0.16480224108923644,0.7135829776118789,0.6759620747350809,Medium,1,1,0.3581403891754813,0.6125530498969481,0.7292579692867834,0.7112683306166688,0.5063783595649842,-0.5868962977653782,0.38814686616902877,0.9192670817979367,0.7653524540519356,1.0362571162148253,2.020856740447573,0.7087119890670912,0.8745903245365925,-0.40771996836088525,0.16480224108923605,0.713582977611898,-0.6760234430157166,0.6125530498969479,0.612553049896948,-0.6760234430157172,0.6125530498969481,0.6125530498969483
Ripon College,Yes,587,501,211,28,52,735,28,15200,4100,350,650,87.0,90,9.4,49,12472,64,-0.9834591515317835,-0.9000112675710359,-0.8584467192035049,0.26440143846515807,-1.0528728582089415,-1.4050727970678636,1.1570390024901336,-1.5123285343587667,-1.244341330331405,0.9467830013589739,0.6900649668386472,-1.2228535013648447,1.806191872967965,0.9284833584267121,0.8534923339011925,Medium,1,1,0.3581403891754813,0.6125530498969481,-0.9834591515317839,-0.9000112675710358,-0.8584467192035057,0.2644014384651577,-1.052872858208941,-1.4050727970678636,1.157039002490133,-1.5123285343587667,-1.2443413303314061,0.9467830013589735,0.690064966838647,-1.2228535013648452,1.8061918729679645,0.9284833584267312,0.735809705194376,0.6125530498969479,0.612553049896948,0.7358097051943757,0.6125530498969481,0.6125530498969483
Rivier College,Yes,484,386,141,6,28,590,1196,9870,4860,600,1100,59.0,59,12.2,19,6744,81,-1.1796662385651215,-1.1838000355032814,-1.3601223664702486,-1.8174726933497243,-1.3359906735192,0.8549970375389448,-0.015083391751780929,0.4497726389260374,-0.18660316336359328,-0.9498508314361171,-1.391918192175684,-0.43446218134192693,-0.16286735762255852,-0.6171171599365686,0.7975206611570248,Medium,1,1,0.3581403891754813,0.6125530498969481,-1.179666238565122,-1.1838000355032814,-1.3601223664702495,-1.8174726933497247,-1.3359906735191995,0.8549970375389447,-0.015083391751781647,0.4497726389260378,-0.18660316336359428,-0.9498508314361175,-1.391918192175684,-0.4344621813419273,-0.1628673576225589,-0.6171171599365495,0.22465689812076256,0.6125530498969479,0.612553049896948,0.22465689812076217,0.6125530498969481,0.6125530498969483
Roanoke College,Yes,2227,1790,437,27,54,1460,239,13425,4425,450,1200,85.0,89,13.0,26,9405,72,0.3001295641717897,0.41494709536393354,-0.02647577754680939,0.20567765393688317,-0.2512171019923436,-0.21025768633299818,0.8019924350919444,-0.6143252338289236,-0.007646689375954711,0.7871378673668015,0.6002637149158834,-0.2229029900664657,0.3918121831278882,0.2825162555378648,0.8037718904355635,Medium,1,1,0.3581403891754813,0.6125530498969481,0.3001295641717894,0.4149470953639336,-0.02647577754681007,0.20567765393688278,-0.25121710199234315,-0.21025768633299827,0.8019924350919437,-0.6143252338289233,-0.007646689375955717,0.7871378673668011,0.6002637149158833,-0.2229029900664661,0.3918121831278878,0.2825162555378839,0.2784926234432189,0.6125530498969479,0.612553049896948,0.2784926234432185,0.6125530498969481,0.6125530498969483
Rockhurst College,Yes,935,858,345,22,50,1127,754,9490,4100,500,1500,60.0,79,10.7,21,7519,79,-0.5211284253953837,-0.3302777545472429,-0.28650895646692215,-0.1160987382636973,-0.5395656656866207,0.53431375655252,-0.11329795584429779,-0.22914901677242944,0.4565936404384389,-0.8946430399991983,-0.21028570541136532,-0.8466922550814785,0.004942020606680277,-0.3048412121772491,0.9176470588235294,Medium,1,1,0.3581403891754813,0.6125530498969481,-0.5211284253953841,-0.33027775454724284,-0.28650895646692287,-0.1160987382636977,-0.5395656656866202,0.5343137565525199,-0.11329795584429851,-0.22914901677242913,0.4565936404384379,-0.8946430399991986,-0.21028570541136543,-0.8466922550814789,0.004942020606679884,-0.30484121217723,1.4079664951345987,0.6125530498969479,0.612553049896948,1.4079664951345985,0.6125530498969481,0.6125530498969483
Rocky Mountain College,Yes,560,392,270,11,31,743,118,8734,3362,600,625,56.0,78,11.3,27,6422,68,-1.0310944108746025,-1.1668738219744001,-0.5662855410887035,-1.095737735489672,-1.0392728742449833,-0.6311447016421636,-0.3166609512297168,0.4497726389260374,-1.3215492851616395,-1.1099187310292482,-0.2828555413330692,-0.6792077728800088,0.464466880638092,-0.7636817732716261,0.7,Low,0,1,-1.0987972149572356,0.6125530498969481,-1.031094410874603,-1.1668738219744001,-0.5662855410887043,-1.0957377354896725,-1.0392728742449828,-0.6311447016421637,-0.31666095122971755,0.4497726389260378,-1.3215492851616406,-1.1099187310292487,-0.28285554133306934,-0.6792077728800092,0.4644668806380916,-0.763681773271607,-0.51859517412296,0.6125530498969479,0.612553049896948,-0.5185951741229605,0.6125530498969481,0.6125530498969483
Roger Williams University,Yes,3304,2804,679,10,20,2111,1489,12520,6050,500,730,44.0,54,16.4,8,7957,61,0.656541762125553,0.8513727861088253,0.43370742341858637,-1.2174962818199055,0.1322715523371656,1.0118622200764649,0.6089844647000522,-0.22914901677242944,-1.0145187375301117,-1.6669777392602354,-1.6050055807115493,0.6230742516139866,-1.310419180097965,-0.14944961858151687,0.8486682808716707,Medium,1,1,0.3581403891754813,0.6125530498969481,0.6565417621255527,0.8513727861088254,0.43370742341858576,-1.217496281819906,0.13227155233716603,1.0118622200764649,0.6089844647000515,-0.22914901677242913,-1.0145187375301128,-1.6669777392602358,-1.6050055807115493,0.6230742516139861,-1.3104191800979654,-0.1494496185814978,0.6891031552010877,0.6125530498969479,0.612553049896948,0.6891031552010873,0.6125530498969481,0.6125530498969483
Rollins College,Yes,1777,1151,382,31,55,1668,1052,16425,5220,955,750,81.0,85,13.3,23,11561,90,0.09150302770640113,-0.02798120177606359,-0.17328383041750842,0.4313193649006998,-0.10910965401532459,0.7645294971416866,1.3864428970308234,2.2536750602816173,-0.960715953306189,0.47901914729053885,0.25719681074029643,-0.1449220622273889,0.16480224108923644,0.7644881699608479,0.6477208778840743,High,2,1,1.8150779933081982,0.6125530498969481,0.09150302770640079,-0.027981201776063516,-0.1732838304175091,0.4313193649006994,-0.10910965401532413,0.7645294971416865,1.3864428970308227,2.2536750602816182,-0.96071595330619,0.47901914729053846,0.2571968107402963,-0.14492206222738932,0.16480224108923605,0.764488169960867,-0.8491462621626066,0.6125530498969479,0.612553049896948,-0.8491462621626072,0.6125530498969481,0.6125530498969483
Rosary College,Yes,434,321,141,28,53,624,269,10950,4600,550,950,79.0,82,12.9,30,9264,81,-1.2917567299034791,-1.3875190987484332,-1.3601223664702486,0.26440143846515807,-1.2625135757605441,-0.13707210634677125,0.2511450305354398,0.12378880488361321,-0.48552498885819567,0.3305429069207441,0.01651265888576715,-0.24905677256531966,0.6744919519989533,0.24507774567620477,0.7396313364055299,Medium,1,1,0.3581403891754813,0.6125530498969481,-1.2917567299034796,-1.3875190987484332,-1.3601223664702495,0.2644014384651577,-1.2625135757605437,-0.13707210634677133,0.2511450305354391,0.12378880488361355,-0.48552498885819667,0.33054290692074373,0.01651265888576704,-0.24905677256532008,0.6744919519989528,0.24507774567622384,-0.23759435903807885,0.6125530498969479,0.612553049896948,-0.23759435903807935,0.6125530498969481,0.6125530498969483
Rowan College of New Jersey,No,3820,1431,695,21,70,5303,3942,4356,4830,800,800,76.0,81,22.1,6,7252,51,0.7850821407373503,0.19212623470330803,0.45716678278950773,-0.18710169614595554,0.9651448621259067,1.7458754511142072,-1.811252572436892,1.553695186961413,-0.8318078970334455,0.11480358880148679,-0.06061368145330422,1.8946855735894883,-1.5915826153084158,-0.4065972415800165,0.37460732984293194,Low,0,0,-1.0987972149572356,-1.6325116659989423,0.7850821407373499,0.1921262347033081,0.4571667827895071,-0.18710169614595593,0.9651448621259071,1.7458754511142072,-1.8112525724368926,1.5536951869614135,-0.8318078970334465,0.11480358880148643,-0.060613681453304334,1.8946855735894879,-1.5915826153084163,-0.4065972415799974,-1.988851957718236,-1.6325116659989425,-1.6325116659989423,-1.9888519577182369,-1.6325116659989423,-1.6325116659989423
Rutgers at New Brunswick,No,48094,26330,4520,36,79,21401,3712,7410,4748,690,2009,90.0,95,19.5,19,10474,77,2.821179899722557,2.8351274049006467,2.0901895551619254,0.683476302864234,1.9456373605375188,1.6987446705564073,-0.702681320339245,0.9810241201198273,1.0761272561500126,1.1932365358027166,1.1638582779526243,1.3337988114138362,-0.16286735762255852,0.5406336253013266,0.5474695388198112,Low,0,0,-1.0987972149572356,-1.6325116659989423,2.8211798997225563,2.8351274049006467,2.090189555161925,0.6834763028642336,1.9456373605375192,1.6987446705564073,-0.7026813203392457,0.9810241201198278,1.0761272561500115,1.1932365358027162,1.1638582779526243,1.3337988114138357,-0.1628673576225589,0.5406336253013457,-1.3701889294927148,-1.6325116659989425,-1.6325116659989423,-1.3701889294927154,-1.6325116659989423,-1.6325116659989423
Rutgers State University at Camden,No,3366,1752,232,27,79,2585,1300,7411,4748,690,2009,90.0,95,18.6,12,10134,57,0.6730859430828295,0.39373779341587006,-0.7447255991428516,0.20567765393688317,0.3301265596202084,0.9143378407864765,-0.7023732958598419,0.9810241201198273,1.0761272561500126,1.1932365358027166,1.1638582779526243,1.1325591153654024,-0.8347120348951067,0.4631073136814422,0.5204991087344029,Low,0,0,-1.0987972149572356,-1.6325116659989423,0.6730859430828292,0.3937377934158701,-0.7447255991428524,0.20567765393688278,0.33012655962020887,0.9143378407864764,-0.7023732958598425,0.9810241201198278,1.0761272561500115,1.1932365358027162,1.1638582779526243,1.132559115365402,-0.8347120348951071,0.4631073136814613,-1.48793835932463,-1.6325116659989425,-1.6325116659989423,-1.4879383593246307,-1.6325116659989423,-1.6325116659989423
Rutgers State University at Newark,No,5785,2690,499,26,62,4005,1886,7410,4748,690,2009,90.0,95,17.4,16,11878,58,1.145222453902309,0.8115866467115791,0.11537609820787678,0.14524475095617614,0.7288911997910912,1.1844291777128118,-0.702681320339245,0.9810241201198273,1.0761272561500126,1.1932365358027166,1.1638582779526243,0.8579148600429469,-0.4323290036172367,0.8237506650774934,0.46499567847882456,Low,0,0,-1.0987972149572356,-1.6325116659989423,1.1452224539023086,0.8115866467115792,0.11537609820787612,0.14524475095617576,0.7288911997910916,1.1844291777128118,-0.7026813203392457,0.9810241201198278,1.0761272561500115,1.1932365358027162,1.1638582779526243,0.8579148600429465,-0.4323290036172371,0.8237506650775125,-1.7039531228835356,-1.6325116659989425,-1.6325116659989423,-1.7039531228835365,-1.6325116659989423,-1.6325116659989423
Sacred Heart University,Yes,2307,1896,509,19,51,1707,1889,11070,5780,400,600,71.0,73,14.8,16,7120,82,0.33243779728831646,0.4716555716907926,0.1363423819315187,-0.337261774390416,-0.08486911648070146,1.1856016074929714,0.2796430022441378,-1.0388011424180428,-1.4016694654541817,-0.22617376518526458,-0.6235308993858222,0.2348219920998793,-0.4323290036172367,-0.4590654521333017,0.8218465539661899,Medium,1,1,0.3581403891754813,0.6125530498969481,0.33243779728831613,0.47165557169079264,0.13634238193151807,-0.3372617743904164,-0.084869116480701,1.1856016074929714,0.2796430022441371,-1.0388011424180428,-1.4016694654541828,-0.22617376518526494,-0.6235308993858223,0.2348219920998789,-0.4323290036172371,-0.4590654521332826,0.43866675396131977,0.6125530498969479,0.612553049896948,0.43866675396131943,0.6125530498969481,0.6125530498969483
Saint Ambrose University,Yes,897,718,276,12,48,1345,390,10450,4020,500,1500,56.0,56,14.1,16,7444,70,-0.5617056967199653,-0.5165897869334896,-0.5407697449949702,-0.9818731086748947,-0.340837907425156,0.09788985700039565,0.1301431887383247,-0.22914901677242944,0.4565936404384389,-1.1099187310292482,-1.5234179245724684,0.05964138157856781,-0.4323290036172367,-0.3328551418659778,0.8004459308807135,Medium,1,1,0.3581403891754813,0.6125530498969481,-0.5617056967199656,-0.5165897869334894,-0.540769744994971,-0.9818731086748952,-0.3408379074251556,0.09788985700039558,0.13014318873832398,-0.22914901677242913,0.4565936404384379,-1.1099187310292487,-1.5234179245724684,0.059641381578567396,-0.4323290036172371,-0.3328551418659587,0.24975075790248422,0.6125530498969479,0.612553049896948,0.24975075790248383,0.6125530498969481,0.6125530498969483
Saint Anselm College,Yes,2095,1553,514,15,40,1873,94,12950,5400,450,1120,70.0,82,14.5,29,6719,97,0.24399677782934165,0.2739714858658186,0.14664796919826797,-0.6779904542213022,0.011239544215495067,-0.7609957207276271,0.7017942239263457,-0.6143252338289236,-0.14963908634340847,-0.2915826792352699,0.01651265888576715,0.16016400330539635,0.605737985971725,-0.6281072874937854,0.7412887828162291,Medium,1,1,0.3581403891754813,0.6125530498969481,0.2439967778293413,0.27397148586581865,0.14664796919826734,-0.6779904542213027,0.011239544215495525,-0.7609957207276272,0.701794223926345,-0.6143252338289233,-0.14963908634340947,-0.2915826792352703,0.01651265888576704,0.16016400330539593,0.6057379859717246,-0.6281072874937663,-0.2252363952442474,0.6125530498969479,0.612553049896948,-0.2252363952442479,0.6125530498969481,0.6125530498969483
Saint Cloud State University,No,3971,3306,1921,10,34,11493,2206,4259,2625,350,1884,70.0,75,18.9,10,4629,58,0.8191902544885731,1.0081065990905898,1.4027064327538237,-1.2174962818199055,1.5455506282427987,1.3008139590076777,-1.8539249787140055,-1.5123285343587667,0.9387627958931544,-0.2915826792352699,-0.4916463924532397,1.2000743836939878,-1.060970526681064,-1.851214665167913,0.8325358851674641,Low,0,0,-1.0987972149572356,-1.6325116659989423,0.8191902544885727,1.0081065990905898,1.4027064327538232,-1.217496281819906,1.545550628242799,1.3008139590076777,-1.8539249787140062,-1.5123285343587667,0.9387627958931534,-0.2915826792352703,-0.4916463924532398,1.2000743836939873,-1.0609705266810645,-1.851214665167894,0.5366171883829947,-1.6325116659989425,-1.6325116659989423,0.5366171883829943,-1.6325116659989423,-1.6325116659989423
Saint Francis College IN,Yes,213,166,85,13,36,513,247,8670,3820,450,1000,43.0,78,12.5,4,7440,48,-2.045013340304842,-2.13684068453058,-2.0339052795204564,-0.8748385657786061,-1.5233476699799502,-0.18995772633422123,-0.33440002124787394,-0.6143252338289236,-0.3813083118461038,-1.7073988689584914,-0.2828555413330692,-0.3544948895129964,-1.9198799308640517,-0.3343614418133228,0.7793427230046949,Low,0,1,-1.0987972149572356,0.6125530498969481,-2.0450133403048425,-2.13684068453058,-2.0339052795204577,-0.8748385657786065,-1.5233476699799497,-0.1899577263342213,-0.33440002124787466,-0.6143252338289233,-0.3813083118461048,-1.7073988689584918,-0.28285554133306934,-0.3544948895129968,-1.9198799308640522,-0.3343614418133037,0.07255313189773624,0.6125530498969479,0.612553049896948,0.07255313189773582,0.6125530498969481,0.6125530498969483
Saint Francis College,Yes,1046,824,284,21,45,1223,451,10880,5050,400,1235,64.0,64,19.3,24,7344,69,-0.4120257913364381,-0.37236665330195845,-0.5077258642752942,-0.18710169614595554,-0.44674148675433695,0.19193704383145643,0.23442636049265433,-1.0388011424180428,0.051736117233158754,-0.6645466615014023,-1.1475366140165175,1.2894142956687742,0.24207061628816592,-0.3708914775603546,0.7877629063097514,Medium,1,1,0.3581403891754813,0.6125530498969481,-0.4120257913364384,-0.3723666533019584,-0.507725864275295,-0.18710169614595593,-0.4467414867543365,0.19193704383145635,0.2344263604926536,-1.0388011424180428,0.05173611723315775,-0.6645466615014026,-1.1475366140165175,1.2894142956687737,0.24207061628816554,-0.3708914775603355,0.1421944470905346,0.6125530498969479,0.612553049896948,0.1421944470905342,0.6125530498969481,0.6125530498969483
Saint John's University,Yes,933,800,444,18,45,1691,72,12247,4081,500,600,76.0,85,12.0,38,9853,70,-0.523219626370655,-0.403210068351706,-0.00933167141692549,-0.41691464264756517,-0.09473146258497064,-0.9096993359514103,0.5489693392804784,-0.22914901677242944,-1.4016694654541817,0.11480358880148679,0.25719681074029643,-0.4882106691982931,1.186525502100285,0.39594111741288424,0.857449088960343,Medium,1,1,0.3581403891754813,0.6125530498969481,-0.5232196263706553,-0.4032100683517059,-0.009331671416926169,-0.41691464264756556,-0.09473146258497019,-0.9096993359514104,0.5489693392804778,-0.22914901677242913,-1.4016694654541828,0.11480358880148643,0.2571968107402963,-0.4882106691982935,1.1865255021002845,0.39594111741290333,0.7745057171183962,0.6125530498969479,0.612553049896948,0.774505717118396,0.6125530498969481,0.6125530498969483
Saint Joseph's College IN,Yes,920,684,225,24,42,815,222,11200,4250,600,950,55.0,60,14.8,19,7360,67,-0.5369307271740181,-0.5677262212169596,-0.7812682134110072,0.018775285270126344,-0.9243764428394846,-0.2555337237338693,0.31028770411566187,0.4497726389260374,-0.48552498885819567,-1.161423662356272,-1.3455990913496088,0.2348219920998793,-0.16286735762255852,-0.364752138525415,0.7434782608695653,Medium,1,1,0.3581403891754813,0.6125530498969481,-0.5369307271740185,-0.5677262212169595,-0.7812682134110079,0.018775285270125945,-0.9243764428394842,-0.25553372373386934,0.31028770411566114,0.4497726389260378,-0.48552498885819667,-1.1614236623562724,-1.3455990913496088,0.2348219920998789,-0.1628673576225589,-0.3647521385253959,-0.20883495836885457,0.6125530498969479,0.612553049896948,-0.20883495836885507,0.6125530498969481,0.6125530498969483
Saint Joseph's College,Yes,833,682,217,12,33,716,2196,9985,5180,500,800,53.0,89,27.2,8,4322,85,-0.6344021343576808,-0.5708183877235126,-0.8246690428782197,-0.9818731086748947,-1.0859085089215643,1.2974177541420533,0.014148657668516966,-0.22914901677242944,-0.8318078970334455,-1.2616584368949362,0.6002637149158834,2.9208850687792247,-1.310419180097965,-2.1046852074377873,0.8187274909963985,Medium,1,1,0.3581403891754813,0.6125530498969481,-0.6344021343576811,-0.5708183877235125,-0.8246690428782205,-0.9818731086748952,-1.0859085089215639,1.2974177541420533,0.014148657668516248,-0.22914901677242913,-0.8318078970334465,-1.2616584368949366,0.6002637149158833,2.9208850687792243,-1.3104191800979654,-2.104685207437768,0.41054115651368966,0.6125530498969479,0.612553049896948,0.41054115651368933,0.6125530498969481,0.6125530498969483
Saint Joseph's University,Yes,2519,2003,776,39,71,2473,1314,12750,6350,350,1690,84.0,90,17.4,13,8243,83,0.4125555873838937,0.5255585178757125,0.5670636664579229,0.821887512510805,0.28761005295349923,0.921992188497553,0.6588828336225869,-1.5123285343587667,0.7078725878738622,0.7087119890670915,0.6900649668386472,0.8579148600429469,-0.7285459060471434,-0.05492268449148269,0.7951568082572449,Medium,1,1,0.3581403891754813,0.6125530498969481,0.41255558738389336,0.5255585178757126,0.5670636664579224,0.8218875125108046,0.2876100529534997,0.9219921884975529,0.6588828336225863,-1.5123285343587667,0.7078725878738612,0.7087119890670912,0.690064966838647,0.8579148600429465,-0.7285459060471439,-0.05492268449146362,0.20450513237001433,0.6125530498969479,0.612553049896948,0.20450513237001394,0.6125530498969481,0.6125530498969483
Saint Joseph College,Yes,292,241,96,20,52,543,712,12200,4600,650,950,87.0,90,11.2,32,8680,76,-1.7065155200093203,-1.7092354746622807,-1.867326653798518,-0.26074560260699386,-1.4465180468469534,0.4953650016152697,0.538548635061208,0.7528645357434074,-0.48552498885819567,0.9467830013589739,0.6900649668386472,-0.706872473805698,0.808539510579746,0.08013692786077503,0.8253424657534246,Medium,1,1,0.3581403891754813,0.6125530498969481,-1.7065155200093207,-1.7092354746622807,-1.867326653798519,-0.26074560260699425,-1.446518046846953,0.49536500161526964,0.5385486350612073,0.7528645357434078,-0.48552498885819667,0.9467830013589735,0.690064966838647,-0.7068724738056984,0.8085395105797456,0.0801369278607941,0.47043408865496117,0.6125530498969479,0.612553049896948,0.47043408865496084,0.6125530498969481,0.6125530498969483
Saint Louis University,Yes,3294,2855,956,44,67,4576,1140,11690,4730,800,6800,84.0,94,4.6,19,18367,67,0.65384216220468,0.8686148956323542,0.7699431773896466,1.0350695150852658,0.8428728726209441,0.8210626333271392,0.42373834077426703,1.553695186961413,3.8103016535630996,0.7087119890670915,1.0657563528339236,-2.834653294579389,-0.16286735762255852,1.6679426566360402,0.8667273831208258,Medium,1,1,0.3581403891754813,0.6125530498969481,0.6538421622046797,0.8686148956323543,0.769943177389646,1.0350695150852653,0.8428728726209446,0.8210626333271391,0.4237383407742663,1.5536951869614135,3.8103016535630987,0.7087119890670912,1.0657563528339236,-2.8346532945793896,-0.1628673576225589,1.6679426566360593,0.8666260063184721,0.6125530498969479,0.612553049896948,0.8666260063184719,0.6125530498969481,0.6125530498969483
Saint Mary's College,Yes,888,734,393,26,60,1433,27,12730,4514,500,1525,74.0,95,9.9,31,11165,98,-0.5715862744567303,-0.49341425179456455,-0.14204655125390575,0.14524475095617614,-0.27146643701373013,-1.4231391560978544,0.6545674364110557,-0.22914901677242944,0.49128767128227613,-0.024374663811267006,1.1638582779526243,-1.0758964274030898,0.7420738947418721,0.686837904463273,0.8265765765765766,Medium,1,1,0.3581403891754813,0.6125530498969481,-0.5715862744567306,-0.4934142517945645,-0.14204655125390644,0.14524475095617576,-0.2714664370137297,-1.4231391560978544,0.6545674364110551,-0.22914901677242913,0.49128767128227513,-0.02437466381126737,1.1638582779526243,-1.0758964274030902,0.7420738947418717,0.6868379044632921,0.48171021718311224,0.6125530498969479,0.612553049896948,0.4817102171831119,0.6125530498969481,0.6125530498969483
Saint Mary's College of Minnesota,Yes,876,802,367,14,35,1263,118,10800,3600,400,820,68.0,74,18.8,19,5081,78,-0.5849287567217807,-0.40060223917581034,-0.21759404640701593,-0.7737777547234982,-0.41065068673345007,-0.6311447016421636,0.21523255159059804,-1.0388011424180428,-0.7823233345544828,-0.4196154901574144,-0.558311349746167,1.1776184819345592,-0.16286735762255852,-1.5218354558708975,0.9155251141552512,Medium,1,1,0.3581403891754813,0.6125530498969481,-0.584928756721781,-0.4006022391758103,-0.21759404640701663,-0.7737777547234986,-0.4106506867334496,-0.6311447016421637,0.21523255159059732,-1.0388011424180428,-0.7823233345544838,-0.4196154901574148,-0.5583113497461671,1.1776184819345588,-0.1628673576225589,-1.5218354558708784,1.3841581399260658,0.6125530498969479,0.612553049896948,1.3841581399260656,0.6125530498969481,0.6125530498969483
Saint Mary-of-the-Woods College,Yes,150,130,88,23,50,341,768,10300,4130,500,1700,44.0,58,10.2,37,9678,75,-2.4299703507606525,-2.4228310295410225,-1.9861302240809007,-0.04753313995778422,-2.104204179523998,0.5468571968517011,0.09310287224762681,-0.22914901677242944,0.7203603688354095,-1.6669777392602354,-1.436985365837391,-0.989119355802782,1.1257980885897985,0.35259916055926876,0.8666666666666667,Medium,1,1,0.3581403891754813,0.6125530498969481,-2.429970350760653,-2.4228310295410225,-1.9861302240809016,-0.04753313995778462,-2.1042041795239976,0.546857196851701,0.09310287224762609,-0.22914901677242913,0.7203603688354085,-1.6669777392602358,-1.436985365837391,-0.9891193558027824,1.125798088589798,0.35259916055928786,0.8660168357213621,0.6125530498969479,0.612553049896948,0.8660168357213619,0.6125530498969481,0.6125530498969483
Saint Michael's College,Yes,1910,1380,463,16,64,1715,106,13030,5860,500,750,79.0,88,14.5,34,10190,84,0.1585862813332729,0.15567323846539224,0.035673326202722754,-0.5868962977653778,-0.07998010676048815,-0.6927348872095733,0.7188368632154515,-0.22914901677242944,-0.960715953306189,0.3305429069207441,0.5120879513281108,0.16016400330539635,0.9383237726310382,0.4761503431549651,0.7225130890052356,Medium,1,1,0.3581403891754813,0.6125530498969481,0.15858628133327254,0.15567323846539233,0.03567332620272208,-0.5868962977653782,-0.0799801067604877,-0.6927348872095734,0.7188368632154508,-0.22914901677242913,-0.96071595330619,0.33054290692074373,0.5120879513281107,0.16016400330539593,0.9383237726310377,0.4761503431549842,-0.36234204521715313,0.6125530498969479,0.612553049896948,-0.36234204521715363,0.6125530498969481,0.6125530498969483
Saint Olaf College,Yes,2248,1673,745,38,73,2888,105,14350,3750,550,550,82.0,88,10.0,31,12502,83,0.3087296129846096,0.34802449220660137,0.5266412460369035,0.7767056047201572,0.43472651820919167,-0.6981485957704842,0.9906235739953856,0.12378880488361321,-1.5716298036474603,0.5546527948873138,0.5120879513281108,-1.0468573563083918,0.7420738947418721,0.9335684515339128,0.7442170818505338,Medium,1,1,0.3581403891754813,0.6125530498969481,0.30872961298460927,0.3480244922066014,0.526641246036903,0.7767056047201567,0.4347265182091921,-0.6981485957704843,0.9906235739953849,0.12378880488361355,-1.5716298036474614,0.5546527948873134,0.5120879513281107,-1.0468573563083923,0.7420738947418717,0.9335684515339319,-0.20328069154280712,0.6125530498969479,0.612553049896948,-0.20328069154280762,0.6125530498969481,0.6125530498969483
Saint Peter's College,Yes,1606,1413,530,23,38,1921,1154,9408,5520,500,450,78.0,78,12.1,22,7669,53,-0.0031344822258343057,0.1794214435073314,0.17886409328232422,-0.04753313995778422,0.03710783961523897,0.8296866346019534,-0.13482916125717018,-0.22914901677242944,-1.9593994081301285,0.2576999703306144,-0.2828555413330692,-0.4612920948206636,0.08579840488433134,-0.2500857551712498,0.8798256537982565,Medium,1,1,0.3581403891754813,0.6125530498969481,-0.003134482225834653,0.1794214435073315,0.17886409328232358,-0.04753313995778462,0.037107839615239425,0.8296866346019532,-0.1348291612571709,-0.22914901677242913,-1.9593994081301296,0.25769997033061404,-0.28285554133306934,-0.46129209482066397,0.08579840488433095,-0.2500857551712307,1.0000202178186814,0.6125530498969479,0.612553049896948,1.0000202178186812,0.6125530498969481,0.6125530498969483
Saint Vincent College,Yes,700,595,278,19,35,1035,182,10850,3936,500,900,62.0,64,12.3,31,8534,88,-0.8067804716818173,-0.7156180683498904,-0.5324062373126774,-0.337261774390416,-0.6380427796921677,-0.3759536379958345,0.22723958198900848,-0.22914901677242944,-0.5949489827396871,-0.7814483389667398,-1.1475366140165175,-0.40771996836088487,0.7420738947418721,0.036202210709703954,0.85,Medium,1,1,0.3581403891754813,0.6125530498969481,-0.8067804716818177,-0.7156180683498903,-0.5324062373126782,-0.3372617743904164,-0.6380427796921673,-0.37595363799583453,0.22723958198900776,-0.22914901677242913,-0.5949489827396881,-0.7814483389667402,-1.1475366140165175,-0.40771996836088525,0.7420738947418717,0.03620221070972302,0.7019453453051894,0.6125530498969479,0.612553049896948,0.701945345305189,0.6125530498969481,0.6125530498969483
Saint Xavier University,Yes,785,647,295,15,65,1670,726,10860,4624,600,794,87.0,100,13.7,15,8953,55,-0.6929711964246543,-0.6265572119790171,-0.4640018165174354,-0.6779904542213022,-0.1078498079920617,0.508575704131079,0.22963662369803453,0.4497726389260374,-0.8468766417178408,0.9467830013589739,1.6800113003699915,-0.042038843535126456,-0.5277223720549751,0.1593061454124084,0.824203821656051,Medium,1,1,0.3581403891754813,0.6125530498969481,-0.6929711964246547,-0.626557211979017,-0.4640018165174361,-0.6779904542213027,-0.10784980799206124,0.5085757041310789,0.2296366236980338,0.4497726389260378,-0.8468766417178418,0.9467830013589735,1.6800113003699915,-0.04203884353512687,-0.5277223720549755,0.15930614541242746,0.4600588726525809,0.6125530498969479,0.612553049896948,0.46005887265258055,0.6125530498969481,0.6125530498969483
Salem-Teikyo University,Yes,489,384,120,23,52,700,45,10575,3952,400,620,46.0,24,13.0,9,8946,98,-1.1691461069880413,-1.1895046015650756,-1.569423848921503,-0.04753313995778422,-1.1145672332892769,-1.1624212344588023,0.16074419500376247,-1.0388011424180428,-1.3373331290205177,-1.5833689090580605,-2.326342320114572,-0.2229029900664657,-1.18236541463741,0.1573228174789494,0.7852760736196319,Medium,1,1,0.3581403891754813,0.6125530498969481,-1.1691461069880418,-1.1895046015650756,-1.569423848921504,-0.04753313995778462,-1.1145672332892764,-1.1624212344588023,0.16074419500376175,-1.0388011424180428,-1.3373331290205188,-1.583368909058061,-2.326342320114572,-0.2229029900664661,-1.1823654146374105,0.15732281747896848,0.12148125627493729,0.6125530498969479,0.612553049896948,0.12148125627493689,0.6125530498969481,0.6125530498969483
Salem College,Yes,335,284,132,28,69,534,216,10475,6300,500,2000,68.0,68,11.2,46,9599,60,-1.561420444113573,-1.524219503445356,-1.4451230842221887,0.26440143846515807,-1.4690134945250166,-0.27226971515987175,0.13628255128989472,-0.22914901677242944,1.0665053144911143,-0.4196154901574144,-0.9283850943804479,-0.706872473805698,1.6450848531462385,0.33263514362687996,0.8477611940298507,Medium,1,1,0.3581403891754813,0.6125530498969481,-1.5614204441135735,-1.524219503445356,-1.4451230842221896,0.2644014384651577,-1.4690134945250162,-0.2722697151598718,0.136282551289894,-0.22914901677242913,1.0665053144911132,-0.4196154901574148,-0.928385094380448,-0.7068724738056984,1.645084853146238,0.33263514362689905,0.6803782560378382,0.6125530498969479,0.612553049896948,0.6803782560378379,0.6125530498969481,0.6125530498969483
Salisbury State University,No,4216,2290,736,20,52,4296,1027,5130,4690,600,1450,73.0,75,17.9,18,5125,56,0.8716731775988071,0.6561692490542769,0.514540722480301,-0.26074560260699386,0.7892906142261138,0.7476807654565617,-1.4912476731641928,0.4497726389260374,0.38556868420312496,-0.09256994792772753,-0.4916463924532397,0.9732634709368446,-0.2501326687269887,-1.4921849342824516,0.543168880455408,Low,0,0,-1.0987972149572356,-1.6325116659989423,0.8716731775988068,0.656169249054277,0.5145407224803005,-0.26074560260699425,0.7892906142261142,0.7476807654565616,-1.4912476731641935,0.4497726389260378,0.38556868420312396,-0.0925699479277279,-0.4916463924532398,0.9732634709368442,-0.2501326687269891,-1.4921849342824325,-1.3895569925128184,-1.6325116659989425,-1.6325116659989423,-1.389556992512819,-1.6325116659989423,-1.6325116659989423
Samford University,Yes,1680,1395,691,34,76,2959,402,8236,3700,569,1650,75.0,75,14.7,17,9533,61,0.03908629797562801,0.1665423457249763,0.451360856019211,0.5861080901616065,0.4573090124628911,0.11740335721016941,-0.4570236939313886,0.25059527689674654,0.6572272294828756,0.0447497870211825,-0.4916463924532397,0.21000461555961872,-0.3398815888114029,0.3157610323835252,0.8303571428571429,Low,0,1,-1.0987972149572356,0.6125530498969481,0.03908629797562766,0.1665423457249764,0.4513608560192104,0.586108090161606,0.4573090124628915,0.11740335721016934,-0.4570236939313893,0.25059527689674693,0.6572272294828746,0.04474978702118213,-0.4916463924532398,0.2100046155596183,-0.3398815888114033,0.3157610323835443,0.5164550513113676,0.6125530498969479,0.612553049896948,0.5164550513113673,0.6125530498969481,0.6125530498969483
San Diego State University,No,9402,7020,2151,20,70,16407,5550,8384,5110,612,2400,87.0,93,19.5,7,7930,41,1.5529411257920083,1.7021290747800983,1.498920262786886,-0.26074560260699386,1.7812913178523953,2.018775963189248,-0.4147404365769312,0.5244697217532128,1.4597946476206283,0.9467830013589739,0.9693375120855497,1.3337988114138362,-1.4463049754933548,-0.1586442433125062,0.7466496490108487,Low,0,0,-1.0987972149572356,-1.6325116659989423,1.5529411257920078,1.7021290747800983,1.4989202627868856,-0.26074560260699425,1.7812913178523957,2.018775963189248,-0.41474043657693194,0.5244697217532133,1.4597946476206272,0.9467830013589735,0.9693375120855496,1.3337988114138357,-1.4463049754933552,-0.15864424331248714,-0.18492265263517402,-1.6325116659989425,-1.6325116659989423,-0.1849226526351745,-1.6325116659989423,-1.6325116659989423
Santa Clara University,Yes,4019,2779,888,40,73,3891,128,13584,5928,630,1278,88.0,92,13.9,19,10872,100,0.8297416388884687,0.842797796482141,0.6989323647066183,0.8661712529818544,0.7037529803722217,-0.5840144062402315,0.8350113918224318,0.6341541487893395,0.12259462628051393,1.0280025774963892,0.8745903245365926,0.008948736859618622,-0.16286735762255852,0.6265955580060729,0.6914655386912167,Medium,1,1,0.3581403891754813,0.6125530498969481,0.8297416388884684,0.8427977964821411,0.6989323647066178,0.8661712529818539,0.7037529803722221,-0.5840144062402316,0.8350113918224311,0.63415414878934,0.12259462628051293,1.0280025774963888,0.8745903245365925,0.008948736859618205,-0.1628673576225589,0.626595558006092,-0.5755793035797921,0.6125530498969479,0.612553049896948,-0.5755793035797927,0.6125530498969481,0.6125530498969483
Sarah Lawrence College,Yes,1380,768,263,57,82,1000,105,19300,6694,600,700,89.0,93,6.1,18,14779,83,-0.14630679986573053,-0.4459098066227206,-0.5968928467838119,1.5115579172644587,-0.678347559344125,-0.6981485957704842,1.8838526628397612,0.4497726389260374,-1.0978374622751548,1.1101537037083895,0.9693375120855497,-2.2826114973981997,-0.2501326687269887,1.2718970719694351,0.5565217391304348,High,2,1,1.8150779933081982,0.6125530498969481,-0.1463067998657309,-0.44590980662272056,-0.5968928467838127,1.5115579172644582,-0.6783475593441246,-0.6981485957704843,1.8838526628397605,0.4497726389260378,-1.0978374622751559,1.110153703708389,0.9693375120855496,-2.2826114973982,-0.2501326687269891,1.2718970719694542,-1.32866965950462,0.6125530498969479,0.612553049896948,-1.3286696595046206,0.6125530498969481,0.6125530498969483
Savannah Coll. of Art and Design,Yes,1109,688,386,20,65,1897,208,8325,5000,1200,1600,14.0,98,16.1,26,6874,55,-0.3554975767142494,-0.56157077616018,-0.16180612476084086,-0.26074560260699386,0.024273438010233267,-0.29525492092209876,-0.4315373598372601,3.179865230418292,0.5922966635947635,-2.4802010409137325,1.4683762334705521,0.5514920012666231,0.3918121831278882,-0.5609653882233335,0.6203787195671776,Low,0,1,-1.0987972149572356,0.6125530498969481,-0.35549757671424975,-0.5615707761601799,-0.16180612476084155,-0.26074560260699425,0.024273438010233725,-0.2952549209220988,-0.4315373598372608,3.179865230418293,0.5922966635947625,-2.480201040913733,1.4683762334705521,0.5514920012666227,0.3918121831278878,-0.5609653882233144,-1.0051911985339883,0.6125530498969479,0.612553049896948,-1.005191198533989,0.6125530498969481,0.6125530498969483
Schreiner College,Yes,584,413,131,19,51,521,99,8955,5900,500,1488,51.0,56,11.8,23,8545,52,-0.9886347244110868,-1.1097380930537866,-1.454976701159122,-0.337261774390416,-1.5023349328457616,-0.7316464440072331,-0.2560543162754711,-0.22914901677242944,0.43974987206550303,-1.358194779853355,-1.5234179245724684,-0.5423177327277025,0.16480224108923644,0.03955264567777565,0.7071917808219178,Medium,1,1,0.3581403891754813,0.6125530498969481,-0.9886347244110871,-1.1097380930537866,-1.4549767011591228,-0.3372617743904164,-1.5023349328457611,-0.7316464440072332,-0.2560543162754718,-0.22914901677242913,0.43974987206550203,-1.3581947798533553,-1.5234179245724684,-0.5423177327277029,0.16480224108923605,0.03955264567779472,-0.4696251332945084,0.6125530498969479,0.612553049896948,-0.46962513329450895,0.6125530498969481,0.6125530498969483
Scripps College,Yes,855,632,139,60,83,569,7,17238,7350,600,800,95.0,100,8.2,41,18372,73,-0.6087567123872402,-0.6514395696974287,-1.3784623706718802,1.6091146533387966,-1.383999536564682,-2.0337059225665857,1.5325476016306274,0.4497726389260374,-0.8318078970334455,1.6226316210808194,1.6800113003699915,-1.588580481499189,1.3638859589907049,1.6684099364515772,0.7391812865497076,High,2,1,1.8150779933081982,0.6125530498969481,-0.6087567123872405,-0.6514395696974286,-1.378462370671881,1.609114653338796,-1.3839995365646816,-2.0337059225665857,1.5325476016306268,0.4497726389260378,-0.8318078970334465,1.622631621080819,1.6800113003699915,-1.5885804814991895,1.3638859589907044,1.6684099364515963,-0.2409413361430761,0.6125530498969479,0.612553049896948,-0.2409413361430766,0.6125530498969481,0.6125530498969483
Seattle Pacific University,Yes,1183,1016,411,42,82,1922,704,12669,4875,600,1250,83.0,85,16.8,20,10368,66,-0.2933430865813202,-0.1556029563115307,-0.09304607943093794,0.9521981331052524,0.03763835892251837,0.4877091768037313,0.6413779016180805,0.4497726389260374,0.07671009872843897,0.6312170198691968,0.25719681074029643,0.7176928148990249,-0.07789765626183243,0.5168847502633427,0.8588334742180896,Medium,1,1,0.3581403891754813,0.6125530498969481,-0.2933430865813205,-0.15560295631153062,-0.09304607943093864,0.9521981331052519,0.03763835892251883,0.48770917680373127,0.6413779016180798,0.4497726389260378,0.07671009872843797,0.6312170198691964,0.2571968107402963,0.7176928148990245,-0.07789765626183281,0.5168847502633618,0.7881274133760791,0.6125530498969479,0.612553049896948,0.7881274133760788,0.6125530498969481,0.6125530498969483
Seattle University,Yes,2115,1540,494,28,72,2993,347,12825,4375,500,1500,85.0,85,12.2,16,10175,89,0.25274184851010584,0.2655837459905372,0.10471027348232559,0.26440143846515807,0.467890455413286,0.02315527316166764,0.6750260799131185,-0.22914901677242944,0.4565936404384389,0.7871378673668015,0.25719681074029643,-0.43446218134192693,-0.4323290036172367,0.47266753317918614,0.7281323877068558,Medium,1,1,0.3581403891754813,0.6125530498969481,0.2527418485101055,0.26558374599053725,0.10471027348232492,0.2644014384651577,0.46789045541328644,0.02315527316166757,0.6750260799131178,-0.22914901677242913,0.4565936404384379,0.7871378673668011,0.2571968107402963,-0.4344621813419273,-0.4323290036172371,0.47266753317920523,-0.3219674567152306,0.6125530498969479,0.612553049896948,-0.3219674567152311,0.6125530498969481,0.6125530498969483
Seton Hall University,Yes,4576,3565,1000,16,36,4384,1530,12000,6484,650,1000,81.0,84,14.4,15,10080,64,0.9431299611650211,1.0792854483628265,0.812850020141566,-0.5868962977653778,0.8065791246327217,1.0315156870259676,0.4939078687110157,0.7528645357434074,-0.3813083118461038,0.47901914729053885,0.17540598418550252,0.13513949985508442,-0.5277223720549751,0.4504243913747645,0.7790646853146853,Medium,1,1,0.3581403891754813,0.6125530498969481,0.9431299611650208,1.0792854483628265,0.8128500201415655,-0.5868962977653782,0.8065791246327222,1.0315156870259676,0.493907868711015,0.7528645357434078,-0.3813083118461048,0.47901914729053846,0.1754059841855024,0.135139499855084,-0.5277223720549755,0.4504243913747836,0.07027725741722883,0.6125530498969479,0.612553049896948,0.07027725741722841,0.6125530498969481,0.6125530498969483
Seton Hill College,Yes,936,794,197,24,56,752,210,11240,4180,350,2000,71.0,71,11.2,37,10065,71,-0.520084623305876,-0.4110755757472144,-0.9417585071425194,0.018775285270126344,-1.0241845043916062,-0.289434185186192,0.31966980093019354,-1.5123285343587667,1.0665053144911143,-0.22617376518526458,-0.7496836000340958,-0.706872473805698,1.1257980885897985,0.4468827436007992,0.8482905982905983,Medium,1,1,0.3581403891754813,0.6125530498969481,-0.5200846233058763,-0.4110755757472143,-0.9417585071425202,0.018775285270125945,-1.0241845043916058,-0.2894341851861921,0.3196698009301928,-1.5123285343587667,1.0665053144911132,-0.22617376518526494,-0.749683600034096,-0.7068724738056984,1.125798088589798,0.4468827436008183,0.6854681742538229,0.6125530498969479,0.612553049896948,0.6854681742538226,0.6125530498969481,0.6125530498969483
Shippensburg University of Penn.,No,5818,3281,1116,14,53,5268,300,7844,3504,450,1700,80.0,83,18.8,13,6719,72,1.1500826048003465,1.0009223317930493,0.9162514538459132,-0.7737777547234982,0.9597380345404423,-0.06887772985913919,-0.5714845836094821,-0.6143252338289236,0.7203603688354095,0.4043159082560863,0.09518189874570733,1.1776184819345592,-0.7285459060471434,-0.6281072874937854,0.5639394981093159,Low,0,0,-1.0987972149572356,-1.6325116659989423,1.150082604800346,1.0009223317930493,0.9162514538459127,-0.7737777547234986,0.9597380345404427,-0.06887772985913926,-0.5714845836094827,-0.6143252338289233,0.7203603688354085,0.40431590825608593,0.09518189874570722,1.1776184819345588,-0.7285459060471439,-0.6281072874937663,-1.2938752628379782,-1.6325116659989425,-1.6325116659989423,-1.2938752628379788,-1.6325116659989423,-1.6325116659989423
Shorter College,Yes,540,445,165,23,70,1115,111,7210,3600,500,2000,62.0,65,13.2,18,7356,58,-1.067995062268938,-1.0283834135367704,-1.1608853231749643,-0.04753313995778422,-0.5518443009095576,-0.666341223802777,-0.7648434155513482,-0.22914901677242944,1.0665053144911143,-0.7814483389667398,-1.0947584403093151,-0.17083644547256602,-0.2501326687269887,-0.3662850422945822,0.8240740740740741,Low,0,1,-1.0987972149572356,0.6125530498969481,-1.0679950622689385,-1.0283834135367704,-1.1608853231749652,-0.04753313995778462,-0.5518443009095572,-0.6663412238027772,-0.7648434155513488,-0.22914901677242913,1.0665053144911132,-0.7814483389667402,-1.0947584403093151,-0.17083644547256643,-0.2501326687269891,-0.3662850422945631,0.4588783663861664,0.6125530498969479,0.612553049896948,0.4588783663861661,0.6125530498969481,0.6125530498969483
Siena College,Yes,2961,1932,628,24,68,2669,616,10800,5100,575,1090,71.0,82,14.1,42,8189,100,0.5585436243105615,0.49014669872070377,0.3544407702156266,0.018775285270126344,0.3605663352209994,0.39780639114224875,0.21523255159059804,0.28987231007147457,-0.2053191692701864,-0.22617376518526458,0.01651265888576715,0.05964138157856781,1.4214971999277994,-0.0723798345962104,0.6524822695035462,Medium,1,1,0.3581403891754813,0.6125530498969481,0.5585436243105611,0.4901466987207038,0.354440770215626,0.018775285270125945,0.36056633522099985,0.3978063911422487,0.21523255159059732,0.28987231007147496,-0.2053191692701874,-0.22617376518526494,0.01651265888576704,0.059641381578567396,1.421497199927799,-0.07237983459619134,-0.8208269928163285,0.6125530498969479,0.612553049896948,-0.8208269928163292,0.6125530498969481,0.6125530498969483
Siena Heights College,Yes,464,419,183,10,31,686,287,9240,3880,475,1090,29.0,49,7.2,17,9431,47,-1.2229435984195816,-1.0939822813810685,-1.0321798031795366,-1.2174962818199055,-1.1403059697228433,-0.09665544581816274,-0.17932999991451426,-0.4173160543227945,-0.2053191692701864,-2.176663437470544,-1.7885048919121829,-1.9094306588272838,-0.3398815888114029,0.2893253894209727,0.9030172413793104,Medium,1,1,0.3581403891754813,0.6125530498969481,-1.222943598419582,-1.0939822813810685,-1.0321798031795375,-1.217496281819906,-1.1403059697228428,-0.09665544581816281,-0.17932999991451498,-0.4173160543227942,-0.2053191692701874,-2.1766634374705442,-1.7885048919121829,-1.9094306588272842,-0.3398815888114033,0.2893253894209918,1.246072541386653,0.6125530498969479,0.612553049896948,1.2460725413866527,0.6125530498969481,0.6125530498969483
Simmons College,Yes,1003,782,295,23,53,1144,160,16160,6950,500,1200,74.0,81,8.9,33,14086,79,-0.45274729521800433,-0.42699899683848147,-0.4640018165174354,-0.04753313995778422,-0.5224410349358758,-0.45289018201859543,1.3377948721197985,-0.22914901677242944,-0.007646689375954711,-0.024374663811267006,-0.06061368145330422,-1.3728974215619376,0.8739402534841448,1.1779069604962096,0.7796610169491526,High,2,1,1.8150779933081982,0.6125530498969481,-0.45274729521800466,-0.4269989968384814,-0.4640018165174361,-0.04753313995778462,-0.5224410349358753,-0.4528901820185955,1.3377948721197979,-0.22914901677242913,-0.007646689375955717,-0.02437466381126737,-0.060613681453304334,-1.372897421561938,0.8739402534841444,1.1779069604962287,0.07516037512565862,0.6125530498969479,0.612553049896948,0.07516037512565821,0.6125530498969481,0.6125530498969483
Simpson College,Yes,1016,872,300,27,57,1116,602,11250,4980,550,1400,66.0,73,15.8,36,7411,70,-0.44024166784602103,-0.3134627584473353,-0.4447443361498129,0.20567765393688317,-0.5508149431466132,0.38243370057561604,0.32201189678612024,0.12378880488361321,0.3122382660840021,-0.5439362728703399,-0.6235308993858222,0.479364912667751,1.0642129526815685,-0.345319592418945,0.8582677165354331,Medium,1,1,0.3581403891754813,0.6125530498969481,-0.44024166784602137,-0.31346275844733523,-0.4447443361498136,0.20567765393688278,-0.5508149431466127,0.382433700575616,0.3220118967861195,0.12378880488361355,0.3122382660840011,-0.5439362728703402,-0.6235308993858223,0.4793649126677506,1.064212952681568,-0.3453195924189259,0.7825554260944697,0.6125530498969479,0.612553049896948,0.7825554260944695,0.6125530498969481,0.6125530498969483
Sioux Falls College,Yes,437,400,211,13,35,614,271,8990,3064,500,1700,73.0,73,14.8,7,7881,48,-1.2846495513957181,-1.1447308656282869,-0.8584467192035049,-0.8748385657786061,-1.2836085681017193,-0.1324617164711459,-0.24654641866676708,-0.22914901677242944,0.7203603688354095,-0.09256994792772753,-0.6235308993858222,0.2348219920998793,-1.4463049754933548,-0.1754547273199305,0.9153318077803204,Medium,1,1,0.3581403891754813,0.6125530498969481,-1.2846495513957186,-1.1447308656282869,-0.8584467192035057,-0.8748385657786065,-1.2836085681017189,-0.132461716471146,-0.2465464186667678,-0.22914901677242913,0.7203603688354085,-0.0925699479277279,-0.6235308993858223,0.2348219920998789,-1.4463049754933552,-0.17545472731991144,1.3819947800867984,0.6125530498969479,0.612553049896948,1.3819947800867982,0.6125530498969481,0.6125530498969483
Skidmore College,Yes,4293,2728,591,25,62,2322,263,18710,5970,500,700,87.0,92,12.7,29,14837,81,0.8874939399290419,0.8250459484855236,0.29212877741523,0.08298682799864276,0.22641884806527945,-0.15109302934869595,1.785960887885206,-0.22914901677242944,-1.0978374622751548,0.9467830013589739,0.8745903245365926,-0.3016095177954872,0.605737985971725,1.2794551076939926,0.6354530631260191,High,2,1,1.8150779933081982,0.6125530498969481,0.8874939399290416,0.8250459484855237,0.2921287774152294,0.08298682799864236,0.2264188480652799,-0.15109302934869603,1.7859608878852054,-0.22914901677242913,-1.0978374622751559,0.9467830013589735,0.8745903245365925,-0.3016095177954876,0.6057379859717246,1.2794551076940117,-0.9205303968818781,0.6125530498969479,0.612553049896948,-0.9205303968818788,0.6125530498969481,0.6125530498969483
Smith College,Yes,2925,1598,632,51,88,2479,95,18820,6390,500,1050,85.0,97,10.3,44,21199,90,0.5475576816566269,0.30243660801093636,0.36092227004614563,1.3036072146864357,0.2899467900985635,-0.7550146929351397,1.8043641433579878,-0.22914901677242944,-0.2818088082871408,0.7871378673668015,1.3651568927969056,-0.9604175254095518,1.5346153654579844,1.904806841034755,0.5463247863247863,High,2,1,1.8150779933081982,0.6125530498969481,0.5475576816566265,0.3024366080109364,0.360922270046145,1.3036072146864353,0.28994679009856394,-0.7550146929351398,1.8043641433579871,-0.22914901677242913,-0.2818088082871418,0.7871378673668011,1.3651568927969056,-0.9604175254095523,1.534615365457984,1.904806841034774,-1.3753666692031352,0.6125530498969479,0.612553049896948,-1.3753666692031359,0.6125530498969481,0.6125530498969483
South Dakota State University,No,2807,2589,1701,13,37,7000,1103,3811,2190,500,1970,62.0,65,15.0,29,5084,67,0.5105034808177673,0.7748001470525542,1.2973120828912168,-0.8748385657786061,1.1849076860293641,0.7977961923172828,-2.059764748529874,-0.22914901677242944,1.0341399288112185,-0.7814483389667398,-1.0947584403093151,0.28425398250735084,0.605737985971725,-1.5198012647848962,0.9223370146063413,Low,0,0,-1.0987972149572356,-1.6325116659989423,0.510503480817767,0.7748001470525543,1.2973120828912164,-0.8748385657786065,1.1849076860293646,0.7977961923172827,-2.059764748529875,-0.22914901677242913,1.0341399288112174,-0.7814483389667402,-1.0947584403093151,0.28425398250735046,0.6057379859717246,-1.519801264784877,1.4609858460353233,-1.6325116659989425,-1.6325116659989423,1.460985846035323,-1.6325116659989423,-1.6325116659989423
Southeast Missouri State University,No,2281,1870,1408,18,43,6553,1246,4680,3540,200,2150,75.0,76,17.1,8,5916,45,0.32207127261084806,0.4580657266691436,1.1294801399919991,-0.41691464264756517,1.13388270668164,0.8840907783219097,-1.6730866912512783,-3.410351221839536,1.22187775373758,0.0447497870211825,-0.42352364534226566,0.7880549588848036,-1.310419180097965,-1.0184457462610126,0.8198158702323542,Low,0,0,-1.0987972149572356,-1.6325116659989423,0.3220712726108477,0.45806572666914364,1.1294801399919987,-0.41691464264756556,1.1338827066816404,0.8840907783219096,-1.673086691251279,-3.410351221839536,1.221877753737579,0.04474978702118213,-0.4235236453422658,0.7880549588848031,-1.3104191800979654,-1.0184457462609935,0.4203322209206766,-1.6325116659989425,-1.6325116659989423,0.4203322209206763,-1.6325116659989423,-1.6325116659989423
Southeastern Oklahoma State Univ.,No,818,700,447,20,50,2962,651,3738,2619,450,1022,55.0,59,19.6,9,4444,53,-0.6523076467232548,-0.5433314282715347,-0.002079434930068756,-0.26074560260699386,0.4582486192276272,0.4348861118316448,-2.094789628469536,-0.6143252338289236,-0.33697380392415843,-1.161423662356272,-1.391918192175684,1.3559208750186327,-1.18236541463741,-2.0007272810562235,0.8557457212713936,Low,0,0,-1.0987972149572356,-1.6325116659989423,-0.6523076467232551,-0.5433314282715346,-0.002079434930069433,-0.26074560260699425,0.45824861922762766,0.4348861118316447,-2.094789628469537,-0.6143252338289233,-0.33697380392415943,-1.1614236623562724,-1.391918192175684,1.3559208750186322,-1.1823654146374105,-2.0007272810562045,0.7578043417807455,-1.6325116659989425,-1.6325116659989423,0.7578043417807453,-1.6325116659989423,-1.6325116659989423
Southern California College,Yes,385,340,193,18,38,784,127,9520,4124,630,1818,63.0,65,18.6,11,8219,43,-1.4159167562514263,-1.3237171601245863,-0.9668195021565384,-0.41691464264756517,-0.9722669032342087,-0.5885741882098692,-0.10545122868837843,0.6341541487893395,0.8627908626458604,-0.7234609819608288,-1.0947584403093151,1.1325591153654024,-0.9453261344609437,-0.06265957716728995,0.8831168831168831,Medium,1,1,0.3581403891754813,0.6125530498969481,-1.4159167562514268,-1.3237171601245863,-0.9668195021565392,-0.41691464264756556,-0.9722669032342083,-0.5885741882098693,-0.10545122868837915,0.63415414878934,0.8627908626458594,-0.7234609819608291,-1.0947584403093151,1.132559115365402,-0.9453261344609442,-0.06265957716727089,1.0341636201266897,0.6125530498969479,0.612553049896948,1.0341636201266895,0.6125530498969481,0.6125530498969483
Southern Illinois University at Edwardsville,No,2540,2195,994,13,40,6063,2550,5472,3598,221,2216,76.0,81,16.5,8,7498,43,0.4200948100909713,0.6149742045940542,0.8071289115137837,-0.8748385657786061,1.0728309125541053,1.40983781948292,-1.3599468959100753,-3.0817336497043364,1.2870819300099885,0.11480358880148679,-0.06061368145330422,0.646816259628484,-1.310419180097965,-0.31264153411017787,0.8641732283464567,Low,0,0,-1.0987972149572356,-1.6325116659989423,0.420094810090971,0.6149742045940543,0.8071289115137832,-0.8748385657786065,1.0728309125541058,1.40983781948292,-1.359946895910076,-3.0817336497043364,1.2870819300099874,0.11480358880148643,-0.060613681453304334,0.6468162596284835,-1.3104191800979654,-0.31264153411015877,0.8410725245134002,-1.6325116659989425,-1.6325116659989423,0.8410725245134,-1.6325116659989423,-1.6325116659989423
Southern Methodist University,Yes,4301,3455,1166,41,69,4892,387,12772,5078,576,1802,74.0,88,13.5,17,12726,72,0.8891201615676477,1.049753971097117,0.9570533057306269,0.9095959481215096,0.898737844950587,0.09292599325465443,0.663624637164698,0.2963836967244428,0.8439889911354787,-0.024374663811267006,0.5120879513281108,-0.09332712383236806,-0.3398815888114029,0.9709510280024543,0.8033015577772611,Medium,1,1,0.3581403891754813,0.6125530498969481,0.8891201615676474,1.049753971097117,0.9570533057306263,0.9095959481215091,0.8987378449505874,0.09292599325465437,0.6636246371646973,0.2963836967244432,0.8439889911354777,-0.02437466381126737,0.5120879513281107,-0.09332712383236848,-0.3398815888114033,0.9709510280024733,0.2744144984581131,0.6125530498969479,0.612553049896948,0.2744144984581127,0.6125530498969481,0.6125530498969483
Southwest Baptist University,Yes,1093,1093,642,12,32,1770,967,7070,2500,400,1000,52.0,54,15.9,13,4718,71,-0.3695213313451357,-0.08073901855629047,0.3769209081502962,-0.9818731086748947,-0.04710378264912302,0.7056632048367507,-0.8090340007881737,-1.0388011424180428,-0.3813083118461038,-1.3103887835738515,-1.6050055807115493,0.5034686642441683,-0.7285459060471434,-1.782527321328981,1.0,Low,0,1,-1.0987972149572356,0.6125530498969481,-0.36952133134513604,-0.0807390185562904,0.3769209081502956,-0.9818731086748952,-0.047103782649122565,0.7056632048367506,-0.8090340007881743,-1.0388011424180428,-0.3813083118461048,-1.310388783573852,-1.6050055807115493,0.5034686642441678,-0.7285459060471439,-1.7825273213289619,2.422460487936682,0.6125530498969479,0.612553049896948,2.422460487936682,0.6125530498969481,0.6125530498969483
Southwest Missouri State University,No,6118,5254,3204,15,37,13131,3374,4740,2590,500,1360,70.0,75,19.9,11,4632,56,1.1929538068465382,1.4393920593211116,1.8247102276704363,-0.6779904542213022,1.6359522384531715,1.6243964421439516,-1.6481960480938216,-0.22914901677242944,0.2518062151450685,-0.2915826792352699,-0.4916463924532397,1.422010168462389,-0.9453261344609437,-1.8488662591562124,0.8587773782281791,Low,0,0,-1.0987972149572356,-1.6325116659989423,1.1929538068465377,1.4393920593211116,1.824710227670436,-0.6779904542213027,1.635952238453172,1.6243964421439516,-1.6481960480938223,-0.22914901677242913,0.2518062151450675,-0.2915826792352703,-0.4916463924532398,1.4220101684623885,-0.9453261344609442,-1.8488662591561933,0.7875746186522239,-1.6325116659989425,-1.6325116659989423,0.7875746186522237,-1.6325116659989423,-1.6325116659989423
Southwest State University,No,1047,938,511,13,33,2091,546,4285,2750,600,1800,58.0,75,16.5,31,6591,51,-0.41110026921921483,-0.23789710988734372,0.14047858151397372,-0.8748385657786061,0.12275562341112278,0.31748775711630284,-1.8424249138908768,0.4497726389260374,0.8416278943466902,-1.004132554468048,-0.4916463924532397,0.646816259628484,0.7420738947418721,-0.6853807686843107,0.8958930276981852,Low,0,0,-1.0987972149572356,-1.6325116659989423,-0.41110026921921516,-0.23789710988734364,0.14047858151397308,-0.8748385657786065,0.12275562341112324,0.3174877571163028,-1.8424249138908775,0.4497726389260378,0.8416278943466892,-1.0041325544680484,-0.4916463924532398,0.6468162596284835,0.7420738947418717,-0.6853807686842917,1.1691233563029322,-1.6325116659989425,-1.6325116659989423,1.169123356302932,-1.6325116659989423,-1.6325116659989423
Southwestern Adventist College,Yes,321,318,172,11,27,620,280,7536,3736,430,1651,44.0,77,13.0,12,5309,36,-1.606358326408743,-1.3979605384785694,-1.108997895324639,-1.095737735489672,-1.2709018312858078,-0.11209103774235463,-0.6640832808319623,-0.7789267328414803,0.6585071577052745,-1.6669777392602354,-0.3539307841170397,-0.2229029900664657,-0.8347120348951067,-1.3723226880284634,0.9906542056074766,Low,0,1,-1.0987972149572356,0.6125530498969481,-1.6063583264087435,-1.3979605384785694,-1.10899789532464,-1.0957377354896725,-1.2709018312858074,-0.1120910377423547,-0.664083280831963,-0.7789267328414801,0.6585071577052735,-1.6669777392602358,-0.3539307841170398,-0.2229029900664661,-0.8347120348951071,-1.3723226880284443,2.2980808138678004,0.6125530498969479,0.612553049896948,2.2980808138678004,0.6125530498969481,0.6125530498969483
Southwestern College,Yes,213,155,75,28,66,504,147,7200,3532,550,1500,56.0,56,11.8,12,7818,52,-2.045013340304842,-2.2166075465502706,-2.20828251071282,0.26440143846515807,-1.5474691080043623,-0.5030039269095373,-0.767981095712354,0.12378880488361321,0.4565936404384389,-1.1099187310292482,-1.5234179245724684,-0.5423177327277025,-0.8347120348951067,-0.19730657857260525,0.7276995305164319,Low,0,1,-1.0987972149572356,0.6125530498969481,-2.0450133403048425,-2.2166075465502706,-2.2082825107128214,0.2644014384651577,-1.5474691080043619,-0.5030039269095374,-0.7679810957123546,0.12378880488361355,0.4565936404384379,-1.1099187310292487,-1.5234179245724684,-0.5423177327277029,-0.8347120348951071,-0.19730657857258618,-0.3250973776758426,0.6125530498969479,0.612553049896948,-0.3250973776758431,0.6125530498969481,0.6125530498969483
Southwestern University,Yes,1244,912,352,44,77,1177,43,11850,4675,600,1050,83.0,89,11.3,35,12995,67,-0.24516603654031524,-0.26696558197141534,-0.2640442629411666,1.0350695150852658,-0.49006760844491004,-1.1862220496917506,0.4601054924304006,0.4497726389260374,-0.2818088082871408,0.6312170198691968,0.6002637149158834,-0.6792077728800088,1.0017342937327451,1.0145241049345295,0.7331189710610932,Medium,1,1,0.3581403891754813,0.6125530498969481,-0.2451660365403156,-0.2669655819714153,-0.26404426294116734,1.0350695150852653,-0.4900676084449096,-1.1862220496917506,0.4601054924303999,0.4497726389260378,-0.2818088082871418,0.6312170198691964,0.6002637149158833,-0.6792077728800092,1.0017342937327447,1.0145241049345486,-0.2856697629830048,0.6125530498969479,0.612553049896948,-0.2856697629830053,0.6125530498969481,0.6125530498969483
Spalding University,Yes,283,201,97,10,45,589,263,8400,2800,600,900,50.0,56,10.6,40,6860,89,-1.7397774803076522,-1.9161080989575805,-1.8532767292325645,-1.2174962818199055,-1.33822934615495,-0.15109302934869595,-0.41019873029626974,0.4497726389260374,-0.5949489827396871,-1.4050766892516116,-1.5234179245724684,-0.8749639552550215,1.3055390172857926,-0.5669335583738543,0.7102473498233216,Low,0,1,-1.0987972149572356,0.6125530498969481,-1.7397774803076527,-1.9161080989575805,-1.8532767292325654,-1.217496281819906,-1.3382293461549495,-0.15109302934869603,-0.41019873029627046,0.4497726389260378,-0.5949489827396881,-1.405076689251612,-1.5234179245724684,-0.8749639552550219,1.3055390172857921,-0.5669335583738352,-0.44855283969594784,0.6125530498969479,0.612553049896948,-0.4485528396959484,0.6125530498969481,0.6125530498969483
Spelman College,Yes,3713,1237,443,47,83,1971,107,7000,5565,660,2400,73.0,80,12.5,18,9988,65,0.7600247700761219,0.045228761274191655,-0.011761658542043129,1.1539956758627181,0.06322918115049883,-0.6873672330281743,-0.8313450945467799,0.8110292102757778,1.4597946476206283,-0.09256994792772753,-0.13620911968157937,-0.3544948895129964,-0.2501326687269887,0.42857330764952706,0.3331537840021546,Low,0,1,-1.0987972149572356,0.6125530498969481,0.7600247700761216,0.04522876127419173,-0.011761658542043807,1.1539956758627177,0.06322918115049929,-0.6873672330281744,-0.8313450945467805,0.8110292102757782,1.4597946476206272,-0.0925699479277279,-0.13620911968157948,-0.3544948895129968,-0.2501326687269891,0.42857330764954615,-2.0954699066400924,0.6125530498969479,0.612553049896948,-2.0954699066400932,0.6125530498969481,0.6125530498969483
Spring Arbor College,Yes,372,362,181,15,32,1501,353,8600,3550,385,665,48.0,48,15.4,9,10938,49,-1.4517112267259815,-1.254432928963958,-1.0457450668833967,-0.6779904542213022,-0.22132525724499535,0.034074097575603104,-0.3539009063448587,-1.1751721662959185,-1.1993253415885843,-1.4960693268775773,-1.8218082056103093,0.3823236670850935,-1.18236541463741,0.64038245118618,0.9731182795698925,Low,0,1,-1.0987972149572356,0.6125530498969481,-1.451711226725982,-1.254432928963958,-1.0457450668833976,-0.6779904542213027,-0.2213252572449949,0.03407409757560303,-0.35390090634485943,-1.1751721662959185,-1.1993253415885854,-1.4960693268775778,-1.8218082056103093,0.38232366708509313,-1.1823654146374105,0.6403824511861991,2.071287072801867,0.6125530498969479,0.612553049896948,2.071287072801867,0.6125530498969481,0.6125530498969483
St. Bonaventure University,Yes,1489,1313,375,13,45,1688,131,10456,4927,500,1050,91.0,91,17.7,32,9828,78,-0.07434349182084235,0.10553081526068006,-0.1937073854255391,-0.8748385657786061,-0.09659331749534997,-0.5705263683871301,0.13161751499025973,-0.22914901677242944,-0.2818088082871408,1.2772512278910106,0.781503315639944,0.9272842059255697,0.808539510579746,0.3898223583007146,0.8817998656816656,Medium,1,1,0.3581403891754813,0.6125530498969481,-0.0743434918208427,0.10553081526068013,-0.1937073854255398,-0.8748385657786065,-0.09659331749534951,-0.5705263683871302,0.131617514990259,-0.22914901677242913,-0.2818088082871418,1.2772512278910102,0.7815033156399439,0.9272842059255693,0.8085395105797456,0.3898223583007337,1.020470409737037,0.6125530498969479,0.612553049896948,1.0204704097370367,0.6125530498969481,0.6125530498969483
St. John's College,Yes,323,278,122,31,51,393,4,16150,5450,275,800,63.0,72,7.2,26,15622,64,-1.5998115787374125,-1.5481689928731062,-1.5477414460189312,0.4313193649006998,-1.8964870281814998,-2.2463529555337187,1.3359488694944337,-2.3471616845571717,-0.8318078970334455,-0.7234609819608288,-0.6873174824544503,-1.9094306588272838,0.3918121831278882,1.3774576113613641,0.8606811145510835,High,2,1,1.8150779933081982,0.6125530498969481,-1.599811578737413,-1.5481689928731062,-1.547741446018932,0.4313193649006994,-1.8964870281814994,-2.2463529555337187,1.335948869494433,-2.3471616845571717,-0.8318078970334465,-0.7234609819608291,-0.6873174824544505,-1.9094306588272842,0.3918121831278878,1.3774576113613832,0.8063744515977607,0.6125530498969479,0.612553049896948,0.8063744515977604,0.6125530498969481,0.6125530498969483
St. John Fisher College,Yes,1368,1064,354,19,51,1687,677,10570,5600,400,800,86.0,81,14.5,29,7908,66,-0.15459986670880937,-0.1082523762109319,-0.25772029796780116,-0.337261774390416,-0.09721483235598732,0.4612709730093099,0.15952473058672445,-1.0388011424180428,-0.8318078970334455,0.8664948177542383,-0.06061368145330422,0.16016400330539635,0.605737985971725,-0.16617193416463774,0.7777777777777778,Medium,1,1,0.3581403891754813,0.6125530498969481,-0.15459986670880974,-0.10825237621093182,-0.2577202979678019,-0.3372617743904164,-0.09721483235598687,0.46127097300930986,0.15952473058672373,-1.0388011424180428,-0.8318078970334465,0.866494817754238,-0.060613681453304334,0.16016400330539593,0.6057379859717246,-0.16617193416461867,0.05976291367374301,0.6125530498969479,0.612553049896948,0.05976291367374258,0.6125530498969481,0.6125530498969483
St. Lawrence University,Yes,2753,1820,505,31,56,1801,45,18720,5730,650,825,90.0,94,11.5,38,14980,85,0.4929849529218705,0.43135380946536284,0.12801341170967734,0.4313193649006998,-0.029117466489802613,-1.1624212344588023,1.7876368437152763,0.7528645357434074,-0.7701268378722608,1.1932365358027166,1.0657563528339236,-0.6241683558478293,1.186525502100285,1.2978964062625775,0.6610969851071559,High,2,1,1.8150779933081982,0.6125530498969481,0.49298495292187017,0.4313538094653629,0.1280134117096767,0.4313193649006994,-0.029117466489802155,-1.1624212344588023,1.7876368437152756,0.7528645357434078,-0.7701268378722618,1.1932365358027162,1.0657563528339236,-0.6241683558478297,1.1865255021002845,1.2978964062625966,-0.7687025536459865,0.6125530498969479,0.612553049896948,-0.7687025536459872,0.6125530498969481,0.6125530498969483
St. Martin's College,Yes,191,165,63,5,25,494,574,11550,4270,300,500,43.0,77,14.5,8,9209,40,-2.16371650282183,-2.1438563894017157,-2.456383242684154,-2.0101834480079033,-1.574893390746455,0.3506837737045898,0.39164787252527755,-2.0489462340837274,-1.756532921293452,-1.7073988689584914,-0.3539307841170397,0.16016400330539635,-1.310419180097965,0.2302348701618685,0.8638743455497382,Medium,1,1,0.3581403891754813,0.6125530498969481,-2.1637165028218304,-2.1438563894017157,-2.456383242684155,-2.0101834480079037,-1.5748933907464546,0.35068377370458975,0.39164787252527683,-2.0489462340837274,-1.756532921293453,-1.7073988689584918,-0.3539307841170398,0.16016400330539593,-1.3104191800979654,0.23023487016188757,0.8380919856342138,0.6125530498969479,0.612553049896948,0.8380919856342136,0.6125530498969481,0.6125530498969483
St. Mary's College of California,Yes,2643,1611,465,36,80,2615,248,13332,6354,630,1584,88.0,89,16.1,17,9619,78,0.4561292830399872,0.3105004175411078,0.04028635734099385,0.683476302864234,0.3411346088654233,-0.18746246135305983,0.7825602352408786,0.6341541487893395,0.5711216168546095,1.0280025774963892,0.6002637149158834,0.5514920012666231,-0.3398815888114029,0.33771322502732753,0.6095346197502838,Medium,1,1,0.3581403891754813,0.6125530498969481,0.45612928303998684,0.31050041754110785,0.04028635734099318,0.6834763028642336,0.34113460886542374,-0.1874624613530599,0.7825602352408779,0.63415414878934,0.5711216168546085,1.0280025774963888,0.6002637149158833,0.5514920012666227,-0.3398815888114033,0.33771322502734663,-1.0640635438314574,0.6125530498969479,0.612553049896948,-1.064063543831458,0.6125530498969481,0.6125530498969483
St. Mary's College of Maryland,No,1340,695,285,42,73,1315,209,6800,4730,675,1250,84.0,89,11.6,23,10357,63,-0.17425782714351612,-0.5508902306478494,-0.5036709234900614,0.9521981331052524,-0.36576224489011544,-0.2923382186643866,-0.8959098381512957,0.8968506935626589,0.07671009872843897,0.7087119890670915,0.6002637149158834,-0.5967914238632761,0.16480224108923644,0.514398794023314,0.5186567164179104,Low,0,0,-1.0987972149572356,-1.6325116659989423,-0.17425782714351648,-0.5508902306478493,-0.5036709234900622,0.9521981331052519,-0.365762244890115,-0.29233821866438664,-0.8959098381512963,0.8968506935626593,0.07671009872843797,0.7087119890670912,0.6002637149158833,-0.5967914238632765,0.16480224108923605,0.5143987940233331,-1.4956652172073746,-1.6325116659989425,-1.6325116659989423,-1.4956652172073752,-1.6325116659989423,-1.6325116659989423
St. Mary's University of San Antonio,Yes,1243,1020,414,33,60,2149,418,8678,3858,700,1736,82.0,83,16.2,7,7651,72,-0.24593522072403393,-0.1515666052213802,-0.08512031389753162,0.5357381533712033,0.150052612537252,0.1426111155467498,-0.3321779432034403,1.0362571162148249,0.7647599932947479,0.5546527948873138,0.09518189874570733,0.5754126153059119,-1.4463049754933548,-0.2565688899044372,0.8205953338696702,Low,0,1,-1.0987972149572356,0.6125530498969481,-0.2459352207240343,-0.15156660522138013,-0.08512031389753232,0.5357381533712029,0.15005261253725244,0.1426111155467497,-0.332177943203441,1.0362571162148253,0.7647599932947469,0.5546527948873134,0.09518189874570722,0.5754126153059115,-1.4463049754933552,-0.2565688899044181,0.42735955224634725,0.6125530498969479,0.612553049896948,0.4273595522463469,0.6125530498969481,0.6125530498969483
St. Norbert College,Yes,1334,1243,568,30,56,1946,95,12140,4450,425,1100,74.0,78,15.1,36,8595,88,-0.17852757823916607,0.0501317120315549,0.25107871640427615,0.3771313679720627,0.05027078854214886,-0.7550146929351397,0.5252072117604308,-0.8211185263638522,-0.18660316336359328,-0.024374663811267006,-0.2828555413330692,0.3088698067143141,1.0642129526815685,0.05469846172047301,0.931784107946027,Medium,1,1,0.3581403891754813,0.6125530498969481,-0.17852757823916643,0.050131712031554976,0.25107871640427554,0.3771313679720623,0.050270788542149315,-0.7550146929351398,0.5252072117604302,-0.821118526363852,-0.18660316336359428,-0.02437466381126737,-0.28285554133306934,0.3088698067143137,1.064212952681568,0.05469846172049208,1.5694620521228415,0.6125530498969479,0.612553049896948,1.5694620521228415,0.6125530498969481,0.6125530498969483
St. Paul's College,Yes,651,581,243,8,17,617,34,5000,3650,600,600,45.0,45,14.0,8,8426,45,-0.8793366989060606,-0.7410216730373711,-0.6897935251430694,-1.490473824946659,-1.2772363904504327,-1.3073231570114363,-1.5426647912125298,0.4497726389260374,-1.4016694654541817,-1.625634520432682,-1.9151831965988537,0.03433157324728856,-1.310419180097965,0.002949495291278098,0.8924731182795699,Low,0,1,-1.0987972149572356,0.6125530498969481,-0.8793366989060609,-0.741021673037371,-0.6897935251430701,-1.4904738249466594,-1.2772363904504322,-1.3073231570114363,-1.5426647912125304,0.4497726389260378,-1.4016694654541828,-1.6256345204326825,-1.9151831965988537,0.034331573247288145,-1.3104191800979654,0.002949495291297169,1.1326175933093166,0.6125530498969479,0.612553049896948,1.1326175933093163,0.6125530498969481,0.6125530498969483
St. Thomas Aquinas College,Yes,861,609,215,10,27,1117,815,8650,5700,500,1750,69.0,73,16.1,13,6534,67,-0.6018852261814692,-0.6908453224278733,-0.8358075264018134,-1.2174962818199055,-0.5497867087960151,0.587492792106181,-0.33996111564076614,-0.22914901677242944,0.7817965352714337,-0.3560631885270026,-0.6235308993858222,0.5514920012666231,-0.7285459060471434,-0.7114406694283693,0.7073170731707317,Low,0,1,-1.0987972149572356,0.6125530498969481,-0.6018852261814696,-0.6908453224278732,-0.8358075264018142,-1.217496281819906,-0.5497867087960147,0.5874927921061809,-0.33996111564076686,-0.22914901677242913,0.7817965352714327,-0.35606318852700297,-0.6235308993858223,0.5514920012666227,-0.7285459060471439,-0.7114406694283502,-0.46876421085156433,0.6125530498969479,0.612553049896948,-0.4687642108515649,0.6125530498969481,0.6125530498969483
Stephens College,Yes,450,405,194,17,34,614,388,13900,5200,450,2150,46.0,63,10.9,17,9995,59,-1.2544442567284777,-1.1311303308650338,-0.960498589814217,-0.5000085327852752,-1.2836085681017193,0.09458450094914682,0.8998877990678651,-0.6143252338289236,1.22187775373758,-1.5833689090580605,-1.1989966331316235,-0.7904603108847902,-0.3398815888114029,0.43024678744441475,0.9,Medium,1,1,0.3581403891754813,0.6125530498969481,-1.2544442567284781,-1.1311303308650338,-0.9604985898142178,-0.5000085327852757,-1.2836085681017189,0.09458450094914675,0.8998877990678644,-0.6143252338289233,1.221877753737579,-1.583368909058061,-1.1989966331316235,-0.7904603108847906,-0.3398815888114033,0.43024678744443384,1.2133336670604014,0.6125530498969479,0.612553049896948,1.2133336670604011,0.6125530498969481,0.6125530498969483
Stetson University,Yes,1557,1227,489,37,69,1964,81,12315,4565,600,1365,85.0,90,12.5,24,10307,73,-0.03225680289196971,0.03700038019853281,0.09391910438190838,0.7305835658560428,0.05962111603898401,-0.8444832209799878,0.5639997013574195,0.4497726389260374,0.2594495611473877,0.7871378673668015,0.6900649668386472,-0.3544948895129964,0.24207061628816592,0.503047461530779,0.7880539499036608,Medium,1,1,0.3581403891754813,0.6125530498969481,-0.032256802891970054,0.037000380198532884,0.09391910438190772,0.7305835658560423,0.05962111603898447,-0.844483220979988,0.5639997013574188,0.4497726389260378,0.2594495611473867,0.7871378673668011,0.690064966838647,-0.3544948895129968,0.24207061628816554,0.503047461530798,0.1446265891006162,0.6125530498969479,0.612553049896948,0.1446265891006158,0.6125530498969481,0.6125530498969483
Stevens Institute of Technology,Yes,1768,1249,380,51,93,1263,11,16900,5680,450,750,89.0,89,19.0,33,12837,79,0.0867704228732389,0.05500941558708314,-0.17907479552847522,1.3036072146864357,-0.41065068673345007,-1.8432344996760794,1.4723673184761457,-0.6143252338289236,-0.960715953306189,1.1101537037083895,0.6002637149158834,1.2224815695707842,0.8739402534841448,0.9891016180795446,0.706447963800905,High,2,1,1.8150779933081982,0.6125530498969481,0.08677042287323855,0.055009415587083214,-0.1790747955284759,1.3036072146864353,-0.4106506867334496,-1.8432344996760794,1.472367318476145,-0.6143252338289233,-0.96071595330619,1.110153703708389,0.6002637149158833,1.2224815695707838,0.8739402534841444,0.9891016180795636,-0.4747306172935731,0.6125530498969479,0.612553049896948,-0.47473061729357363,0.6125530498969481,0.6125530498969483
Stockton College of New Jersey,No,4019,1579,710,23,65,4365,765,3040,4351,711,1125,78.0,92,19.5,7,5599,64,0.8297416388884687,0.2905239252197197,0.47860024701528436,-0.04753313995778422,0.8028824094795247,0.5441869925011926,-2.4549305006542093,1.096223859296172,-0.14049359717716683,0.2576999703306144,0.8745903245365926,1.3337988114138362,-1.4463049754933548,-1.1958739136445118,0.39288380194078126,Low,0,0,-1.0987972149572356,-1.6325116659989423,0.8297416388884684,0.29052392521971976,0.47860024701528375,-0.04753313995778462,0.8028824094795252,0.5441869925011925,-2.45493050065421,1.0962238592961724,-0.14049359717716783,0.25769997033061404,0.8745903245365925,1.3337988114138357,-1.4463049754933552,-1.1958739136444927,-1.937311838003844,-1.6325116659989425,-1.6325116659989423,-1.937311838003845,-1.6325116659989423,-1.6325116659989423
Stonehill College,Yes,3646,2300,585,25,69,2022,926,12170,6172,480,800,79.0,79,13.0,30,7495,97,0.7439367878353967,0.6603988291836197,0.28160021327766477,0.08298682799864276,0.08905361919706592,0.6755592933383472,0.5318833249130331,-0.37900292043178496,-0.8318078970334455,0.3305429069207441,-0.21028570541136532,-0.2229029900664657,0.6744919519989533,-0.3137586167399897,0.6308283049917718,Medium,1,1,0.3581403891754813,0.6125530498969481,0.7439367878353964,0.6603988291836198,0.28160021327766416,0.08298682799864236,0.08905361919706638,0.6755592933383471,0.5318833249130325,-0.3790029204317847,-0.8318078970334465,0.33054290692074373,-0.21028570541136543,-0.2229029900664661,0.6744919519989528,-0.31375861673997063,-0.946858141355453,0.6125530498969479,0.612553049896948,-0.9468581413554537,0.6125530498969481,0.6125530498969483
SUNY at Albany,No,13528,9198,1843,16,61,10168,1231,6550,4355,700,1560,93.0,96,17.4,16,9075,74,1.848988078170598,1.9423676030859685,1.3670125643287896,-0.5868962977653778,1.4600730009222693,0.8754763307093126,-0.9783947949995171,1.0362571162148249,0.5389846388109432,1.448076800235107,1.263654675854437,0.8579148600429469,-0.4323290036172367,0.19349298987946642,0.6799231224127735,Low,0,0,-1.0987972149572356,-1.6325116659989423,1.8489880781705976,1.9423676030859685,1.3670125643287891,-0.5868962977653782,1.4600730009222698,0.8754763307093125,-0.9783947949995178,1.0362571162148253,0.5389846388109422,1.4480768002351065,1.263654675854437,0.8579148600429465,-0.4323290036172371,0.1934929898794855,-0.650732544442294,-1.6325116659989425,-1.6325116659989423,-0.6507325444422946,-1.6325116659989423,-1.6325116659989423
SUNY at Binghamton,No,14463,6166,1757,60,94,8544,671,6550,4598,700,1000,83.0,100,18.0,15,8055,80,1.902510962957558,1.5851793492924922,1.3255755696834481,1.6091146533387966,1.3346187934635714,0.4552653046047842,-0.9783947949995171,1.0362571162148249,-0.3813083118461038,0.6312170198691968,1.6800113003699915,0.9961742295717294,-0.5277223720549751,-0.11647676566658707,0.42632925395837656,Low,0,0,-1.0987972149572356,-1.6325116659989423,1.9025109629575576,1.5851793492924922,1.3255755696834477,1.609114653338796,1.3346187934635718,0.45526530460478415,-0.9783947949995178,1.0362571162148253,-0.3813083118461048,0.6312170198691964,1.6800113003699915,0.996174229571729,-0.5277223720549755,-0.116476765666568,-1.8352695698553279,-1.6325116659989425,-1.6325116659989423,-1.8352695698553287,-1.6325116659989423,-1.6325116659989423
SUNY at Buffalo,No,15039,9649,3087,36,100,13963,3124,6550,4731,708,957,90.0,97,13.6,15,11177,56,1.9336652531349667,1.9844507310126382,1.795145936818928,0.683476302864234,1.6767530833626174,1.5648886824766928,-0.9783947949995171,1.0799500196774472,-0.47063317972888,1.1932365358027166,1.3651568927969056,-0.06764502846155519,-0.5277223720549751,0.6892531318716414,0.6415985105392645,Low,0,0,-1.0987972149572356,-1.6325116659989423,1.9336652531349663,1.9844507310126382,1.7951459368189275,0.6834763028642336,1.6767530833626179,1.5648886824766928,-0.9783947949995178,1.0799500196774476,-0.470633179728881,1.1932365358027162,1.3651568927969056,-0.06764502846155561,-0.5277223720549755,0.6892531318716605,-0.8850538840082486,-1.6325116659989425,-1.6325116659989423,-0.8850538840082492,-1.6325116659989423,-1.6325116659989423
SUNY at Stony Brook,No,12512,6969,1724,27,66,9744,1351,6550,4712,600,1200,91.0,96,10.5,7,13705,57,1.7861280513069961,1.6955832709555734,1.3090486278304696,0.20567765393688317,1.4298073318313318,0.9418685760030082,-0.9783947949995171,0.4497726389260374,-0.007646689375954711,1.2772512278910106,1.263654675854437,-0.9033411845194759,-1.4463049754933548,1.123134387300349,0.5569852941176471,Low,0,0,-1.0987972149572356,-1.6325116659989423,1.7861280513069957,1.6955832709555734,1.3090486278304692,0.20567765393688278,1.4298073318313322,0.9418685760030081,-0.9783947949995178,0.4497726389260378,-0.007646689375955717,1.2772512278910102,1.263654675854437,-0.9033411845194763,-1.4463049754933552,1.123134387300368,-1.3265157654844852,-1.6325116659989425,-1.6325116659989423,-1.326515765484486,-1.6325116659989423,-1.6325116659989423
SUNY College  at Brockport,No,7294,3564,904,7,34,5758,1363,6550,4460,500,705,79.0,83,19.0,14,6632,49,1.3416278088583682,1.0790213944444742,0.7161930363309519,-1.6457438988012263,1.0317055362992646,0.9482082559276224,-0.9783947949995171,-0.22914901677242944,-1.083724281271644,0.3305429069207441,0.09518189874570733,1.2224815695707842,-0.6263490551654358,-0.6668498699648215,0.48862078420619687,Low,0,0,-1.0987972149572356,-1.6325116659989423,1.3416278088583677,1.0790213944444742,0.7161930363309513,-1.6457438988012267,1.031705536299265,0.9482082559276223,-0.9783947949995178,-0.22914901677242913,-1.0837242812716452,0.33054290692074373,0.09518189874570722,1.2224815695707838,-0.6263490551654363,-0.6668498699648024,-1.6161537240013673,-1.6325116659989425,-1.6325116659989423,-1.6161537240013681,-1.6325116659989423,-1.6325116659989423
SUNY College  at Oswego,No,8000,4556,1464,17,70,6943,869,6550,4810,500,1500,69.0,85,22.0,21,5280,63,1.4189869087089504,1.3081727729139205,1.164511664651385,-0.5000085327852752,1.178625447833614,0.6316190134718619,-0.9783947949995171,-0.22914901677242944,0.4565936404384389,-0.3560631885270026,0.25719681074029643,1.8736343382931653,0.004942020606680277,-1.3907855846133559,0.5695,Low,0,0,-1.0987972149572356,-1.6325116659989423,1.41898690870895,1.3081727729139205,1.1645116646513844,-0.5000085327852757,1.1786254478336144,0.6316190134718618,-0.9783947949995178,-0.22914901677242913,0.4565936404384379,-0.35606318852700297,0.2571968107402963,1.8736343382931648,0.004942020606679884,-1.3907855846133368,-1.267329814088265,-1.6325116659989425,-1.6325116659989423,-1.2673298140882656,-1.6325116659989423,-1.6325116659989423
SUNY College at Buffalo,No,5318,3515,1025,8,29,7626,2091,6550,4040,550,1230,71.0,78,18.7,12,7511,42,1.0730663987085143,1.0659847048935192,0.836268204352713,-1.490473824946659,1.250046582990357,1.2608782309561501,-0.9783947949995171,0.12378880488361321,0.04334901104871166,-0.22617376518526458,-0.2828555413330692,1.1551135115319071,-0.8347120348951067,-0.3078087970049177,0.6609627679578789,Low,0,0,-1.0987972149572356,-1.6325116659989423,1.0730663987085138,1.0659847048935192,0.8362682043527124,-1.4904738249466594,1.2500465829903575,1.2608782309561501,-0.9783947949995178,0.12378880488361355,0.04334901104871065,-0.22617376518526494,-0.28285554133306934,1.1551135115319067,-0.8347120348951071,-0.3078087970048986,-0.7695234872403205,-1.6325116659989425,-1.6325116659989423,-0.7695234872403212,-1.6325116659989423,-1.6325116659989423
SUNY College at Cortland,No,7888,3519,1036,6,40,5011,346,6550,4680,630,1274,82.0,85,17.8,17,5563,53,1.4072156295051197,1.0670561927852293,0.8463640004466273,-1.8174726933497243,0.9186454607064306,0.02131875940995221,-0.9783947949995171,0.6341541487893395,0.11609703061197015,0.5546527948873138,0.25719681074029643,0.9503002630614447,-0.3398815888114029,-1.2170043185248165,0.44612068965517243,Low,0,0,-1.0987972149572356,-1.6325116659989423,1.4072156295051192,1.0670561927852293,0.8463640004466267,-1.8174726933497247,0.918645460706431,0.021318759409952138,-0.9783947949995178,0.63415414878934,0.11609703061196915,0.5546527948873134,0.2571968107402963,0.9503002630614442,-0.3398815888114033,-1.2170043185247974,-1.7699155091060543,-1.6325116659989425,-1.6325116659989423,-1.7699155091060552,-1.6325116659989423,-1.6325116659989423
SUNY College at Fredonia,No,4877,2798,814,13,48,4123,298,6550,4420,620,1481,82.0,90,16.3,10,6442,66,0.9983893250545446,0.8493222706818894,0.6141413492794909,-0.8748385657786061,0.7540086745384929,-0.07307896533856369,-0.9783947949995171,0.5735611068222635,0.42986615199478956,0.5546527948873138,0.6900649668386472,0.599273199975862,-1.060970526681064,-0.7542503546071325,0.5737133483698995,Low,0,0,-1.0987972149572356,-1.6325116659989423,0.9983893250545443,0.8493222706818895,0.6141413492794904,-0.8748385657786065,0.7540086745384933,-0.07307896533856376,-0.9783947949995178,0.5735611068222639,0.42986615199478856,0.5546527948873134,0.690064966838647,0.5992731999758616,-1.0609705266810645,-0.7542503546071134,-1.2469483037973628,-1.6325116659989425,-1.6325116659989423,-1.2469483037973634,-1.6325116659989423,-1.6325116659989423
SUNY College at Geneseo,No,8598,4562,1143,56,93,5060,146,6550,4170,600,650,79.0,84,19.1,25,5716,76,1.4789832550688502,1.3093902997484037,0.9385407753364112,1.4781382686650963,0.9266758276654425,-0.5070236655837428,-0.9783947949995171,0.4497726389260374,-1.244341330331405,0.3305429069207441,0.17540598418550252,1.2448403880402457,0.31770887154146105,-1.1286227253121397,0.5305885089555711,Low,0,0,-1.0987972149572356,-1.6325116659989423,1.4789832550688498,1.3093902997484037,0.9385407753364107,1.478138268665096,0.926675827665443,-0.5070236655837429,-0.9783947949995178,0.4497726389260378,-1.2443413303314061,0.33054290692074373,0.1754059841855024,1.2448403880402452,0.31770887154146066,-1.1286227253121206,-1.4449143137610798,-1.6325116659989425,-1.6325116659989423,-1.4449143137610805,-1.6325116659989423,-1.6325116659989423
SUNY College at New Paltz,No,8399,3609,656,19,53,4658,1478,6550,4240,550,1500,85.0,93,15.3,8,6608,53,1.4595290260600116,1.0908260119055124,0.3988419235764444,-0.337261774390416,0.857811721015716,1.0065052480644663,-0.9783947949995171,0.12378880488361321,0.4565936404384389,0.7871378673668015,0.9693375120855497,0.3579040707316264,-1.310419180097965,-0.6776757072031152,0.42969401119180856,Low,0,0,-1.0987972149572356,-1.6325116659989423,1.4595290260600111,1.0908260119055124,0.39884192357644377,-0.3372617743904164,0.8578117210157165,1.0065052480644663,-0.9783947949995178,0.12378880488361355,0.4565936404384379,0.7871378673668011,0.9693375120855496,0.357904070731626,-1.3104191800979654,-0.6776757072030961,-1.824426718518825,-1.6325116659989425,-1.6325116659989423,-1.8244267185188259,-1.6325116659989423,-1.6325116659989423
SUNY College at Plattsburgh,No,5549,3583,853,9,40,5004,475,6550,4176,600,1380,80.0,90,17.9,16,6174,65,1.109573046542769,1.084024911877522,0.6598886567434221,-1.348494791392716,0.9174904501148223,0.22578323134839048,-0.9783947949995171,0.4497726389260374,0.2822250195523527,0.4043159082560863,0.6900649668386472,0.9732634709368446,-0.4323290036172367,-0.884521494054423,0.6457019282753649,Low,0,0,-1.0987972149572356,-1.6325116659989423,1.1095730465427684,1.084024911877522,0.6598886567434216,-1.3484947913927166,0.9174904501148228,0.2257832313483904,-0.9783947949995178,0.4497726389260378,0.2822250195523517,0.40431590825608593,0.690064966838647,0.9732634709368442,-0.4323290036172371,-0.884521494054404,-0.8610500498775264,-1.6325116659989425,-1.6325116659989423,-0.8610500498775271,-1.6325116659989423,-1.6325116659989423
SUNY College at Potsdam,No,3150,2289,650,16,51,3598,234,6840,4660,500,1000,71.0,75,15.1,17,6436,59,0.6139625180520205,0.6557452045773284,0.3895139990086736,-0.5868962977653778,0.6347953120475305,-0.2232616093384413,-0.8828980591746408,-0.22914901677242944,-0.3813083118461038,-0.22617376518526458,-0.4916463924532397,0.3088698067143141,-0.3398815888114029,-0.757075033571806,0.7266666666666667,Low,0,0,-1.0987972149572356,-1.6325116659989423,0.6139625180520202,0.6557452045773285,0.389513999008673,-0.5868962977653782,0.6347953120475309,-0.22326160933844139,-0.8828980591746415,-0.22914901677242913,-0.3813083118461048,-0.22617376518526494,-0.4916463924532398,0.3088698067143137,-0.3398815888114033,-0.757075033571787,-0.33255243172651583,-1.6325116659989425,-1.6325116659989423,-0.33255243172651633,-1.6325116659989423,-1.6325116659989423
SUNY College at Purchase,No,2119,1264,390,5,33,2478,1441,6550,4760,1125,1362,80.0,100,14.9,8,8170,46,0.25448021117447805,0.06709485132035492,-0.15046482002917422,-2.0101834480079033,0.28955781306309514,0.9882150778934706,-0.9783947949995171,2.9153840652993837,0.25486667132741747,0.4043159082560863,1.6800113003699915,0.25957157781628776,-1.310419180097965,-0.07856445257115723,0.5965077866918358,Low,0,0,-1.0987972149572356,-1.6325116659989423,0.2544802111744777,0.06709485132035499,-0.1504648200291749,-2.0101834480079037,0.2895578130630956,0.9882150778934705,-0.9783947949995178,2.9153840652993845,0.25486667132741647,0.40431590825608593,1.6800113003699915,0.25957157781628737,-1.3104191800979654,-0.07856445257113816,-1.1325971447708307,-1.6325116659989425,-1.6325116659989423,-1.1325971447708314,-1.6325116659989423,-1.6325116659989423
Susquehanna University,Yes,2096,1512,465,27,59,1442,166,16130,4710,400,800,83.0,86,13.9,37,10554,90,0.24443615542569544,0.24725766545286093,0.04028635734099385,0.20567765393688317,-0.2646653510064492,-0.43099780182840153,1.332254610170322,-1.0388011424180428,-0.8318078970334455,0.6312170198691968,0.3405662242258264,0.008948736859618622,1.1257980885897985,0.5583132301697213,0.7213740458015268,High,2,1,1.8150779933081982,0.6125530498969481,0.24443615542569508,0.24725766545286101,0.04028635734099318,0.20567765393688278,-0.2646653510064488,-0.4309978018284016,1.3322546101703214,-1.0388011424180428,-0.8318078970334465,0.6312170198691964,0.3405662242258263,0.008948736859618205,1.125798088589798,0.5583132301697404,-0.37045826743258947,0.6125530498969479,0.612553049896948,-0.37045826743258997,0.6125530498969481,0.6125530498969483
Sweet Briar College,Yes,462,402,146,36,68,527,41,14500,6000,500,600,91.0,99,6.5,48,18953,61,-1.2273808659186818,-1.1392689856194627,-1.3155497874732165,0.683476302864234,-1.486831490233704,-1.2110331645966375,1.0204528707952358,-0.22914901677242944,-1.4016694654541817,1.2772512278910106,1.5733239615731247,-2.144198094957098,1.753076593954856,1.7214069664515457,0.8701298701298701,Medium,1,1,0.3581403891754813,0.6125530498969481,-1.2273808659186822,-1.1392689856194627,-1.3155497874732174,0.6834763028642336,-1.4868314902337036,-1.2110331645966375,1.0204528707952352,-0.22914901677242913,-1.4016694654541828,1.2772512278910102,1.5733239615731247,-2.1441980949570985,1.7530765939548556,1.7214069664515648,0.9008978148794055,0.6125530498969479,0.612553049896948,0.9008978148794052,0.6125530498969481,0.6125530498969483
Syracuse University,Yes,10477,7260,2442,28,67,10142,117,15150,6870,635,960,73.0,84,11.3,13,14231,67,1.6418595504131728,1.732264521036718,1.6048703041028827,0.26440143846515807,1.4582617164489458,-0.6360549970094623,1.1474215958931988,0.664136645408876,-0.4642818243896722,-0.09256994792772753,0.17540598418550252,-0.6792077728800088,-0.7285459060471434,1.198155806949118,0.6929464541376348,Medium,1,1,0.3581403891754813,0.6125530498969481,1.6418595504131723,1.732264521036718,1.6048703041028822,0.2644014384651577,1.4582617164489462,-0.6360549970094624,1.1474215958931981,0.6641366454088764,-0.4642818243896732,-0.0925699479277279,0.1754059841855024,-0.6792077728800092,-0.7285459060471439,1.1981558069491371,-0.565778344286341,0.6125530498969479,0.612553049896948,-0.5657783442863416,0.6125530498969481,0.6125530498969483
Tabor College,Yes,257,183,109,19,41,396,38,7850,3410,400,1500,55.0,70,10.0,15,7233,53,-1.8426241104101415,-2.0240110427153297,-1.6965895445429928,-0.337261774390416,-1.8855364574093967,-1.25035396304698,-0.5697046339613,-1.0388011424180428,0.4565936404384389,-1.161423662356272,-0.8106418143240208,-1.0468573563083918,-0.5277223720549751,-0.41405840627124463,0.7120622568093385,Low,0,1,-1.0987972149572356,0.6125530498969481,-1.842624110410142,-2.0240110427153297,-1.6965895445429937,-0.3372617743904164,-1.8855364574093962,-1.25035396304698,-0.5697046339613007,-1.0388011424180428,0.4565936404384379,-1.1614236623562724,-0.8106418143240209,-1.0468573563083923,-0.5277223720549755,-0.41405840627122553,-0.4359608082390855,0.6125530498969479,0.612553049896948,-0.43596080823908606,0.6125530498969481,0.6125530498969483
Talladega College,Yes,4414,1500,335,30,60,908,119,5666,2964,1000,1400,56.0,58,15.5,7,5970,46,0.911749773539316,0.23929220843890267,-0.319529999452776,0.3771313679720627,-0.7930504528824621,-0.6262719818435328,-1.2878503463017168,2.438259845296428,0.3122382660840021,-1.1099187310292482,-1.436985365837391,0.40667899640865135,-1.4463049754933548,-0.9896778494112125,0.33982782057091077,Low,0,1,-1.0987972149572356,0.6125530498969481,0.9117497735393156,0.23929220843890275,-0.3195299994527767,0.3771313679720623,-0.7930504528824617,-0.6262719818435329,-1.2878503463017175,2.438259845296429,0.3122382660840011,-1.1099187310292487,-1.436985365837391,0.40667899640865096,-1.4463049754933552,-0.9896778494111934,-2.079228346252657,0.6125530498969479,0.612553049896948,-2.0792283462526577,0.6125530498969481,0.6125530498969483
Taylor University,Yes,1769,1092,437,41,80,1757,81,10965,4000,450,1250,60.0,61,14.2,32,8294,98,0.08729754300627016,-0.08167469699416549,-0.02647577754680939,0.9095959481215096,-0.054761081226480636,-0.8444832209799878,0.2547184615280369,-0.6143252338289236,0.07671009872843897,-0.8946430399991983,-1.2980146652677276,0.0848788535167615,0.808539510579746,-0.03859657021989301,0.6172979084228377,Medium,1,1,0.3581403891754813,0.6125530498969481,0.08729754300626981,-0.08167469699416542,-0.02647577754681007,0.9095959481215091,-0.05476108122648018,-0.844483220979988,0.2547184615280362,-0.6143252338289233,0.07671009872843797,-0.8946430399991986,-1.2980146652677276,0.08487885351676108,0.8085395105797456,-0.03859657021987394,-1.0220875451771445,0.6125530498969479,0.612553049896948,-1.0220875451771452,0.6125530498969481,0.6125530498969483
Tennessee Wesleyan College,Yes,232,182,99,7,29,402,237,7070,3640,400,3158,59.0,65,8.9,16,6286,36,-1.9525967126095087,-2.0303333725124233,-1.8256678653120355,-1.6457438988012263,-1.8639350614080747,-0.21542926446429086,-0.8090340007881737,-1.0388011424180428,2.0619052526998116,-0.9498508314361171,-1.0947584403093151,-1.3728974215619376,-0.4323290036172367,-0.8290384615809254,0.7844827586206896,Low,0,1,-1.0987972149572356,0.6125530498969481,-1.9525967126095092,-2.0303333725124233,-1.8256678653120364,-1.6457438988012267,-1.8639350614080743,-0.21542926446429095,-0.8090340007881743,-1.0388011424180428,2.0619052526998107,-0.9498508314361175,-1.0947584403093151,-1.372897421561938,-0.4323290036172371,-0.8290384615809063,0.11489930610357918,0.6125530498969479,0.612553049896948,0.11489930610357878,0.6125530498969481,0.6125530498969483
Texas A&M Univ. at College Station,No,14474,10519,6392,49,85,31643,2798,5130,3412,600,2144,89.0,91,23.1,29,8471,69,1.9031183183546563,2.059989378261266,2.343485185227824,1.23000324536072,2.1707114013361504,1.4803831091866153,-1.4912476731641928,0.4497726389260374,1.215858493852514,1.1101537037083895,0.781503315639944,2.1030730059438842,0.605737985971725,0.016884245155311953,0.7267514163327345,Low,0,0,-1.0987972149572356,-1.6325116659989423,1.9031183183546558,2.059989378261266,2.3434851852278236,1.2300032453607195,2.170711401336151,1.4803831091866153,-1.4912476731641935,0.4497726389260378,1.215858493852513,1.110153703708389,0.7815033156399439,2.103073005943884,0.6057379859717246,0.016884245155331025,-0.33194143315309804,-1.6325116659989425,-1.6325116659989423,-0.33194143315309854,-1.6325116659989423,-1.6325116659989423
Texas A&M University at Galveston,No,529,481,243,22,47,1206,134,4860,3122,600,650,103.0,88,17.4,16,6415,43,-1.0889200890976196,-0.9440152787334315,-0.6897935251430694,-0.1160987382636973,-0.4625183781084204,-0.5573156950931971,-1.5990288497054017,0.4497726389260374,-1.244341330331405,2.3581665457148886,0.5120879513281108,0.8579148600429469,-0.4323290036172367,-0.7669934793481674,0.9092627599243857,Low,0,0,-1.0987972149572356,-1.6325116659989423,-1.08892008909762,-0.9440152787334314,-0.6897935251430701,-0.1160987382636977,-0.46251837810841995,-0.5573156950931972,-1.5990288497054024,0.4497726389260378,-1.2443413303314061,2.358166545714888,0.5120879513281107,0.8579148600429465,-0.4323290036172371,-0.7669934793481483,1.31454301895397,-1.6325116659989425,-1.6325116659989423,1.3145430189539697,-1.6325116659989423,-1.6325116659989423
Texas Christian University,Yes,4095,3079,1195,33,64,5064,660,8490,3320,650,2400,81.0,93,14.8,23,9158,64,0.84617440877805,0.9406315468251022,0.9798025955949674,0.5357381533712033,0.9273271782795183,0.44412646654155435,-0.3847569471430926,0.7528645357434074,1.4597946476206283,0.47901914729053885,0.9693375120855497,0.2348219920998793,0.16480224108923644,0.21634878365845625,0.7518925518925519,Low,0,1,-1.0987972149572356,0.6125530498969481,0.8461744087780496,0.9406315468251023,0.9798025955949669,0.5357381533712029,0.9273271782795187,0.4441264665415543,-0.38475694714309333,0.7528645357434078,1.4597946476206272,0.47901914729053846,0.9693375120855496,0.2348219920998789,0.16480224108923605,0.21634878365847532,-0.14498533028428848,0.6125530498969479,0.612553049896948,-0.14498533028428895,0.6125530498969481,0.6125530498969483
Texas Lutheran College,Yes,497,423,215,27,57,895,429,7850,3410,490,1700,54.0,58,13.8,24,7002,50,-1.152551337575268,-1.0836116774120672,-0.8358075264018134,0.20567765393688317,-0.8103979468644847,0.15943590698626692,-0.5697046339613,-0.303409250383206,0.7203603688354095,-1.2120034811518239,-1.436985365837391,-0.01650783055462927,0.24207061628816592,-0.5072551413067319,0.8511066398390342,Low,0,1,-1.0987972149572356,0.6125530498969481,-1.1525513375752685,-1.0836116774120672,-0.8358075264018142,0.20567765393688278,-0.8103979468644843,0.15943590698626683,-0.5697046339613007,-0.3034092503832057,0.7203603688354085,-1.2120034811518243,-1.436985365837391,-0.016507830554629687,0.24207061628816554,-0.5072551413067128,0.712646882322433,0.6125530498969479,0.612553049896948,0.7126468823224327,0.6125530498969481,0.6125530498969483
Texas Southern University,No,4345,3245,2604,15,85,5584,3101,7860,3360,600,1700,65.0,75,18.2,21,3605,10,0.8980067312281147,0.9904734156439525,1.6577092470555441,-0.6779904542213022,1.0070347462140303,1.5591974032254594,-0.5667400362452639,0.4497726389260374,0.7203603688354095,-0.6047051624414783,-0.4916463924532397,1.0418399737171882,0.004942020606680277,-2.821939372505698,0.7468354430379747,Low,0,0,-1.0987972149572356,-1.6325116659989423,0.8980067312281144,0.9904734156439526,1.6577092470555437,-0.6779904542213027,1.0070347462140308,1.5591974032254594,-0.5667400362452646,0.4497726389260378,0.7203603688354085,-0.6047051624414786,-0.4916463924532398,1.0418399737171877,0.004942020606679884,-2.8219393725056787,-0.1835160441422811,-1.6325116659989425,-1.6325116659989423,-0.18351604414228156,-1.6325116659989423,-1.6325116659989423
Texas Wesleyan University,Yes,592,501,279,19,44,1204,392,6400,3484,600,1800,80.0,83,14.5,10,7936,43,-0.9748958826492524,-0.9000112675710359,-0.5282504468415923,-0.337261774390416,-0.46439229132005255,0.10117979378303912,-1.0288827529671758,0.4497726389260374,0.8416278943466902,0.4043159082560863,0.09518189874570733,0.16016400330539635,-1.060970526681064,-0.15659682445081782,0.8462837837837838,Low,0,1,-1.0987972149572356,0.6125530498969481,-0.9748958826492528,-0.9000112675710358,-0.5282504468415931,-0.3372617743904164,-0.4643922913200521,0.10117979378303905,-1.0288827529671765,0.4497726389260378,0.8416278943466892,0.40431590825608593,0.09518189874570722,0.16016400330539593,-1.0609705266810645,-0.15659682445079876,0.6662064687473217,0.6125530498969479,0.612553049896948,0.6662064687473214,0.6125530498969481,0.6125530498969483
The Citadel,No,1500,1242,611,12,36,2024,292,7070,2439,400,779,95.0,94,17.1,17,7744,84,-0.06739719651701226,0.0493163136627488,0.32635246471600865,-0.9818731086748947,0.09005011947682816,-0.0858386164678227,-0.8090340007881737,-1.0388011424180428,-0.8850146458838831,1.6226316210808194,1.0657563528339236,0.7880549588848036,-0.3398815888114029,-0.22332328027796214,0.828,Low,0,0,-1.0987972149572356,-1.6325116659989423,-0.0673971965170126,0.04931631366274888,0.32635246471600804,-0.9818731086748952,0.09005011947682862,-0.08583861646782277,-0.8090340007881743,-1.0388011424180428,-0.8850146458838841,1.622631621080819,1.0657563528339236,0.7880549588848031,-0.3398815888114033,-0.22332328027794307,0.49475627798470073,-1.6325116659989425,-1.6325116659989423,0.4947562779847004,-1.6325116659989423,-1.6325116659989423
Thiel College,Yes,1154,951,253,15,31,791,140,11172,4958,700,1350,68.0,76,11.6,16,9186,60,-0.3171902761845416,-0.2236842805853324,-0.6422853417505403,-0.6779904542213022,-0.961253622543014,-0.5316804514483064,0.3037071309450128,1.0362571162148249,0.236441135041996,-0.4196154901574144,-0.42352364534226566,-0.5967914238632761,-0.4323290036172367,0.22398723858158978,0.8240901213171578,Medium,1,1,0.3581403891754813,0.6125530498969481,-0.31719027618454193,-0.22368428058533232,-0.6422853417505411,-0.6779904542213027,-0.9612536225430136,-0.5316804514483066,0.30370713094501206,1.0362571162148253,0.236441135041995,-0.4196154901574148,-0.4235236453422658,-0.5967914238632765,-0.4323290036172371,0.22398723858160885,0.4590243526755713,0.6125530498969479,0.612553049896948,0.45902435267557096,0.6125530498969481,0.6125530498969483
Tiffin University,Yes,845,734,254,5,21,662,351,7600,3800,600,1200,59.0,74,19.0,40,5096,39,-0.6203249208756821,-0.49341425179456455,-0.6376538414974815,-2.0101834480079033,-1.185953481483404,0.03045341282777448,-0.6446401376988145,0.4497726389260374,-0.007646689375954711,-0.9498508314361171,-0.558311349746167,1.2224815695707842,1.3055390172857926,-1.511682976342988,0.8686390532544379,Low,0,1,-1.0987972149572356,0.6125530498969481,-0.6203249208756825,-0.4934142517945645,-0.6376538414974823,-2.0101834480079037,-1.1859534814834036,0.030453412827774407,-0.6446401376988151,0.4497726389260378,-0.007646689375955717,-0.9498508314361175,-0.5583113497461671,1.2224815695707838,1.3055390172857921,-1.5116829763429689,0.8858488764748028,0.6125530498969479,0.612553049896948,0.8858488764748026,0.6125530498969481,0.6125530498969483
Transylvania University,Yes,759,729,244,57,81,867,51,10900,4450,500,1000,81.0,91,12.1,41,10219,70,-0.7263220086654892,-0.5005981241933966,-0.6849422329510908,1.5115579172644587,-0.84882719167615,-1.096303416295722,0.2392103164884853,-0.22914901677242944,-0.3813083118461038,0.47901914729053885,0.781503315639944,-0.4612920948206636,1.3638859589907049,0.4828614052159634,0.9604743083003953,Medium,1,1,0.3581403891754813,0.6125530498969481,-0.7263220086654896,-0.5005981241933964,-0.6849422329510916,1.5115579172644582,-0.8488271916761495,-1.096303416295722,0.23921031648848456,-0.22914901677242913,-0.3813083118461048,0.47901914729053846,0.7815033156399439,-0.46129209482066397,1.3638859589907044,0.4828614052159825,1.9129786627644974,0.6125530498969479,0.612553049896948,1.9129786627644974,0.6125530498969481,0.6125530498969483
Trenton State College,No,5042,2312,944,55,94,5167,902,5391,5411,700,1000,81.0,87,14.4,6,8504,81,1.0271481253524237,0.665448429486321,0.7578442416126899,1.4442444179862461,0.9438865465369778,0.6573677650729616,-1.3905461242873234,1.0362571162148249,-0.3813083118461038,0.47901914729053885,0.4255260215207906,0.13513949985508442,-1.5915826153084158,0.02703070882801127,0.45854819516065054,Low,0,0,-1.0987972149572356,-1.6325116659989423,1.0271481253524233,0.6654484294863211,0.7578442416126894,1.4442444179862457,0.9438865465369782,0.6573677650729615,-1.390546124287324,1.0362571162148253,-0.3813083118461048,0.47901914729053846,0.4255260215207905,0.135139499855084,-1.5915826153084163,0.027030708828030343,-1.7268938088230767,-1.6325116659989425,-1.6325116659989423,-1.7268938088230776,-1.6325116659989423,-1.6325116659989423
Tri-State University,Yes,1262,1102,276,14,40,978,98,9456,4350,468,1323,53.0,53,12.8,24,7603,65,-0.23143304681799368,-0.07235888288691741,-0.5407697449949702,-0.7737777547234982,-0.7045723295237635,-0.737407288429772,-0.12221063817140022,-0.4715495013915048,0.19442279303039836,-1.2616584368949362,-1.644016946781447,-0.27529199961519973,0.24207061628816592,-0.2739728503119074,0.873217115689382,Medium,1,1,0.3581403891754813,0.6125530498969481,-0.23143304681799404,-0.07235888288691734,-0.540769744994971,-0.7737777547234986,-0.704572329523763,-0.7374072884297721,-0.12221063817140095,-0.47154950139150453,0.19442279303039736,-1.2616584368949366,-1.644016946781447,-0.2752919996152001,0.24207061628816554,-0.2739728503118883,0.9322239229284879,0.6125530498969479,0.612553049896948,0.9322239229284877,0.6125530498969481,0.6125530498969483
Trinity College CT,Yes,3058,1798,478,46,84,1737,244,18810,5690,500,680,91.0,96,10.4,48,18034,91,0.5874455392055674,0.4193508198171979,0.06972351130966178,1.1150339710778354,-0.06667741765579485,-0.19749909529574408,1.8026940449803475,-0.22914901677242944,-1.1552393377686976,1.2772512278910106,1.263654675854437,-0.9318252596102692,1.753076593954856,1.6363732531118909,0.5879659908436887,High,2,1,1.8150779933081982,0.6125530498969481,0.5874455392055671,0.41935081981719796,0.06972351130966112,1.115033971077835,-0.0666774176557944,-0.19749909529574416,1.8026940449803468,-0.22914901677242913,-1.1552393377686987,1.2772512278910102,1.263654675854437,-0.9318252596102696,1.7530765939548556,1.63637325311191,-1.1762664091367774,0.6125530498969479,0.612553049896948,-1.176266409136778,0.6125530498969481,0.6125530498969483
Trinity College DC,Yes,247,189,100,19,49,309,639,11412,6430,500,900,89.0,93,8.3,37,11806,96,-1.8851797364962204,-1.9868331000605268,-1.8121018972546095,-0.337261774390416,-2.252219156898274,0.4223825646913933,0.35976476546580416,-0.22914901677242944,-0.5949489827396871,1.1101537037083895,0.9693375120855497,-1.5573448858410492,1.1257980885897985,0.8105060766588759,0.7651821862348178,Medium,1,1,0.3581403891754813,0.6125530498969481,-1.8851797364962208,-1.9868331000605268,-1.8121018972546103,-0.3372617743904164,-2.2522191568982737,0.42238256469139324,0.35976476546580344,-0.22914901677242913,-0.5949489827396881,1.110153703708389,0.9693375120855496,-1.5573448858410497,1.125798088589798,0.810506076658895,-0.041456857688021646,0.6125530498969479,0.612553049896948,-0.04145685768802209,0.6125530498969481,0.6125530498969483
Trinity College VT,Yes,222,185,91,16,41,484,541,11010,5208,550,500,58.0,78,10.4,26,9586,78,-2.000183599056364,-2.011475991973971,-1.9401824933004723,-0.5868962977653778,-1.6030019048292325,0.3113969716909649,0.26541952329351476,0.12378880488361321,-1.756532921293452,-1.004132554468048,-0.2828555413330692,-0.9318252596102692,0.3918121831278882,0.3293256310566352,0.8333333333333334,Medium,1,1,0.3581403891754813,0.6125530498969481,-2.0001835990563643,-2.011475991973971,-1.9401824933004732,-0.5868962977653782,-1.603001904829232,0.31139697169096486,0.26541952329351404,0.12378880488361355,-1.756532921293453,-1.0041325544680484,-0.28285554133306934,-0.9318252596102696,0.3918121831278878,0.3293256310566543,0.5440222435135513,0.6125530498969479,0.612553049896948,0.544022243513551,0.6125530498969481,0.6125530498969483
Trinity University,Yes,2425,1818,601,62,93,2110,95,12240,5150,500,490,94.0,96,9.6,20,14703,93,0.37796097520557387,0.43026905955684375,0.30940501391701886,1.6720322845414457,0.1317983704786549,-0.7550146929351397,0.5474189865574124,-0.22914901677242944,-1.7955568564298532,1.5348879805589812,1.263654675854437,-1.1637120187547967,-0.07789765626183243,1.2619239054976912,0.7496907216494846,Medium,1,1,0.3581403891754813,0.6125530498969481,0.37796097520557353,0.4302690595568438,0.30940501391701825,1.6720322845414453,0.13179837047865534,-0.7550146929351398,0.5474189865574117,-0.22914901677242913,-1.7955568564298543,1.5348879805589808,1.263654675854437,-1.1637120187547971,-0.07789765626183281,1.2619239054977103,-0.16181939158000366,0.6125530498969479,0.612553049896948,-0.16181939158000413,0.6125530498969481,0.6125530498969483
Tulane University,Yes,7033,5125,1223,47,75,4941,1534,19040,5950,350,800,98.0,98,9.1,21,16920,74,1.3109722502644556,1.4166023807409458,1.0011700030653408,1.1539956758627181,0.907005871222742,1.0334072561781558,1.840959733657562,-1.5123285343587667,-0.8318078970334455,1.8914587580049667,1.4683762334705521,-1.312495581586508,0.004942020606680277,1.5238753931464337,0.7287075216834921,High,2,1,1.8150779933081982,0.6125530498969481,1.3109722502644552,1.4166023807409458,1.0011700030653403,1.1539956758627177,0.9070058712227425,1.0334072561781558,1.8409597336575614,-1.5123285343587667,-0.8318078970334465,1.8914587580049662,1.4683762334705521,-1.3124955815865085,0.004942020606679884,1.5238753931464528,-0.3178036099249601,0.6125530498969479,0.612553049896948,-0.3178036099249606,0.6125530498969481,0.6125530498969483
Tusculum College,Yes,626,372,145,12,34,983,40,7700,3400,450,800,70.0,70,21.9,28,4933,52,-0.9186460779318318,-1.2244122482286015,-1.324322643197927,-0.9818731086748947,-0.6985494546781109,-1.2238465018477889,-0.61447440948251,-0.6143252338289236,-0.8318078970334455,-0.2915826792352699,-0.8106418143240208,1.8525435096748848,0.5357515534995189,-1.6245467664507112,0.5942492012779552,Low,0,1,-1.0987972149572356,0.6125530498969481,-0.9186460779318322,-1.2244122482286015,-1.3243226431979278,-0.9818731086748952,-0.6985494546781105,-1.2238465018477889,-0.6144744094825106,-0.6143252338289233,-0.8318078970334465,-0.2915826792352703,-0.8106418143240209,1.8525435096748843,0.5357515534995184,-1.624546766450692,-1.144240707111978,0.6125530498969479,0.612553049896948,-1.1442407071119787,0.6125530498969481,0.6125530498969483
Tuskegee University,Yes,2267,1827,611,20,59,2825,144,6735,3395,600,1425,70.0,74,12.2,7,10872,65,0.3164366392517963,0.4351404164767825,0.32635246471600865,-0.26074560260699386,0.41411423594055,-0.5151386977046785,-0.9171616460095295,0.4497726389260374,0.3492013481473054,-0.2915826792352699,-0.558311349746167,-0.43446218134192693,-1.4463049754933548,0.6265955580060729,0.8059108954565505,Low,0,1,-1.0987972149572356,0.6125530498969481,0.316436639251796,0.43514041647678253,0.32635246471600804,-0.26074560260699425,0.41411423594055047,-0.5151386977046786,-0.9171616460095302,0.4497726389260378,0.3492013481473044,-0.2915826792352703,-0.5583113497461671,-0.4344621813419273,-1.4463049754933552,0.626595558006092,0.2970963090180955,0.6125530498969479,0.612553049896948,0.2970963090180951,0.6125530498969481,0.6125530498969483
Union College KY,Yes,484,384,177,9,45,634,78,7800,2950,500,600,60.0,88,14.1,9,6864,64,-1.1796662385651215,-1.1895046015650756,-1.0734003496129112,-1.348494791392716,-1.2418263025085483,-0.8654616196426677,-0.5845649575677309,-0.22914901677242944,-1.4016694654541817,-0.8946430399991983,0.5120879513281108,0.05964138157856781,-1.18236541463741,-0.565226451299498,0.7933884297520661,Low,0,1,-1.0987972149572356,0.6125530498969481,-1.179666238565122,-1.1895046015650756,-1.073400349612912,-1.3484947913927166,-1.2418263025085479,-0.8654616196426678,-0.5845649575677315,-0.22914901677242913,-1.4016694654541828,-0.8946430399991986,0.5120879513281107,0.059641381578567396,-1.1823654146374105,-0.5652264512994789,0.18950314750314004,0.6125530498969479,0.612553049896948,0.18950314750313965,0.6125530498969481,0.6125530498969483
Union College NY,Yes,3495,1712,528,49,84,1915,123,18732,6204,450,1024,94.0,96,11.5,49,15411,88,0.7064842908525738,0.37087384683723124,0.17489891147716452,1.23000324536072,0.033917637705103615,-0.6071451283983669,1.7896472144954025,-0.6143252338289236,-0.33298732378307716,1.5348879805589812,1.263654675854437,-0.6241683558478293,1.806191872967965,1.3518736170430783,0.4898426323319027,High,2,1,1.8150779933081982,0.6125530498969481,0.7064842908525735,0.3708738468372313,0.17489891147716388,1.2300032453607195,0.03391763770510407,-0.607145128398367,1.7896472144954019,-0.6143252338289233,-0.33298732378307816,1.5348879805589808,1.263654675854437,-0.6241683558478297,1.8061918729679645,1.3518736170430974,-1.6114494136129378,0.6125530498969479,0.612553049896948,-1.6114494136129387,0.6125530498969481,0.6125530498969483
Univ. of Wisconsin at OshKosh,No,4800,2900,1515,14,48,7764,1472,6874,2394,518,1890,73.0,78,19.2,14,5901,56,0.9846090297629599,0.8835570206621228,1.1950935132835472,-0.7737777547234982,1.2635310378474665,1.0035678932686323,-0.8718772928848783,-0.09868479386129346,0.9455465671832195,-0.09256994792772753,-0.2828555413330692,1.2671511833654492,-0.6263490551654358,-1.0265088047331283,0.6041666666666666,Low,0,0,-1.0987972149572356,-1.6325116659989423,0.9846090297629596,0.8835570206621229,1.1950935132835467,-0.7737777547234986,1.263531037847467,1.0035678932686323,-0.8718772928848789,-0.09868479386129315,0.9455465671832185,-0.0925699479277279,-0.28285554133306934,1.2671511833654487,-0.6263490551654363,-1.0265088047331092,-1.0925903426103523,-1.6325116659989425,-1.6325116659989423,-1.092590342610353,-1.6325116659989423,-1.6325116659989423
University of Alabama at Birmingham,No,1797,1260,938,24,35,6960,4698,4440,5175,750,2200,96.0,96,6.7,16,16352,33,0.10192847731414997,0.06388712751708048,0.7517279489869523,0.018775285270126344,1.1805056611540152,1.884826713806209,-1.7748006516348211,1.302507133936391,1.271441718087908,1.7113078679607372,1.263654675854437,-2.07618960025174,-0.4323290036172367,1.4620114670934699,0.7011686143572621,Low,0,0,-1.0987972149572356,-1.6325116659989423,0.10192847731414963,0.06388712751708055,0.7517279489869517,0.018775285270125945,1.1805056611540157,1.884826713806209,-1.7748006516348218,1.3025071339363914,1.271441718087907,1.7113078679607368,1.263654675854437,-2.0761896002517406,-0.4323290036172371,1.462011467093489,-0.5106974283813004,-1.6325116659989425,-1.6325116659989423,-0.5106974283813009,-1.6325116659989423,-1.6325116659989423
University of Arkansas at Fayetteville,No,3235,3108,2133,25,65,9978,1530,5028,3300,500,2000,73.0,89,14.8,10,6820,39,0.6377333014878186,0.9495431389781395,1.491828941024628,0.08298682799864276,1.4467046333913736,1.0315156870259676,-1.5315167863930363,-0.22914901677242944,1.0665053144911143,-0.09256994792772753,0.6002637149158834,0.2348219920998793,-1.060970526681064,-0.5840894807241601,0.960741885625966,Low,0,0,-1.0987972149572356,-1.6325116659989423,0.6377333014878183,0.9495431389781396,1.4918289410246275,0.08298682799864236,1.446704633391374,1.0315156870259676,-1.531516786393037,-0.22914901677242913,1.0665053144911132,-0.0925699479277279,0.6002637149158833,0.2348219920998789,-1.0609705266810645,-0.584089480724141,1.9162843156986236,-1.6325116659989425,-1.6325116659989423,1.9162843156986236,-1.6325116659989423,-1.6325116659989423
University of California at Berkeley,No,19873,8252,3215,95,100,19532,2061,11648,6246,636,1933,93.0,97,15.8,10,13919,78,2.153425446109327,1.8464275571798343,1.8274254021400116,2.53127593336289,1.890198206003649,1.2501303643268982,0.4141378352738728,0.6701084182472429,0.9935879065646855,1.448076800235107,1.3651568927969056,0.479364912667751,-1.060970526681064,1.154183776157063,0.4152367533839883,Medium,1,0,0.3581403891754813,-1.6325116659989423,2.1534254461093267,1.8464275571798343,1.8274254021400111,2.5312759333628896,1.8901982060036495,1.2501303643268982,0.4141378352738721,0.6701084182472433,0.9935879065646845,1.4480768002351065,1.3651568927969056,0.4793649126677506,-1.0609705266810645,1.1541837761570821,-1.8702551393792632,-1.6325116659989425,-1.6325116659989423,-1.8702551393792641,-1.6325116659989423,-1.6325116659989423
University of California at Irvine,No,15698,10775,2478,85,100,12677,864,12024,5302,790,1818,96.0,96,16.1,11,15934,66,1.967774501022781,2.0809479448322405,1.616955742547212,2.2999608221542487,1.6123346965312253,0.6276400438170194,0.49929044492648017,1.5045756166543094,0.8627908626458604,1.7113078679607372,1.263654675854437,0.5514920012666231,-0.9453261344609437,1.414326488370125,0.6863931711045993,Medium,1,0,0.3581403891754813,-1.6325116659989423,1.9677745010227805,2.0809479448322405,1.6169557425472116,2.2999608221542482,1.6123346965312257,0.6276400438170193,0.49929044492647945,1.5045756166543098,0.8627908626458594,1.7113078679607368,1.263654675854437,0.5514920012666227,-0.9453261344609442,1.414326488370144,-0.6088745648066078,-1.6325116659989425,-1.6325116659989423,-0.6088745648066084,-1.6325116659989423,-1.6325116659989423
University of Central Florida,No,6986,2959,1918,25,60,12330,7152,6618,4234,700,1600,80.0,98,22.2,9,6742,46,1.305322265385048,0.902776228995302,1.401364787976088,0.08298682799864276,1.5935767398943135,2.2263159697257446,-0.9557569902061166,1.0362571162148249,0.5922966635947635,0.4043159082560863,1.4683762334705521,1.9156974608106905,-1.18236541463741,-0.6179940566254278,0.42356140853134844,Low,0,0,-1.0987972149572356,-1.6325116659989423,1.3053222653850476,0.9027762289953021,1.4013647879760875,0.08298682799864236,1.593576739894314,2.2263159697257446,-0.9557569902061173,1.0362571162148253,0.5922966635947625,0.40431590825608593,1.4683762334705521,1.91569746081069,-1.1823654146374105,-0.6179940566254087,-1.8441079628873724,-1.6325116659989425,-1.6325116659989423,-1.8441079628873733,-1.6325116659989423,-1.6325116659989423
University of Charleston,Yes,682,535,204,22,43,771,611,9500,3540,400,750,26.0,58,2.5,10,7683,57,-0.8327822787164461,-0.829345092319607,-0.8992798745712642,-0.1160987382636973,-0.9930415128967993,0.3923530917177533,-0.11068057181604922,-1.0388011424180428,-0.960715953306189,-2.2538107807818113,-1.436985365837391,-3.73098471270631,-1.060970526681064,-0.2450595203429534,0.7844574780058651,Medium,1,1,0.3581403891754813,0.6125530498969481,-0.8327822787164464,-0.8293450923196068,-0.899279874571265,-0.1160987382636977,-0.9930415128967989,0.39235309171775323,-0.11068057181604994,-1.0388011424180428,-0.96071595330619,-2.2538107807818117,-1.436985365837391,-3.7309847127063103,-1.0609705266810645,-0.24505952034293432,0.11468976258220408,0.6125530498969479,0.612553049896948,0.11468976258220367,0.6125530498969481,0.6125530498969483
University of Chicago,Yes,6348,2999,922,68,94,3340,39,18930,6380,500,1254,75.0,99,5.3,36,36854,90,1.2243205735705334,0.9155743978638234,0.7351942999443493,1.8516207702243794,0.5681489235682341,-1.2369487718527052,1.8226968660091545,-0.22914901677242944,0.08332295326461239,0.0447497870211825,1.5733239615731247,-2.5699753770791163,1.0642129526815685,2.6636874804643904,0.47243226212980466,High,2,1,1.8150779933081982,0.6125530498969481,1.224320573570533,0.9155743978638236,0.7351942999443487,1.851620770224379,0.5681489235682345,-1.2369487718527052,1.8226968660091538,-0.22914901677242913,0.0833229532646114,0.04474978702118213,1.5733239615731247,-2.5699753770791167,1.064212952681568,2.6636874804644095,-1.6769561788618654,0.6125530498969479,0.612553049896948,-1.6769561788618663,0.6125530498969481,0.6125530498969483
University of Cincinnati,No,6855,5553,2408,26,57,11036,2011,8907,4697,556,1851,89.0,95,10.8,6,13889,54,1.2893564521120173,1.4899903965198695,1.5932656228117485,0.14524475095617614,1.5174905946073614,1.2318954518240166,-0.2691334998337089,0.16424031638708458,0.9010904851219897,1.1101537037083895,1.1638582779526243,-0.8185247945859512,-1.5915826153084158,1.149875567119474,0.8100656455142232,Medium,1,0,0.3581403891754813,-1.6325116659989423,1.2893564521120169,1.4899903965198695,1.593265622811748,0.14524475095617576,1.5174905946073618,1.2318954518240166,-0.2691334998337096,0.16424031638708494,0.9010904851219887,1.110153703708389,1.1638582779526243,-0.8185247945859516,-1.5915826153084163,1.1498755671194931,0.3334995952929532,-1.6325116659989425,-1.6325116659989423,0.3334995952929528,-1.6325116659989423,-1.6325116659989423
University of Connecticut at Storrs,No,9735,7187,2064,23,63,12478,1660,11656,5072,700,2300,89.0,95,16.0,16,10178,71,1.5816053972862658,1.7232125348561596,1.4639901329509781,-0.04753313995778422,1.6016550204767717,1.0907982421237532,0.41596825427537626,1.0362571162148249,1.3675153286527078,1.1101537037083895,1.1638582779526243,0.5275108544518977,-0.4323290036172367,0.4733647284727083,0.7382639958911146,Medium,1,0,0.3581403891754813,-1.6325116659989423,1.5816053972862654,1.7232125348561596,1.4639901329509777,-0.04753313995778462,1.601655020476772,1.0907982421237532,0.41596825427537554,1.0362571162148253,1.3675153286527066,1.110153703708389,1.1638582779526243,0.5275108544518973,-0.4323290036172371,0.47336472847272737,-0.24775177818956792,-1.6325116659989425,-1.6325116659989423,-0.24775177818956842,-1.6325116659989423,-1.6325116659989423
University of Dallas,Yes,681,588,246,44,74,1058,73,10760,6230,500,1200,85.0,93,13.4,26,8731,63,-0.8342483319032635,-0.7282390782420975,-0.6753079950566357,1.0350695150852658,-0.6124504419855001,-0.9021008229086369,0.20560060695993532,-0.22914901677242944,-0.007646689375954711,0.7871378673668015,0.9693375120855497,-0.11908588055207388,0.3918121831278882,0.09521636155754258,0.8634361233480177,Medium,1,1,0.3581403891754813,0.6125530498969481,-0.8342483319032639,-0.7282390782420974,-0.6753079950566365,1.0350695150852653,-0.6124504419854997,-0.902100822908637,0.2056006069599346,-0.22914901677242913,-0.007646689375955717,0.7871378673668011,0.9693375120855496,-0.1190858805520743,0.3918121831278878,0.09521636155756165,0.8337255790427982,0.6125530498969479,0.612553049896948,0.833725579042798,0.6125530498969481,0.6125530498969483
University of Dayton,Yes,6361,5293,1507,26,51,5889,665,11380,4220,500,900,75.0,85,14.8,25,8894,93,1.22605689395064,1.4461642259607494,1.1903757305626559,0.14524475095617614,1.0496871867265254,0.4492104175421469,0.3523354460561669,-0.22914901677242944,-0.5949489827396871,0.0447497870211825,0.25719681074029643,0.2348219920998793,0.31770887154146105,0.14251422422668306,0.8321018707750354,Medium,1,1,0.3581403891754813,0.6125530498969481,1.2260568939506395,1.4461642259607494,1.1903757305626554,0.14524475095617576,1.0496871867265258,0.44921041754214686,0.3523354460561662,-0.22914901677242913,-0.5949489827396881,0.04474978702118213,0.2571968107402963,0.2348219920998789,0.31770887154146066,0.14251422422670212,0.532592694169383,0.6125530498969479,0.612553049896948,0.5325926941693827,0.6125530498969481,0.6125530498969483
University of Delaware,Yes,14446,10516,3252,22,57,14130,4522,10220,4230,530,1300,75.0,87,18.3,15,10650,75,1.9015713466346928,2.059740545248339,1.8364800394506586,-0.1160987382636973,1.684585676206881,1.8544081335001323,0.07320298377346605,-0.013888070295108445,0.1579982604829097,0.0447497870211825,0.4255260215207906,1.0645957340584027,-0.5277223720549751,0.5792578446676955,0.7279523743596843,Medium,1,1,0.3581403891754813,0.6125530498969481,1.9015713466346924,2.059740545248339,1.8364800394506582,-0.1160987382636977,1.6845856762068814,1.8544081335001323,0.07320298377346533,-0.013888070295108126,0.15799826048290871,0.04474978702118213,0.4255260215207905,1.0645957340584022,-0.5277223720549755,0.5792578446677146,-0.3232695081385387,0.6125530498969479,0.612553049896948,-0.3232695081385392,0.6125530498969481,0.6125530498969483
University of Denver,Yes,2974,2001,580,29,60,2666,554,15192,4695,400,1350,84.0,91,15.9,21,11762,67,0.5624755782755502,0.5245794989826329,0.27273071314781616,0.32152095127645364,0.3594994144495422,0.3271279596857492,1.15550161556756,-1.0388011424180428,0.236441135041996,0.7087119890670915,0.781503315639944,0.5034686642441683,0.004942020606680277,0.8023506649084207,0.6728312037659717,Medium,1,1,0.3581403891754813,0.6125530498969481,0.5624755782755498,0.524579498982633,0.27273071314781555,0.32152095127645325,0.35949941444954264,0.32712795968574915,1.1555016155675593,-1.0388011424180428,0.236441135041995,0.7087119890670912,0.7815033156399439,0.5034686642441678,0.004942020606679884,0.8023506649084398,-0.6958352315281151,0.6125530498969479,0.612553049896948,-0.6958352315281157,0.6125530498969481,0.6125530498969483
University of Detroit Mercy,Yes,927,731,415,24,50,2149,2217,11130,3996,600,2166,75.0,79,13.5,14,10891,51,-0.5295221961953214,-0.4977182736381595,-0.08249310796137632,0.018775285270126344,0.150052612537252,1.3045335753697795,0.2938159246971027,0.4497726389260374,1.2378533646656307,0.0447497870211825,-0.21028570541136532,-0.09332712383236806,-0.6263490551654358,0.6305777184696573,0.7885652642934197,Medium,1,1,0.3581403891754813,0.6125530498969481,-0.5295221961953217,-0.49771827363815946,-0.08249310796137702,0.018775285270125945,0.15005261253725244,1.3045335753697795,0.293815924697102,0.4497726389260378,1.2378533646656296,0.04474978702118213,-0.21028570541136543,-0.09332712383236848,-0.6263490551654363,0.6305777184696764,0.1489035178181696,0.6125530498969479,0.612553049896948,0.14890351781816918,0.6125530498969481,0.6125530498969483
University of Dubuque,Yes,576,558,137,11,39,662,131,10430,3620,400,1500,85.0,98,16.5,18,8767,45,-1.0025767922234354,-0.7842106516825832,-1.3971079459704356,-1.095737735489672,-1.185953481483404,-0.5705263683871301,0.1252247477849954,-1.0388011424180428,0.4565936404384389,0.7871378673668015,1.4683762334705521,0.646816259628484,-0.2501326687269887,0.10577912151392237,0.96875,Medium,1,1,0.3581403891754813,0.6125530498969481,-1.0025767922234359,-0.7842106516825831,-1.3971079459704365,-1.0957377354896725,-1.1859534814834036,-0.5705263683871302,0.12522474778499468,-1.0388011424180428,0.4565936404384379,0.7871378673668011,1.4683762334705521,0.6468162596284835,-0.2501326687269891,0.10577912151394143,2.016105829994624,0.6125530498969479,0.612553049896948,2.016105829994624,0.6125530498969481,0.6125530498969483
University of Evansville,Yes,2096,1626,694,35,67,2551,407,11800,4340,700,960,60.0,81,15.8,26,7780,77,0.24443615542569544,0.3197187615989919,0.4557189259362495,0.635335268105144,0.31746090472414457,0.12537760208846563,0.4487755975664263,1.0362571162148249,-0.4642818243896722,-0.8946430399991983,-0.06061368145330422,0.479364912667751,0.3918121831278882,-0.2106188342546954,0.7757633587786259,Medium,1,1,0.3581403891754813,0.6125530498969481,0.24443615542569508,0.31971876159899193,0.4557189259362489,0.6353352681051435,0.317460904724145,0.12537760208846555,0.4487755975664256,1.0362571162148253,-0.4642818243896732,-0.8946430399991986,-0.060613681453304334,0.4793649126677506,0.3918121831278878,-0.21061883425467634,0.04336928604352167,0.6125530498969479,0.612553049896948,0.04336928604352124,0.6125530498969481,0.6125530498969483
University of Florida,No,12445,8836,3623,54,85,24470,3286,7090,4180,630,1530,88.0,97,13.4,20,14737,66,1.7817917643595245,1.9069590015707838,1.921171815753443,1.4098609855660795,2.024950217051034,1.6039236178377583,-0.802686074163714,0.6341541487893395,0.49816321409084025,1.0280025774963892,1.3651568927969056,-0.11908588055207388,-0.07789765626183243,1.2663953912642254,0.7100040176777822,Low,0,0,-1.0987972149572356,-1.6325116659989423,1.781791764359524,1.9069590015707838,1.9211718157534425,1.409860985566079,2.0249502170510345,1.6039236178377583,-0.8026860741637146,0.63415414878934,0.49816321409083925,1.0280025774963888,1.3651568927969056,-0.1190858805520743,-0.07789765626183281,1.2663953912642445,-0.450236804277317,-1.6325116659989425,-1.6325116659989423,-0.45023680427731755,-1.6325116659989423,-1.6325116659989423
University of Georgia,No,11220,7871,3320,43,79,19553,2748,5697,3600,525,1755,88.0,95,14.7,22,7881,63,1.6977692622180636,1.804411574256008,1.8528144651065177,0.9940119830251011,1.890856603956204,1.4666332915007385,-1.2764807400037854,-0.04901447100702777,0.7878504335676628,1.0280025774963892,1.1638582779526243,0.21000461555961872,0.08579840488433134,-0.1754547273199305,0.7015151515151515,Low,0,0,-1.0987972149572356,-1.6325116659989423,1.6977692622180631,1.804411574256008,1.8528144651065173,0.9940119830251006,1.8908566039562045,1.4666332915007385,-1.276480740003786,-0.04901447100702746,0.7878504335676618,1.0280025774963888,1.1638582779526243,0.2100046155596183,0.08579840488433095,-0.17545472731991144,-0.5083510303637532,-1.6325116659989425,-1.6325116659989423,-0.5083510303637537,-1.6325116659989423,-1.6325116659989423
University of Hartford,Yes,5081,4040,1194,11,26,3768,1415,14220,6000,500,1440,61.0,76,10.7,9,10625,66,1.0337980725911897,1.1964980633519433,0.979028801285381,-1.095737735489672,0.6756026498611364,0.9751040826115818,0.9646053730092705,-0.22914901677242944,0.37109196117654986,-0.8385089510035679,-0.42352364534226566,-0.8466922550814785,-1.18236541463741,0.5738316354121084,0.7951190710490061,Medium,1,1,0.3581403891754813,0.6125530498969481,1.0337980725911893,1.1964980633519433,0.9790288012853804,-1.0957377354896725,0.6756026498611368,0.9751040826115817,0.9646053730092699,-0.22914901677242913,0.37109196117654886,-0.8385089510035683,-0.4235236453422658,-0.8466922550814789,-1.1823654146374105,0.5738316354121274,0.20418433501555722,0.6125530498969479,0.612553049896948,0.20418433501555683,0.6125530498969481,0.6125530498969483
University of Hawaii at Manoa,No,3580,2603,1627,36,69,11028,2411,4460,3038,687,1281,85.0,87,11.8,6,12833,54,0.727775608259053,0.7799900550108804,1.2582686294171987,0.683476302864234,1.5169868292959992,1.3675059728958405,-1.7661885099466064,0.9643180315206726,0.12745547594797701,0.7871378673668015,0.4255260215207906,-0.5423177327277025,-1.5915826153084158,0.9884517511719835,0.7270949720670391,Low,0,0,-1.0987972149572356,-1.6325116659989423,0.7277756082590526,0.7799900550108805,1.2582686294171983,0.6834763028642336,1.5169868292959996,1.3675059728958405,-1.766188509946607,0.9643180315206731,0.12745547594797602,0.7871378673668011,0.4255260215207905,-0.5423177327277029,-1.5915826153084163,0.9884517511720026,-0.32946328221801363,-1.6325116659989425,-1.6325116659989423,-0.32946328221801413,-1.6325116659989423,-1.6325116659989423
University of Illinois - Urbana,No,14939,11652,5705,52,88,25422,911,7560,4574,500,1982,87.0,90,17.4,13,8559,81,1.9283494026715642,2.148906933837397,2.261883113158097,1.3395598524165766,2.0471151669440006,0.6642408115011756,-0.6567794366897636,-0.22914901677242944,1.0471405074520714,0.9467830013589739,0.6900649668386472,0.8579148600429469,-0.7285459060471434,0.04380722713906995,0.7799718856683847,Low,0,0,-1.0987972149572356,-1.6325116659989423,1.9283494026715637,2.148906933837397,2.2618831131580968,1.3395598524165762,2.047115166944001,0.6642408115011755,-0.6567794366897642,-0.22914901677242913,1.0471405074520703,0.9467830013589735,0.690064966838647,0.8579148600429465,-0.7285459060471439,0.043807227139089015,0.07770870509246328,-1.6325116659989425,-1.6325116659989423,0.07770870509246286,-1.6325116659989423,-1.6325116659989423
University of Illinois at Chicago,No,8384,5727,2710,22,50,13518,2916,7230,5088,630,3228,82.0,84,10.0,6,13883,34,1.458042618993912,1.518110684812246,1.690266392485721,-0.1160987382636973,1.6553113383114624,1.511962916713731,-0.7585766212972657,0.6341541487893395,2.1105264010085207,0.5546527948873138,0.17540598418550252,-1.0468573563083918,-1.5915826153084158,1.1490122025854412,0.6830868320610687,Low,0,0,-1.0987972149572356,-1.6325116659989423,1.4580426189939115,1.518110684812246,1.6902663924857206,-0.1160987382636977,1.6553113383114628,1.511962916713731,-0.7585766212972663,0.63415414878934,2.11052640100852,0.5546527948873134,0.1754059841855024,-1.0468573563083923,-1.5915826153084163,1.1490122025854603,-0.6303501491326662,-1.6325116659989425,-1.6325116659989423,-0.6303501491326667,-1.6325116659989423,-1.6325116659989423
University of Indianapolis,Yes,1487,1276,388,26,51,1417,1646,11120,4080,525,1405,55.0,56,11.1,23,6735,69,-0.07561236898082495,0.07665327254331868,-0.15611861153940693,0.14524475095617614,-0.2836867738121685,1.084621885694457,0.2914572626128412,-0.04901447100702777,0.31967951816857043,-1.161423662356272,-1.5234179245724684,-0.7346353504225267,0.16480224108923644,-0.6210663571686103,0.8581035642232683,Medium,1,1,0.3581403891754813,0.6125530498969481,-0.0756123689808253,0.07665327254331875,-0.15611861153940762,0.14524475095617576,-0.28368677381216806,1.084621885694457,0.2914572626128405,-0.04901447100702746,0.31967951816856943,-1.1614236623562724,-1.5234179245724684,-0.7346353504225271,0.16480224108923605,-0.6210663571685912,0.7809400819968505,0.6125530498969479,0.612553049896948,0.7809400819968503,0.6125530498969481,0.6125530498969483
University of Kansas,No,8579,5561,3681,25,50,17880,1673,6994,3384,700,2681,88.0,94,13.7,17,9657,57,1.4771467969722905,1.4913038452985423,1.9335023973629888,0.08298682799864276,1.835517487791735,1.0964909665604814,-0.8332642818891117,1.0362571162148249,1.7012232881562848,1.0280025774963892,1.0657563528339236,-0.042038843535126456,-0.3398815888114029,0.3473168572517793,0.6482107471733303,Low,0,0,-1.0987972149572356,-1.6325116659989423,1.47714679697229,1.4913038452985423,1.9335023973629883,0.08298682799864236,1.8355174877917355,1.0964909665604814,-0.8332642818891124,1.0362571162148253,1.7012232881562837,1.0280025774963888,1.0657563528339236,-0.04203884353512687,-0.3398815888114033,0.3473168572517984,-0.8462486409424496,-1.6325116659989425,-1.6325116659989423,-0.8462486409424502,-1.6325116659989423,-1.6325116659989423
University of La Verne,Yes,1597,969,226,16,38,1431,1522,13540,5050,630,2298,75.0,68,14.1,23,10139,47,-0.008411380947469065,-0.20434424677865815,-0.7759682850486828,-0.5868962977653778,-0.2729848613755156,1.0277189568794733,0.8258995931197131,0.6341541487893395,1.36563210001419,0.0447497870211825,-0.9283850943804479,0.05964138157856781,0.16480224108923644,0.464276385787579,0.606762680025047,Medium,1,1,0.3581403891754813,0.6125530498969481,-0.008411380947469412,-0.20434424677865806,-0.7759682850486835,-0.5868962977653782,-0.27298486137551514,1.0277189568794733,0.8258995931197124,0.63415414878934,1.3656321000141889,0.04474978702118213,-0.928385094380448,0.059641381578567396,0.16480224108923605,0.4642763857875981,-1.0788448501114056,0.6125530498969479,0.612553049896948,-1.0788448501114063,0.6125530498969481,0.6125530498969483
University of Louisville,No,4777,3057,1823,16,33,9844,6198,6540,3600,530,2440,84.0,92,11.1,24,10207,31,0.9804467709720546,0.9338109075230321,1.3575784427344355,-0.5868962977653778,1.4370883161400412,2.108593983196221,-0.9817368862427296,-0.013888070295108445,1.495712131079676,0.7087119890670915,0.8745903245365926,-0.7346353504225267,0.24207061628816592,0.48008798099940114,0.6399413858069918,Low,0,0,-1.0987972149572356,-1.6325116659989423,0.9804467709720542,0.9338109075230322,1.357578442734435,-0.5868962977653782,1.4370883161400416,2.108593983196221,-0.9817368862427303,-0.013888070295108126,1.4957121310796748,0.7087119890670912,0.8745903245365925,-0.7346353504225271,0.24207061628816554,0.48008798099942024,-0.8946757531563906,-1.6325116659989425,-1.6325116659989423,-0.8946757531563913,-1.6325116659989423,-1.6325116659989423
University of Maine at Farmington,No,1208,803,438,20,48,1906,344,6810,3970,450,1647,67.0,75,15.9,26,5712,59,-0.27328317428933774,-0.3993009305154649,-0.024007291919595865,-0.26074560260699386,0.02910941699394846,0.01763117179595542,-0.8926521896014928,-0.6143252338289236,0.653383129491561,-0.4822397840169151,-0.4916463924532397,0.5034686642441683,0.3918121831278882,-1.130886785289947,0.6647350993377483,Low,0,0,-1.0987972149572356,-1.6325116659989423,-0.27328317428933807,-0.39930093051546484,-0.024007291919596545,-0.26074560260699425,0.02910941699394892,0.017631171795955348,-0.8926521896014935,-0.6143252338289233,0.65338312949156,-0.4822397840169155,-0.4916463924532398,0.5034686642441678,0.3918121831278878,-1.1308867852899278,-0.7463427931481025,-1.6325116659989425,-1.6325116659989423,-0.746342793148103,-1.6325116659989423,-1.6325116659989423
University of Maine at Machias,No,441,369,172,17,45,633,317,6600,3680,600,400,46.0,46,15.1,4,5935,64,-1.2752541931535728,-1.233327105823193,-1.108997895324639,-0.5000085327852752,-1.243877090448947,-0.034163028877506746,-0.9617344230801961,0.4497726389260374,-2.184287331771188,-1.5833689090580605,-1.8851328086857293,0.3088698067143141,-1.9198799308640517,-1.0082776875391843,0.8367346938775511,Low,0,0,-1.0987972149572356,-1.6325116659989423,-1.2752541931535732,-1.233327105823193,-1.10899789532464,-0.5000085327852757,-1.2438770904489465,-0.03416302887750682,-0.9617344230801967,0.4497726389260378,-2.184287331771189,-1.583368909058061,-1.8851328086857293,0.3088698067143137,-1.9198799308640522,-1.0082776875391652,0.5757607885988538,-1.6325116659989425,-1.6325116659989423,0.5757607885988535,-1.6325116659989423,-1.6325116659989423
University of Maine at Presque Isle,No,461,381,235,10,40,974,503,6600,3630,400,1675,67.0,67,15.2,11,6408,35,-1.2296072235823068,-1.1981211994987153,-0.7294512757800803,-1.2174962818199055,-0.7094177072200417,0.26335231034735307,-0.9617344230801961,-1.0388011424180428,0.6890119935231996,-0.4822397840169151,-0.9851956007117693,0.3334196419182193,-0.9453261344609437,-0.7703107634804228,0.8264642082429501,Low,0,0,-1.0987972149572356,-1.6325116659989423,-1.2296072235823072,-1.1981211994987153,-0.7294512757800811,-1.217496281819906,-0.7094177072200413,0.263352310347353,-0.9617344230801967,-1.0388011424180428,0.6890119935231986,-0.4822397840169155,-0.9851956007117694,0.33341964191821893,-0.9453261344609442,-0.7703107634804037,0.4806821649969043,-1.6325116659989425,-1.6325116659989423,0.48068216499690397,-1.6325116659989423,-1.6325116659989423
University of Maryland at Baltimore County,No,4269,2594,985,27,57,6476,2592,8594,4408,494,2768,82.0,88,18.4,6,7618,55,0.882595686674118,0.7766571252763991,0.7984720047727906,0.20567765393688317,1.1246645608231334,1.4222140973172315,-0.3555772558250807,-0.2735479777525145,1.7712246659730886,0.5546527948873138,0.5120879513281108,1.0873005949977204,-1.5915826153084158,-0.26851594757468455,0.6076364488170531,Low,0,0,-1.0987972149572356,-1.6325116659989423,0.8825956866741177,0.7766571252763992,0.79847200477279,0.20567765393688278,1.1246645608231338,1.4222140973172315,-0.35557725582508143,-0.2735479777525142,1.7712246659730875,0.5546527948873134,0.5120879513281107,1.08730059499772,-1.5915826153084163,-0.26851594757466546,-1.0741971517976985,-1.6325116659989425,-1.6325116659989423,-1.0741971517976991,-1.6325116659989423,-1.6325116659989423
University of Maryland at College Park,No,14292,10315,3409,22,53,19340,3991,8723,5146,550,1550,89.0,92,18.1,12,9021,63,1.893005049313733,2.0428933495138826,1.8736182273317372,-0.1160987382636973,1.8841382471308021,1.7555906862480617,-0.31970376244633714,0.12378880488361321,0.5254588977321721,1.1101537037083895,0.8745903245365926,1.0190329338711737,-0.8347120348951067,0.17844908185373703,0.7217324377273999,Low,0,0,-1.0987972149572356,-1.6325116659989423,1.8930050493137325,2.0428933495138826,1.8736182273317368,-0.1160987382636977,1.8841382471308026,1.7555906862480617,-0.31970376244633786,0.12378880488361355,0.5254588977321711,1.110153703708389,0.8745903245365925,1.0190329338711732,-0.8347120348951071,0.1784490818537561,-0.36790700909350643,-1.6325116659989425,-1.6325116659989423,-0.36790700909350693,-1.6325116659989423,-1.6325116659989423
University of Massachusetts at Amherst,No,14438,12414,3816,12,39,16282,1940,8566,3897,500,1400,88.0,92,16.7,15,10276,68,1.9011287633880336,2.203650303809905,1.9613532930234776,-0.9818731086748947,1.7764178518634992,1.2052769549461093,-0.36341040283366766,-0.22914901677242944,0.3122382660840021,1.0280025774963892,0.8745903245365926,0.6941250685837765,-0.5277223720549751,0.4959668890509896,0.8598143787228147,Low,0,0,-1.0987972149572356,-1.6325116659989423,1.9011287633880332,2.203650303809905,1.9613532930234772,-0.9818731086748952,1.7764178518634997,1.2052769549461093,-0.3634104028336684,-0.22914901677242913,0.3122382660840011,1.0280025774963888,0.8745903245365925,0.6941250685837761,-0.5277223720549755,0.4959668890510087,0.7978051187988434,-1.6325116659989425,-1.6325116659989423,0.7978051187988432,-1.6325116659989423,-1.6325116659989423
University of Massachusetts at Dartmouth,No,3347,2597,1006,10,37,4664,1630,6919,4500,500,1250,74.0,90,15.0,20,7462,56,0.668050949020201,0.777769474797168,0.8185316019995404,-1.2174962818199055,0.8588921989333536,1.0775041506077434,-0.8573459084575638,-0.22914901677242944,0.07671009872843897,-0.024374663811267006,0.6900649668386472,0.28425398250735084,-0.07789765626183243,-0.3260922095541531,0.775918733193905,Low,0,0,-1.0987972149572356,-1.6325116659989423,0.6680509490202007,0.7777694747971681,0.8185316019995399,-1.217496281819906,0.858892198933354,1.0775041506077434,-0.8573459084575644,-0.22914901677242913,0.07671009872843797,-0.02437466381126737,0.690064966838647,0.28425398250735046,-0.07789765626183281,-0.326092209554134,0.044630942014956036,-1.6325116659989425,-1.6325116659989423,0.044630942014955606,-1.6325116659989423,-1.6325116659989423
University of Miami,Yes,7122,5386,1643,42,69,7760,876,16500,6526,630,1985,82.0,94,5.9,17,17500,59,1.3215609538916042,1.4621000733941876,1.266882092489218,0.9521981331052524,1.2631443087420122,0.637154595438498,1.400117480534579,0.6341541487893395,1.050379258693573,0.5546527948873138,1.0657563528339236,-2.3530808071033067,-0.3398815888114029,1.5838257763539836,0.7562482448750351,High,2,1,1.8150779933081982,0.6125530498969481,1.3215609538916038,1.4621000733941876,1.2668820924892175,0.9521981331052519,1.2631443087420127,0.6371545954384978,1.4001174805345784,0.63415414878934,1.0503792586935718,0.5546527948873134,1.0657563528339236,-2.353080807103307,-0.3398815888114033,1.5838257763540027,-0.11141865049887137,0.6125530498969479,0.612553049896948,-0.11141865049887183,0.6125530498969481,0.6125530498969483
University of Michigan at Ann Arbor,No,19152,12940,4893,66,92,22045,1339,15732,4659,476,1600,75.0,98,11.5,26,14847,87,2.1245461317271235,2.2393805507046007,2.1493654211264976,1.793202100429937,1.9633860727772043,0.9354772487659218,1.2581045462201998,-0.4096253884956128,0.5922966635947635,0.0447497870211825,1.4683762334705521,-0.6241683558478293,0.3918121831278882,1.280753612638271,0.6756474519632414,High,2,0,1.8150779933081982,-1.6325116659989423,2.124546131727123,2.2393805507046007,2.149365421126497,1.7932021004299366,1.9633860727772048,0.9354772487659216,1.2581045462201992,-0.40962538849561253,0.5922966635947625,0.04474978702118213,1.4683762334705521,-0.6241683558478297,0.3918121831278878,1.2807536126382901,-0.67802144349028,-1.6325116659989425,-1.6325116659989423,-0.6780214434902806,-1.6325116659989423,-1.6325116659989423
University of Minnesota at Duluth,No,4192,3126,1656,15,45,5887,1254,8828,3474,753,2610,79.0,91,19.0,11,6393,53,0.8666785544054535,0.9550298327128363,1.2738094432338714,-0.6779904542213022,1.0494163362349795,0.8886464925770783,-0.2907608484416511,1.3179844870146287,1.6425183532836571,0.3305429069207441,0.781503315639944,1.2224815695707842,-0.9453261344609437,-0.777438084899471,0.745706106870229,Medium,1,0,0.3581403891754813,-1.6325116659989423,0.8666785544054532,0.9550298327128364,1.273809443233871,-0.6779904542213027,1.04941633623498,0.8886464925770782,-0.29076084844165184,1.3179844870146291,1.642518353283656,0.33054290692074373,0.7815033156399439,1.2224815695707838,-0.9453261344609442,-0.7774380848994519,-0.19205623281875378,-1.6325116659989425,-1.6325116659989423,-0.19205623281875428,-1.6325116659989423,-1.6325116659989423
University of Minnesota at Morris,No,1458,874,588,56,86,1846,154,9843,3180,600,1500,74.0,78,14.6,16,6716,51,-0.09421963626073322,-0.3110842001180395,0.2868800017566903,1.4781382686650963,-0.0036691681004957194,-0.47554147240728517,-0.02197896729209664,0.4497726389260374,0.4565936404384389,-0.024374663811267006,-0.2828555413330692,0.18511882893705714,-0.4323290036172367,-0.6294303413361905,0.5994513031550068,Medium,1,0,0.3581403891754813,-1.6325116659989423,-0.09421963626073357,-0.31108420011803944,0.2868800017566897,1.478138268665096,-0.0036691681004952623,-0.4755414724072852,-0.02197896729209736,0.4497726389260378,0.4565936404384379,-0.02437466381126737,-0.28285554133306934,0.18511882893705672,-0.4323290036172371,-0.6294303413361714,-1.1173174171750107,-1.6325116659989425,-1.6325116659989423,-1.1173174171750113,-1.6325116659989423,-1.6325116659989423
University of Minnesota Twin Cities,No,11054,6397,3524,26,55,16502,21836,8949,3744,714,2910,88.0,90,12.2,37,16122,45,1.685630092860293,1.6184475631257398,1.8995881062429403,0.14524475095617614,1.784964964546881,3.195537896116512,-0.2576866915778967,1.112437896597583,1.8812165146518982,1.0280025774963892,0.6900649668386472,-0.43446218134192693,1.1257980885897985,1.4360092425130089,0.5787045413425005,Medium,1,0,0.3581403891754813,-1.6325116659989423,1.6856300928602925,1.6184475631257398,1.8995881062429398,0.14524475095617576,1.7849649645468815,3.195537896116512,-0.2576866915778974,1.1124378965975834,1.881216514651897,1.0280025774963888,0.690064966838647,-0.4344621813419273,1.125798088589798,1.436009242513028,-1.2225028541791862,-1.6325116659989425,-1.6325116659989423,-1.222502854179187,-1.6325116659989423,-1.6325116659989423
University of Mississippi,No,3844,3383,1669,26,47,7524,804,4916,3810,600,550,75.0,86,20.3,14,6971,53,0.7905990369703746,1.0298742212481917,1.280674216150029,0.14524475095617614,1.2398870822993002,0.5781778586347817,-1.5763568541227528,0.4497726389260374,-1.5716298036474603,0.0447497870211825,0.3405662242258264,1.5094948543988653,-0.6263490551654358,-0.5201234090909705,0.8800728407908429,Low,0,0,-1.0987972149572356,-1.6325116659989423,0.7905990369703743,1.0298742212481917,1.2806742161500286,0.14524475095617576,1.2398870822993007,0.5781778586347815,-1.5763568541227535,0.4497726389260378,-1.5716298036474614,0.04474978702118213,0.3405662242258263,1.5094948543988649,-0.6263490551654363,-0.5201234090909514,1.002575762239997,-1.6325116659989425,-1.6325116659989423,1.0025757622399967,-1.6325116659989423,-1.6325116659989423
University of Missouri at Columbia,No,6574,4637,2940,32,62,14782,1583,9057,3485,600,1983,87.0,87,12.7,15,10145,58,1.2539753700308363,1.3244663866727306,1.7561093714659213,0.48416411722208674,1.7141187238707862,1.0562204104744448,-0.22841319846948563,0.4497726389260374,1.0482205954412727,0.9467830013589739,0.4255260215207906,-0.3016095177954872,-0.5277223720549751,0.4656780990999172,0.7053544265287496,Medium,1,0,0.3581403891754813,-1.6325116659989423,1.2539753700308358,1.3244663866727306,1.7561093714659208,0.48416411722208635,1.7141187238707867,1.0562204104744448,-0.22841319846948635,0.4497726389260378,1.0482205954412716,0.9467830013589735,0.4255260215207905,-0.3016095177954876,-0.5277223720549755,0.4656780990999363,-0.4822194332992136,-1.6325116659989425,-1.6325116659989423,-0.48221943329921413,-1.6325116659989423,-1.6325116659989423
University of Missouri at Rolla,No,1877,1826,823,49,77,3926,561,9057,3600,700,1435,88.0,88,14.4,23,9699,49,0.14242011565422455,0.4346004237969688,0.6249199278285246,1.23000324536072,0.7115654084107652,0.33545949748457965,-0.22841319846948563,1.0362571162148249,0.3638186508790911,1.0280025774963892,0.5120879513281108,0.13513949985508442,0.16480224108923644,0.3578638149542765,0.9728289824187534,Medium,1,0,0.3581403891754813,-1.6325116659989423,0.1424201156542242,0.43460042379696884,0.624919927828524,1.2300032453607195,0.7115654084107657,0.3354594974845796,-0.22841319846948635,1.0362571162148253,0.3638186508790901,1.0280025774963888,0.5120879513281107,0.135139499855084,0.16480224108923605,0.3578638149542956,2.067616546928117,-1.6325116659989425,-1.6325116659989423,2.067616546928117,-1.6325116659989423,-1.6325116659989423
University of Missouri at Saint Louis,No,1618,1141,479,18,54,4793,4552,7246,3964,500,4288,71.0,73,13.4,15,6433,48,0.003852233858947696,-0.03687167237383265,0.07194954293030878,-0.41691464264756517,0.8817206272168003,1.859668769118166,-0.7535713804445703,-0.22914901677242944,2.7473994720393335,-0.22617376518526458,-0.6235308993858222,-0.11908588055207388,-0.5277223720549751,-0.7584888965474067,0.7051915945611866,Low,0,0,-1.0987972149572356,-1.6325116659989423,0.0038522338589473486,-0.03687167237383257,0.07194954293030811,-0.41691464264756556,0.8817206272168008,1.859668769118166,-0.753571380444571,-0.22914901677242913,2.7473994720393327,-0.22617376518526494,-0.6235308993858223,-0.1190858805520743,-0.5277223720549755,-0.7584888965473876,-0.48333280709541226,-1.6325116659989425,-1.6325116659989423,-0.4833328070954128,-1.6325116659989423,-1.6325116659989423
University of Mobile,Yes,452,331,269,17,54,1417,301,6150,3680,550,1200,59.0,63,16.6,4,5412,52,-1.2498803806932506,-1.3534516502549414,-0.5706016723949017,-0.5000085327852752,-0.2836867738121685,-0.06678667260725231,-1.1147857653987927,0.12378880488361321,-0.007646689375954711,-0.9498508314361171,-1.1989966331316235,0.6704997066339655,-1.9198799308640517,-1.307985011240147,0.7323008849557522,Low,0,1,-1.0987972149572356,0.6125530498969481,-1.249880380693251,-1.3534516502549414,-0.5706016723949024,-0.5000085327852757,-0.28368677381216806,-0.06678667260725238,-1.1147857653987934,0.12378880488361355,-0.007646689375955717,-0.9498508314361175,-1.1989966331316235,0.6704997066339651,-1.9198799308640522,-1.307985011240128,-0.2916551065293513,0.6125530498969479,0.612553049896948,-0.2916551065293518,0.6125530498969481,0.6125530498969483
University of Montevallo,No,1351,892,570,18,78,2385,331,4440,3030,300,600,72.0,72,18.9,8,5883,51,-0.16648296061850335,-0.28993547922449076,0.2547238603479053,-0.41691464264756517,0.25252250086434763,-0.006825730482078455,-1.7748006516348211,-2.0489462340837274,-1.4016694654541817,-0.15983625199593327,-0.6873174824544503,1.2000743836939878,-1.310419180097965,-1.0362263000478105,0.6602516654330126,Low,0,0,-1.0987972149572356,-1.6325116659989423,-0.1664829606185037,-0.2899354792244907,0.2547238603479047,-0.41691464264756556,0.2525225008643481,-0.006825730482078528,-1.7748006516348218,-2.0489462340837274,-1.4016694654541828,-0.15983625199593363,-0.6873174824544505,1.2000743836939873,-1.3104191800979654,-1.0362263000477914,-0.7738682264026393,-1.6325116659989425,-1.6325116659989423,-0.77386822640264,-1.6325116659989423,-1.6325116659989423
University of Nebraska at Lincoln,No,6277,6003,3526,33,63,16454,3171,5595,3145,500,2070,86.0,92,15.1,48,6813,53,1.214769734248707,1.5608914559007419,1.9000310499679154,0.5357381533712033,1.7831120395103859,1.5764005911967953,-1.3140452667358755,-0.22914901677242944,1.1403094742748394,0.8664948177542383,0.8745903245365926,0.3088698067143141,1.753076593954856,-0.5871077291548228,0.9563485741596304,Low,0,0,-1.0987972149572356,-1.6325116659989423,1.2147697342487065,1.5608914559007419,1.900031049967915,0.5357381533712029,1.7831120395103863,1.5764005911967953,-1.3140452667358762,-0.22914901677242913,1.1403094742748383,0.866494817754238,0.8745903245365925,0.3088698067143137,1.7530765939548556,-0.5871077291548037,1.8622508409115577,-1.6325116659989425,-1.6325116659989423,1.8622508409115577,-1.6325116659989423,-1.6325116659989423
University of New England,Yes,1209,750,265,19,54,820,159,11450,5045,900,2500,75.0,75,11.4,13,9718,64,-0.272490066136602,-0.4707725520746035,-0.5880529875005208,-0.337261774390416,-0.9168601044168896,-0.4566112261183258,0.36856932799847375,2.0174693819460012,1.5485785299599362,0.0447497870211825,-0.4916463924532397,-0.6516401064957508,-0.7285459060471434,0.3626119469448086,0.6203473945409429,Medium,1,1,0.3581403891754813,0.6125530498969481,-0.2724900661366023,-0.47077255207460345,-0.5880529875005216,-0.3372617743904164,-0.9168601044168891,-0.45661122611832583,0.36856932799847303,2.017469381946002,1.548578529959935,0.04474978702118213,-0.4916463924532398,-0.6516401064957512,-0.7285459060471439,0.3626119469448277,-1.0053636836697932,0.6125530498969479,0.612553049896948,-1.005363683669794,0.6125530498969481,0.6125530498969483
University of New Hampshire,No,9750,7640,2529,24,62,10358,1338,11180,3862,650,2450,89.0,87,17.5,16,7855,75,1.5828716977210322,1.777863420651302,1.6337336524929627,0.018775285270126344,1.4731401249711917,0.9349422791612417,0.3055883992640874,0.7528645357434074,1.504606246754974,1.1101537037083895,0.4255260215207906,0.8810919176520503,-0.4323290036172367,-0.18444018967120332,0.7835897435897435,Medium,1,0,0.3581403891754813,-1.6325116659989423,1.5828716977210318,1.777863420651302,1.6337336524929622,0.018775285270125945,1.4731401249711922,0.9349422791612416,0.30558839926408665,0.7528645357434078,1.5046062467549728,1.110153703708389,0.4255260215207905,0.8810919176520499,-0.4323290036172371,-0.18444018967118425,0.10750499508430032,-1.6325116659989425,-1.6325116659989423,0.10750499508429992,-1.6325116659989423,-1.6325116659989423
University of North Carolina at Asheville,No,1757,979,394,32,74,2033,1078,5972,3420,600,750,77.0,83,13.0,11,7011,37,0.08095089626486941,-0.19376507920064584,-0.13925692447847524,0.48416411722208674,0.09451956189987437,0.7816686361386885,-1.1773568082755617,0.4497726389260374,-0.960715953306189,0.18578692338884797,0.09518189874570733,-0.2229029900664657,-0.9453261344609437,-0.5035356383029369,0.5571997723392146,Low,0,0,-1.0987972149572356,-1.6325116659989423,0.08095089626486907,-0.19376507920064576,-0.13925692447847593,0.48416411722208635,0.09451956189987483,0.7816686361386884,-1.1773568082755623,0.4497726389260378,-0.96071595330619,0.1857869233888476,0.09518189874570722,-0.2229029900664661,-0.9453261344609442,-0.5035356383029178,-1.325518278631589,-1.6325116659989425,-1.6325116659989423,-1.3255182786315898,-1.6325116659989423,-1.6325116659989423
University of North Carolina at Chapel Hill,No,14596,5985,3331,75,92,14609,1100,8400,4200,550,1200,88.0,93,8.9,23,15893,83,1.9098214030220833,1.5581661738072434,1.8554204291750396,2.045929987248018,1.7064396255126553,0.7958786164385784,-0.41019873029626974,0.12378880488361321,-0.007646689375954711,1.0280025774963892,0.9693375120855497,-1.3728974215619376,0.16480224108923644,1.4095453237192392,0.41004384762948753,Low,0,0,-1.0987972149572356,-1.6325116659989423,1.9098214030220828,1.5581661738072434,1.8554204291750391,2.0459299872480177,1.7064396255126557,0.7958786164385783,-0.41019873029627046,0.12378880488361355,-0.007646689375955717,1.0280025774963888,0.9693375120855496,-1.372897421561938,0.16480224108923605,1.4095453237192583,-1.8862387690329683,-1.6325116659989425,-1.6325116659989423,-1.8862387690329692,-1.6325116659989423,-1.6325116659989423
University of North Carolina at Charlotte,No,5803,4441,1730,19,62,10099,3255,7248,3109,600,1900,79.0,91,16.8,7,6227,62,1.14787712370411,1.2844993987836806,1.3120805863454847,-0.337261774390416,1.4552536677376877,1.5965921149602966,-0.752946236013149,0.4497726389260374,0.9568086491871414,0.3305429069207441,0.781503315639944,0.7176928148990249,-1.4463049754933548,-0.8580743101178573,0.7652938135447183,Low,0,0,-1.0987972149572356,-1.6325116659989423,1.1478771237041097,1.2844993987836806,1.3120805863454843,-0.3372617743904164,1.4552536677376882,1.5965921149602966,-0.7529462360131497,0.4497726389260378,0.9568086491871404,0.33054290692074373,0.7815033156399439,0.7176928148990245,-1.4463049754933552,-0.8580743101178382,-0.04057315648077285,-1.6325116659989425,-1.6325116659989423,-0.040573156480773295,-1.6325116659989423,-1.6325116659989423
University of North Carolina at Greensboro,No,5191,4134,1500,15,44,7532,1847,8677,3505,600,1300,75.0,94,15.5,17,7392,53,1.0522631127731603,1.2179403261153463,1.186223862357664,-0.6779904542213022,1.2406899608853363,1.1690305064059925,-0.3324556293447505,0.4497726389260374,0.1579982604829097,0.0447497870211825,1.0657563528339236,0.40667899640865135,-0.3398815888114029,-0.3525349969590879,0.7963783471392796,Low,0,0,-1.0987972149572356,-1.6325116659989423,1.0522631127731599,1.2179403261153463,1.1862238623576635,-0.6779904542213027,1.2406899608853368,1.1690305064059925,-0.3324556293447512,0.4497726389260378,0.15799826048290871,0.04474978702118213,1.0657563528339236,0.40667899640865096,-0.3398815888114033,-0.3525349969590688,0.2149046719790938,-1.6325116659989425,-1.6325116659989423,0.2149046719790934,-1.6325116659989423,-1.6325116659989423
University of North Carolina at Wilmington,No,6071,3856,1449,15,67,6635,1145,7558,3680,500,1500,82.0,85,19.1,15,6005,55,1.186388366166166,1.1529360677417648,1.1552820591172606,-0.6779904542213022,1.1435553030365881,0.8241536824976162,-0.6573875080867393,-0.22914901677242944,0.4565936404384389,0.5546527948873138,0.25719681074029643,1.2448403880402457,-0.5277223720549751,-0.9712454301308799,0.6351507165211662,Low,0,0,-1.0987972149572356,-1.6325116659989423,1.1863883661661656,1.1529360677417648,1.1552820591172601,-0.6779904542213027,1.1435553030365886,0.8241536824976161,-0.65738750808674,-0.22914901677242913,0.4565936404384379,0.5546527948873134,0.2571968107402963,1.2448403880402452,-0.5277223720549755,-0.9712454301308608,-0.9222612599723802,-1.6325116659989425,-1.6325116659989423,-0.9222612599723808,-1.6325116659989423,-1.6325116659989423
University of North Dakota,No,2777,2249,1652,20,54,8334,1435,5634,2703,450,1200,97.0,97,15.9,16,9424,49,0.5008160903805422,0.6386189211423984,1.271684665042512,-0.26074560260699386,1.3162827906700212,0.9852087582684195,-1.299629657253149,-0.6143252338289236,-0.007646689375954711,1.8009168658667163,1.3651568927969056,0.5034686642441683,-0.4323290036172367,0.2874950116449799,0.8098667626935542,Low,0,0,-1.0987972149572356,-1.6325116659989423,0.5008160903805419,0.6386189211423985,1.2716846650425115,-0.26074560260699425,1.3162827906700216,0.9852087582684194,-1.2996296572531496,-0.6143252338289233,-0.007646689375955717,1.8009168658667158,1.3651568927969056,0.5034686642441678,-0.4323290036172371,0.287495011644999,0.33174892301414366,-1.6325116659989425,-1.6325116659989423,0.33174892301414327,-1.6325116659989423,-1.6325116659989423
University of North Florida,No,1800,1253,560,44,85,3876,3588,6634,4360,600,2604,82.0,85,17.8,14,6104,47,0.10348154930872655,0.05824731547190766,0.2363485074916449,1.0350695150852658,0.7003785200745741,1.6722160228856373,-0.9504526759784224,0.4497726389260374,1.6374898057119156,0.5546527948873138,0.25719681074029643,0.9503002630614447,-0.6263490551654358,-0.9199932158112539,0.6961111111111111,Low,0,0,-1.0987972149572356,-1.6325116659989423,0.1034815493087262,0.058247315471907736,0.23634850749164427,1.0350695150852653,0.7003785200745746,1.6722160228856373,-0.9504526759784231,0.4497726389260378,1.6374898057119145,0.5546527948873134,0.2571968107402963,0.9503002630614442,-0.6263490551654363,-0.9199932158112348,-0.5447118990612961,-1.6325116659989425,-1.6325116659989423,-0.5447118990612967,-1.6325116659989423,-1.6325116659989423
University of North Texas,No,4418,2737,2049,23,51,14047,5134,4104,3579,450,1700,86.0,94,22.6,6,5657,35,0.9125393869604119,0.828204298449753,1.457795763993856,-0.04753313995778422,1.6807070268326043,1.9559164849073813,-1.9234583398569618,-0.6143252338289236,0.7203603688354095,0.8664948177542383,1.0657563528339236,1.9993563447660339,-1.5915826153084158,-1.1622675962732452,0.6195110909913988,Low,0,0,-1.0987972149572356,-1.6325116659989423,0.9125393869604116,0.8282042984497531,1.4577957639938555,-0.04753313995778462,1.6807070268326048,1.9559164849073813,-1.9234583398569625,-0.6143252338289233,0.7203603688354085,0.866494817754238,1.0657563528339236,1.9993563447660334,-1.5915826153084163,-1.162267596273226,-1.0099634018531016,-1.6325116659989425,-1.6325116659989423,-1.0099634018531023,-1.6325116659989423,-1.6325116659989423
University of Northern Colorado,No,5530,4007,1697,12,37,8463,1498,7731,4128,540,2286,75.0,75,21.5,8,6309,40,1.1066324624691999,1.1888435825305408,1.2952522225356495,-0.9818731086748947,1.3276121234036424,1.016218374711763,-0.605175327481944,0.05550628934752403,1.3543007415731798,0.0447497870211825,-0.4916463924532397,1.7677792649625408,-1.310419180097965,-0.8178329945327503,0.7245931283905968,Low,0,0,-1.0987972149572356,-1.6325116659989423,1.1066324624691994,1.1888435825305408,1.295252222535649,-0.9818731086748952,1.3276121234036429,1.016218374711763,-0.6051753274819447,0.05550628934752436,1.3543007415731787,0.04474978702118213,-0.4916463924532398,1.7677792649625403,-1.3104191800979654,-0.8178329945327312,-0.34746194739589925,-1.6325116659989425,-1.6325116659989423,-0.34746194739589975,-1.6325116659989423,-1.6325116659989423
University of Northern Iowa,No,4144,3379,1853,18,52,10135,1448,6197,2930,595,2380,78.0,82,16.3,26,6333,77,0.8565965692758818,1.0287565482173342,1.3716853488566942,-0.41691464264756517,1.457773095173743,0.9917080323205784,-1.0984631949367383,0.4182636720578147,1.441627451519313,0.2576999703306144,0.01651265888576715,0.599273199975862,0.3918121831278882,-0.8062073073562886,0.815395752895753,Low,0,0,-1.0987972149572356,-1.6325116659989423,0.8565965692758815,1.0287565482173342,1.3716853488566938,-0.41691464264756556,1.4577730951737435,0.9917080323205782,-1.098463194936739,0.41826367205781506,1.441627451519312,0.25769997033061404,0.01651265888576704,0.5992731999758616,0.3918121831278878,-0.8062073073562696,0.38072283719051164,-1.6325116659989425,-1.6325116659989423,0.3807228371905113,-1.6325116659989423,-1.6325116659989423
University of Notre Dame,Yes,7700,3700,1906,79,96,7671,30,16850,4400,600,1350,96.0,92,13.1,46,13936,97,1.3870474475387164,1.1142235640370746,1.3959738453333006,2.1505892525970363,1.2544761685995416,-1.3705870945384853,1.463397959271099,0.4497726389260374,0.236441135041996,1.7113078679607372,0.8745903245365926,-0.19682982022428813,1.6450848531462385,1.1566187426634664,0.4805194805194805,High,2,1,1.8150779933081982,0.6125530498969481,1.387047447538716,1.1142235640370746,1.3959738453333002,2.150589252597036,1.254476168599542,-1.3705870945384853,1.4633979592710984,0.4497726389260378,0.236441135041995,1.7113078679607368,0.8745903245365925,-0.19682982022428855,1.645084853146238,1.1566187426634855,-1.6469337111380762,0.6125530498969479,0.612553049896948,-1.646933711138077,0.6125530498969481,0.6125530498969483
University of Oklahoma,No,4743,3970,2233,32,63,13436,2582,5173,3526,765,3176,86.0,90,11.5,11,10244,44,0.9742542953532287,1.1801806532691497,1.5303791339498891,0.48416411722208674,1.6512663179420037,1.419284076030444,-1.474429055242525,1.3793607307163502,2.074502478859453,0.8664948177542383,0.6900649668386472,-0.6241683558478293,-0.9453261344609437,0.48862327080353807,0.837022981235505,Low,0,0,-1.0987972149572356,-1.6325116659989423,0.9742542953532284,1.1801806532691497,1.5303791339498887,0.48416411722208635,1.6512663179420042,1.419284076030444,-1.4744290552425257,1.3793607307163507,2.074502478859452,0.866494817754238,0.690064966838647,-0.6241683558478297,-0.9453261344609442,0.48862327080355716,0.5784623150495587,-1.6325116659989425,-1.6325116659989423,0.5784623150495584,-1.6325116659989423,-1.6325116659989423
University of Oregon,No,8631,6732,2546,25,61,11669,1605,10602,3660,570,1530,79.0,87,19.7,13,8020,54,1.482162561715868,1.6644764255665419,1.6392395298469054,0.08298682799864276,1.55599634469743,1.066253873851569,0.1673227659461378,0.25716645871250754,0.49816321409084025,0.3305429069207441,0.4255260215207906,1.3779965760601174,-0.7285459060471434,-0.1281814287292525,0.7799791449426486,Medium,1,0,0.3581403891754813,-1.6325116659989423,1.4821625617158676,1.6644764255665419,1.639239529846905,0.08298682799864236,1.5559963446974305,1.066253873851569,0.16732276594613707,0.25716645871250793,0.49816321409083925,0.33054290692074373,0.4255260215207905,1.377996576060117,-0.7285459060471439,-0.12818142872923344,0.07776823516070622,-1.6325116659989425,-1.6325116659989423,0.0777682351607058,-1.6325116659989423,-1.6325116659989423
University of Pennsylvania,Yes,12394,5232,2464,85,100,9205,531,17020,7270,500,1544,95.0,96,6.3,38,25765,93,1.7784741745534514,1.4355480881046074,1.612280119266588,2.2999608221542487,1.3889284285127754,0.2990597345177566,1.4938228807802454,-0.22914901677242944,0.5173046081351291,1.6226316210808194,1.263654675854437,-2.212995018083676,1.186525502100285,2.198811980035944,0.42213974503792157,High,2,1,1.8150779933081982,0.6125530498969481,1.778474174553451,1.4355480881046074,1.6122801192665877,2.2999608221542482,1.3889284285127759,0.2990597345177565,1.4938228807802447,-0.22914901677242913,0.5173046081351281,1.622631621080819,1.263654675854437,-2.2129950180836766,1.1865255021002845,2.198811980035963,-1.8486194412785506,0.6125530498969479,0.612553049896948,-1.8486194412785515,0.6125530498969481,0.6125530498969483
University of Pittsburgh-Main Campus,No,8586,6383,2503,25,59,13138,4289,10786,4560,400,900,93.0,93,7.8,10,13789,66,1.477823894346591,1.616468171489702,1.6252295930425538,0.08298682799864276,1.6363085568536218,1.812428943152508,0.2118640409623451,-1.0388011424180428,-0.5949489827396871,1.448076800235107,0.9693375120855497,-1.715017190369391,-1.060970526681064,1.135410589270642,0.7434195201490799,Medium,1,0,0.3581403891754813,-1.6325116659989423,1.4778238943465904,1.616468171489702,1.6252295930425533,0.08298682799864236,1.6363085568536222,1.812428943152508,0.21186404096234437,-1.0388011424180428,-0.5949489827396881,1.4480768002351065,0.9693375120855496,-1.7150171903693914,-1.0609705266810645,1.1354105892706612,-0.20927612803586954,-1.6325116659989425,-1.6325116659989423,-0.20927612803587003,-1.6325116659989423,-1.6325116659989423
University of Portland,Yes,1758,1485,419,27,58,2041,174,12040,4100,600,1100,92.0,96,13.2,17,9060,72,0.08148155752679773,0.22923898505389823,-0.07205685335918133,0.20567765393688317,0.09847219641051586,-0.4029004587778045,0.5028749089820225,0.4497726389260374,-0.18660316336359328,1.3621979324255895,1.263654675854437,-0.17083644547256602,-0.3398815888114029,0.18932800165120295,0.8447098976109215,Medium,1,1,0.3581403891754813,0.6125530498969481,0.08148155752679738,0.2292389850538983,-0.07205685335918202,0.20567765393688278,0.09847219641051631,-0.40290045877780456,0.5028749089820218,0.4497726389260378,-0.18660316336359428,1.362197932425589,1.263654675854437,-0.17083644547256643,-0.3398815888114033,0.18932800165122202,0.6511620517156252,0.6125530498969479,0.612553049896948,0.6511620517156249,0.6125530498969481,0.6125530498969483
University of Puget Sound,Yes,4044,2826,688,51,83,2738,138,16230,4500,630,1800,79.0,86,15.0,17,11217,63,0.8351837077360024,0.858851378285935,0.44698087847975965,1.3036072146864357,0.3847094494796727,-0.540112837566729,1.3506959241950347,0.6341541487893395,0.8416278943466902,0.3305429069207441,0.3405662242258264,0.28425398250735084,-0.3398815888114029,0.697275089512722,0.6988130563798219,High,2,1,1.8150779933081982,0.6125530498969481,0.835183707736002,0.8588513782859352,0.44698087847975904,1.3036072146864353,0.38470944947967317,-0.5401128375667291,1.350695924195034,0.63415414878934,0.8416278943466892,0.33054290692074373,0.3405662242258263,0.28425398250735046,-0.3398815888114033,0.6972750895127411,-0.5265932660713448,0.6125530498969479,0.612553049896948,-0.5265932660713454,0.6125530498969481,0.6125530498969483
University of Rhode Island,No,9643,7751,1968,12,40,8894,2456,10330,5558,500,1250,84.0,89,16.6,7,9158,63,1.5737926406003757,1.7907259983777748,1.4234146961694814,-0.9818731086748947,1.3639894431929416,1.381449341206267,0.10053914853995899,-0.22914901677242944,0.07671009872843897,0.7087119890670915,0.6002637149158834,0.6704997066339655,-1.4463049754933548,0.21634878365845625,0.8037954993259359,Medium,1,0,0.3581403891754813,-1.6325116659989423,1.5737926406003753,1.7907259983777748,1.423414696169481,-0.9818731086748952,1.363989443192942,1.381449341206267,0.10053914853995827,-0.22914901677242913,0.07671009872843797,0.7087119890670912,0.6002637149158833,0.6704997066339651,-1.4463049754933552,0.21634878365847532,0.2786974484937232,-1.6325116659989425,-1.6325116659989423,0.2786974484937228,-1.6325116659989423,-1.6325116659989423
University of Richmond,Yes,5892,2718,756,46,72,2854,594,14500,3285,700,1125,75.0,89,11.7,32,11984,100,1.1608743825635417,0.8215235681089347,0.5412034893244645,1.1150339710778354,0.4236713260149418,0.3735021856424739,1.0204528707952358,1.0362571162148249,-0.14049359717716683,0.0447497870211825,0.6002637149158834,-0.5695082346102578,0.808539510579746,0.8430258820440186,0.46130346232179226,Medium,1,1,0.3581403891754813,0.6125530498969481,1.1608743825635413,0.8215235681089348,0.5412034893244639,1.115033971077835,0.42367132601494223,0.37350218564247384,1.0204528707952352,1.0362571162148253,-0.14049359717716783,0.04474978702118213,0.6002637149158833,-0.5695082346102582,0.8085395105797456,0.8430258820440377,-1.7171428094945858,0.6125530498969479,0.612553049896948,-1.7171428094945866,0.6125530498969481,0.6125530498969483
University of Rochester,Yes,8766,5498,1243,56,75,5071,438,17840,6582,500,882,93.0,99,5.9,23,26037,80,1.4950342942274506,1.4809052517154118,1.0160892077159498,1.4781382686650963,0.9284655335118807,0.17291150817837458,1.6378405484209821,-0.22914901677242944,-0.6357236212496702,1.448076800235107,1.5733239615731247,-2.3530808071033067,0.16480224108923644,2.2137750344809635,0.6271959844855122,High,2,1,1.8150779933081982,0.6125530498969481,1.4950342942274502,1.4809052517154118,1.0160892077159493,1.478138268665096,0.9284655335118811,0.1729115081783745,1.6378405484209815,-0.22914901677242913,-0.6357236212496712,1.4480768002351065,1.5733239615731247,-2.353080807103307,0.16480224108923605,2.2137750344809826,-0.9673154050270703,0.6125530498969479,0.612553049896948,-0.9673154050270709,0.6125530498969481,0.6125530498969483
University of San Diego,Yes,3934,2735,886,40,70,3698,217,13600,5940,630,1820,93.0,96,15.6,13,10813,66,0.8109630249362791,0.8275034042171678,0.6967495392743893,0.8661712529818544,0.6590769783233646,-0.2694512382233899,0.838319965409911,0.6341541487893395,0.8651303105105284,1.448076800235107,1.263654675854437,0.4309706158083841,-0.7285459060471434,0.6141611778285624,0.6952211489578037,Medium,1,1,0.3581403891754813,0.6125530498969481,0.8109630249362788,0.827503404217168,0.6967495392743888,0.8661712529818539,0.6590769783233651,-0.26945123822338996,0.8383199654099104,0.63415414878934,0.8651303105105274,1.4480768002351065,1.263654675854437,0.4309706158083837,-0.7285459060471439,0.6141611778285815,-0.5506530523328788,0.6125530498969479,0.612553049896948,-0.5506530523328793,0.6125530498969481,0.6125530498969483
University of San Francisco,Yes,2306,1721,538,23,48,4309,549,13226,6452,750,2450,86.0,86,13.6,8,10074,62,0.33204140809955435,0.3760677030685019,0.19455383920034736,-0.04753313995778422,0.7918716526957328,0.32111784435405566,0.7603028002618342,1.302507133936391,1.504606246754974,0.8664948177542383,0.3405662242258264,-0.06764502846155519,-1.310419180097965,0.4490087083205268,0.746313963573287,Medium,1,1,0.3581403891754813,0.6125530498969481,0.332041408099554,0.37606770306850196,0.19455383920034672,-0.04753313995778462,0.7918716526957332,0.3211178443540556,0.7603028002618335,1.3025071339363914,1.5046062467549728,0.866494817754238,0.3405662242258263,-0.06764502846155561,-1.3104191800979654,0.4490087083205459,-0.1874624503576593,0.6125530498969479,0.612553049896948,-0.18746245035765977,0.6125530498969481,0.6125530498969483
University of Sci. and Arts of Oklahoma,No,285,280,208,21,43,1140,473,3687,1920,600,1800,67.0,77,23.6,3,3864,43,-1.7322890684644594,-1.540125076263474,-0.8757528110783912,-0.18710169614595554,-0.5264423330796446,0.22302301855552126,-2.119526510887563,0.4497726389260374,0.8416278943466902,-0.4822397840169151,-0.3539307841170397,2.205863784170408,-2.110816300186537,-2.5392412345120965,0.9824561403508771,Low,0,0,-1.0987972149572356,-1.6325116659989423,-1.7322890684644598,-1.540125076263474,-0.875752811078392,-0.18710169614595593,-0.5264423330796442,0.22302301855552117,-2.119526510887564,0.4497726389260378,0.8416278943466892,-0.4822397840169155,-0.3539307841170398,2.2058637841704076,-2.1108163001865377,-2.5392412345120774,2.1909952345046873,-1.6325116659989425,-1.6325116659989423,2.1909952345046873,-1.6325116659989423,-1.6325116659989423
University of Scranton,Yes,4471,2942,910,29,60,3674,493,11584,5986,650,800,83.0,83,14.1,41,9131,92,0.9229299008102517,0.8972808439558435,0.7225749960043975,0.32152095127645364,0.6533230146683886,0.25015892770498294,0.39946466480694276,0.7528645357434074,-0.8318078970334455,0.6312170198691968,0.09518189874570733,0.05964138157856781,1.3638859589907049,0.20894893960833869,0.6580183404160144,Medium,1,1,0.3581403891754813,0.6125530498969481,0.9229299008102514,0.8972808439558436,0.7225749960043969,0.32152095127645325,0.653323014668389,0.2501589277049829,0.39946466480694204,0.7528645357434078,-0.8318078970334465,0.6312170198691964,0.09518189874570722,0.059641381578567396,1.3638859589907044,0.20894893960835775,-0.7874623354452966,0.6125530498969479,0.612553049896948,-0.7874623354452973,0.6125530498969481,0.6125530498969483
University of South Carolina at Aiken,No,848,560,377,14,24,1855,1412,5800,3066,500,1500,62.0,62,14.8,3,5035,48,-0.6168391080469758,-0.7803802357858327,-0.18782749499926185,-0.7737777547234982,0.0013297775504288445,0.9735771420536853,-1.2389936215624453,-0.22914901677242944,0.4565936404384389,-0.7814483389667398,-1.2491515938109201,0.2348219920998793,-2.110816300186537,-1.5532601174731975,0.660377358490566,Low,0,0,-1.0987972149572356,-1.6325116659989423,-0.6168391080469762,-0.7803802357858326,-0.18782749499926255,-0.7737777547234986,0.0013297775504293018,0.9735771420536852,-1.238993621562446,-0.22914901677242913,0.4565936404384379,-0.7814483389667402,-1.2491515938109201,0.2348219920998789,-2.1108163001865377,-1.5532601174731784,-0.7731008328201407,-1.6325116659989425,-1.6325116659989423,-0.7731008328201414,-1.6325116659989423,-1.6325116659989423
University of South Carolina at Columbia,No,7693,5815,2328,30,66,12594,3661,8074,3522,495,2941,84.0,88,16.9,18,8246,63,1.3862863280881548,1.5319863019657995,1.5651964277676242,0.3771313679720627,1.6079053873834603,1.6879332205904698,-0.5038829164155897,-0.2661156114726402,1.9045661941374896,0.7087119890670915,0.5120879513281108,0.7412034085943565,-0.2501326687269887,-0.053958015587661085,0.755881970622644,Low,0,0,-1.0987972149572356,-1.6325116659989423,1.3862863280881543,1.5319863019657995,1.5651964277676238,0.3771313679720623,1.6079053873834608,1.6879332205904698,-0.5038829164155904,-0.2661156114726399,1.9045661941374885,0.7087119890670912,0.5120879513281107,0.7412034085943561,-0.2501326687269891,-0.053958015587642016,-0.11425492746041208,-1.6325116659989425,-1.6325116659989423,-0.11425492746041253,-1.6325116659989423,-1.6325116659989423
University of South Florida,No,7589,4676,1876,29,63,14770,10962,6760,3776,500,2180,84.0,89,17.0,7,11020,47,1.374889872064751,1.3322031597156365,1.3823230174980288,0.32152095127645364,1.7135896150651362,2.5861981087019568,-0.9089719954281894,-0.22914901677242944,1.2517426034902484,0.7087119890670915,0.6002637149158834,0.764657306400675,-1.4463049754933548,0.6573339276893515,0.6161549611279483,Low,0,0,-1.0987972149572356,-1.6325116659989423,1.3748898720647507,1.3322031597156365,1.3823230174980283,0.32152095127645325,1.7135896150651366,2.5861981087019568,-0.9089719954281901,-0.22914901677242913,1.2517426034902472,0.7087119890670912,0.6002637149158833,0.7646573064006745,-1.4463049754933552,0.6573339276893706,-1.0283212980773895,-1.6325116659989425,-1.6325116659989423,-1.0283212980773901,-1.6325116659989423,-1.6325116659989423
University of Southern California,Yes,12229,8498,2477,45,71,13259,1429,17230,6482,600,2210,90.0,94,11.4,10,17007,68,1.7676395124873168,1.8724672920566487,1.6166227834006297,1.0754007694010428,1.642431426228042,0.9821909341384267,1.531132215525303,0.4497726389260374,1.2812291464361805,1.1932365358027166,1.0657563528339236,-0.6516401064957508,-1.060970526681064,1.5330686300810055,0.6949055523755009,High,2,1,1.8150779933081982,0.6125530498969481,1.7676395124873163,1.8724672920566487,1.6166227834006293,1.0754007694010423,1.6424314262280424,0.9821909341384266,1.5311322155253024,0.4497726389260378,1.2812291464361794,1.1932365358027162,1.0657563528339236,-0.6516401064957512,-1.0609705266810645,1.5330686300810246,-0.5527567184251858,0.6125530498969479,0.612553049896948,-0.5527567184251864,0.6125530498969481,0.6125530498969483
University of Southern Colorado,No,1401,1239,605,10,34,3716,675,7100,4380,540,2948,63.0,88,19.4,0,5389,36,-0.13197842221147862,0.04686589903908912,0.31622279234543105,-1.2174962818199055,0.6633626499302754,0.45927450058081004,-0.7995165214634117,0.05550628934752403,1.9098071341824636,-0.7234609819608288,0.5120879513281108,1.3116300610018234,-2.939282937555179,-1.3221870831062896,0.8843683083511777,Low,0,0,-1.0987972149572356,-1.6325116659989423,-0.13197842221147899,0.0468658990390892,0.31622279234543044,-1.217496281819906,0.6633626499302758,0.45927450058081,-0.7995165214634123,0.05550628934752436,1.9098071341824625,-0.7234609819608291,0.5120879513281107,1.311630061001823,-2.9392829375551797,-1.3221870831062705,1.0472125327607897,-1.6325116659989425,-1.6325116659989423,1.0472125327607895,-1.6325116659989423,-1.6325116659989423
University of Southern Indiana,No,2379,2133,1292,8,25,4283,2973,4973,3192,500,1425,56.0,65,22.0,21,4078,38,0.36050338214174854,0.5870467702414066,1.0514984193464336,-1.490473824946659,0.7867000337849704,1.526801352323378,-1.5534535583715934,-0.22914901677242944,0.3492013481473054,-1.1099187310292482,-1.0947584403093151,1.8736343382931653,0.004942020606680277,-2.326830125745999,0.8965952080706179,Low,0,0,-1.0987972149572356,-1.6325116659989423,0.3605033821417482,0.5870467702414067,1.0514984193464332,-1.4904738249466594,0.7867000337849709,1.526801352323378,-1.553453558371594,-0.22914901677242913,0.3492013481473044,-1.1099187310292487,-1.0947584403093151,1.8736343382931648,0.004942020606679884,-2.32683012574598,1.1766533927872018,-1.6325116659989425,-1.6325116659989423,1.1766533927872016,-1.6325116659989423,-1.6325116659989423
University of Southern Mississippi,No,2850,2044,1046,20,50,9260,1387,4652,2470,500,500,78.0,99,18.7,23,5917,45,0.5241966614402653,0.5454010967194489,0.8554350906958258,-0.26074560260699386,1.3932319196301177,0.960736116968285,-1.6847740926100183,-0.22914901677242944,-1.756532921293452,0.2576999703306144,1.5733239615731247,1.1551135115319071,0.16480224108923644,-1.0179093301454802,0.7171929824561404,Low,0,0,-1.0987972149572356,-1.6325116659989423,0.524196661440265,0.545401096719449,0.8554350906958252,-0.26074560260699425,1.3932319196301182,0.9607361169682849,-1.684774092610019,-0.22914901677242913,-1.756532921293453,0.25769997033061404,1.5733239615731247,1.1551135115319067,0.16480224108923605,-1.0179093301454611,-0.40005578628686983,-1.6325116659989425,-1.6325116659989423,-0.4000557862868704,-1.6325116659989423,-1.6325116659989423
University of St. Thomas MN,Yes,2057,1807,828,26,53,4106,982,11712,4037,500,800,80.0,80,13.8,13,8546,89,0.22713154098764507,0.42428002327887554,0.6308493547125616,0.14524475095617614,0.7504444735504628,0.7163862132123858,0.42875813547451674,-0.22914901677242944,-0.8318078970334455,0.4043159082560863,-0.13620911968157937,-0.01650783055462927,-0.7285459060471434,0.03985690081601796,0.8784637822070978,Medium,1,1,0.3581403891754813,0.6125530498969481,0.2271315409876447,0.4242800232788756,0.6308493547125611,0.14524475095617576,0.7504444735504633,0.7163862132123857,0.428758135474516,-0.22914901677242913,-0.8318078970334465,0.40431590825608593,-0.13620911968157948,-0.016507830554629687,-0.7285459060471439,0.03985690081603703,0.9859660227507555,0.6125530498969479,0.612553049896948,0.9859660227507553,0.6125530498969481,0.6125530498969483
University of St. Thomas TX,Yes,374,280,185,45,77,995,408,8550,4050,500,1344,75.0,75,12.6,17,7237,62,-1.4461179811788978,-1.540125076263474,-1.018784020524878,1.0754007694010428,-0.6842455944065718,0.12696172417028495,-0.367894041237278,-0.22914901677242944,0.2271714169538666,0.0447497870211825,-0.4916463924532397,-0.3280101887390996,-0.3398815888114029,-0.41248512439044266,0.7486631016042781,Low,0,1,-1.0987972149572356,0.6125530498969481,-1.4461179811788982,-1.540125076263474,-1.0187840205248788,1.0754007694010423,-0.6842455944065714,0.12696172417028487,-0.3678940412372787,-0.22914901677242913,0.2271714169538656,0.04474978702118213,-0.4916463924532398,-0.3280101887391,-0.3398815888114033,-0.41248512439042356,-0.16964536570617234,0.6125530498969479,0.612553049896948,-0.1696453657061728,0.6125530498969481,0.6125530498969483
University of Tennessee at Knoxville,No,7473,5372,3013,27,53,15749,3237,5764,3262,750,3300,86.0,92,16.5,22,8612,53,1.36197894768581,1.4597200417858385,1.7757701404062434,0.20567765393688317,1.7551130521875546,1.5923057787960895,-1.25204583133951,1.302507133936391,2.1595280821801417,0.8664948177542383,0.8745903245365926,0.646816259628484,0.08579840488433134,0.059817120743901955,0.7188545430215443,Low,0,0,-1.0987972149572356,-1.6325116659989423,1.3619789476858095,1.4597200417858385,1.775770140406243,0.20567765393688278,1.755113052187555,1.5923057787960895,-1.2520458313395106,1.3025071339363914,2.159528082180141,0.866494817754238,0.8745903245365925,0.6468162596284835,0.08579840488433095,0.05981712074392102,-0.3883302181441306,-1.6325116659989425,-1.6325116659989423,-0.38833021814413116,-1.6325116659989423,-1.6325116659989423
University of Texas at Arlington,No,3281,2559,1448,19,43,10975,8431,4422,2780,500,2850,73.0,73,21.0,4,4696,29,0.6503195012593606,0.763577069927451,1.1546628292937993,-0.337261774390416,1.5136380875205795,2.363402341757417,-1.7825733933745667,-0.22914901677242944,1.8353614123596727,-0.09256994792772753,-0.6235308993858222,1.660902564484489,-1.9198799308640517,-1.7993192819264254,0.7799451386772326,Low,0,0,-1.0987972149572356,-1.6325116659989423,0.6503195012593602,0.7635770699274511,1.1546628292937988,-0.3372617743904164,1.51363808752058,2.363402341757417,-1.7825733933745673,-0.22914901677242913,1.8353614123596715,-0.0925699479277279,-0.6235308993858223,1.6609025644844886,-1.9198799308640522,-1.7993192819264063,0.07748937383867595,-1.6325116659989425,-1.6325116659989423,0.07748937383867553,-1.6325116659989423,-1.6325116659989423
University of Texas at Austin,No,14752,9572,5329,48,85,30017,5189,5130,3309,650,3140,91.0,99,19.7,11,7837,65,1.9183054562837953,1.9774167787580832,2.212252201116457,1.192310901338738,2.1414673334938095,1.964488739147287,-1.4912476731641928,0.7528645357434074,2.049241328676916,1.2772512278910106,1.5733239615731247,1.3779965760601174,-0.9453261344609437,-0.19068781141137764,0.6488611713665944,Low,0,0,-1.0987972149572356,-1.6325116659989423,1.918305456283795,1.9774167787580832,2.2122522011164567,1.1923109013387376,2.14146733349381,1.964488739147287,-1.4912476731641935,0.7528645357434078,2.0492413286769153,1.2772512278910102,1.5733239615731247,1.377996576060117,-0.9453261344609442,-0.19068781141135857,-0.8423956764595384,-1.6325116659989425,-1.6325116659989423,-0.8423956764595391,-1.6325116659989423,-1.6325116659989423
University of Texas at San Antonio,No,4217,3100,1686,17,46,9375,5457,4104,5376,452,1200,94.0,100,25.3,3,4329,50,0.871880624085422,0.9470936845527907,1.289558541400498,-0.5000085327852752,1.402130232814141,2.0051063794529562,-1.9234583398569618,-0.5982178689195664,-0.007646689375954711,1.5348879805589812,1.6800113003699915,2.54877789921091,-2.110816300186537,-2.0985984553143853,0.7351197533791796,Low,0,0,-1.0987972149572356,-1.6325116659989423,0.8718806240854217,0.9470936845527909,1.2895585414004975,-0.5000085327852757,1.4021302328141414,2.0051063794529562,-1.9234583398569625,-0.5982178689195662,-0.007646689375955717,1.5348879805589808,1.6800113003699915,2.5487778992109096,-2.1108163001865377,-2.098598455314366,-0.2709809302319026,-1.6325116659989425,-1.6325116659989423,-0.2709809302319031,-1.6325116659989423,-1.6325116659989423
University of the Arts,Yes,974,704,290,5,22,1145,39,12520,3860,1300,700,16.0,59,7.5,9,11641,57,-0.4812824839386961,-0.5373258201578683,-0.4836392714989347,-2.0101834480079033,-0.5214433739169101,-1.2369487718527052,0.6089844647000522,3.510908502273347,-1.0978374622751548,-2.45157552617256,-1.391918192175684,-1.8114823883332716,-1.18236541463741,0.7796785869607278,0.7227926078028748,Medium,1,1,0.3581403891754813,0.6125530498969481,-0.48128248393869644,-0.5373258201578682,-0.48363927149893543,-2.0101834480079037,-0.5214433739169096,-1.2369487718527052,0.6089844647000515,3.510908502273348,-1.0978374622751559,-2.4515755261725602,-1.391918192175684,-1.811482388333272,-1.1823654146374105,0.7796785869607469,-0.3603468614097615,0.6125530498969479,0.612553049896948,-0.360346861409762,0.6125530498969481,0.6125530498969483
University of the Pacific,Yes,2459,1997,582,36,66,2664,299,16320,5326,646,1171,87.0,94,11.2,14,13706,65,0.39063750573096406,0.5226183166848335,0.2762890685540516,0.683476302864234,0.3587873203586098,-0.07097514722219393,1.367229388870464,0.72937986741676,-0.058077334139321896,0.9467830013589739,1.0657563528339236,-0.706872473805698,-0.6263490551654358,1.123281214782213,0.8121187474583164,High,2,1,1.8150779933081982,0.6125530498969481,0.39063750573096373,0.5226183166848336,0.276289068554051,0.6834763028642336,0.3587873203586102,-0.070975147222194,1.3672293888704634,0.7293798674167604,-0.0580773341393229,0.9467830013589735,1.0657563528339236,-0.7068724738056984,-0.6263490551654363,1.1232812147822322,0.35161981687008426,0.6125530498969479,0.612553049896948,0.35161981687008387,0.6125530498969481,0.6125530498969483
University of the South,Yes,1445,966,326,46,83,1129,24,15350,4080,450,810,89.0,93,10.3,52,18784,82,-0.10269013533940655,-0.20754077391911355,-0.35023581072026044,1.1150339710778354,-0.537534717671097,-1.4811146683151193,1.1857671012954643,-0.6143252338289236,-0.8069242436789834,1.1101537037083895,0.9693375120855497,-0.9604175254095518,1.9622254883185175,1.7062523363756992,0.6685121107266436,High,2,1,1.8150779933081982,0.6125530498969481,-0.1026901353394069,-0.20754077391911346,-0.35023581072026116,1.115033971077835,-0.5375347176710965,-1.4811146683151193,1.1857671012954636,-0.6143252338289233,-0.8069242436789844,1.110153703708389,0.9693375120855496,-0.9604175254095523,1.962225488318517,1.7062523363757183,-0.72290915257768,0.6125530498969479,0.612553049896948,-0.7229091525776805,0.6125530498969481,0.6125530498969483
University of Tulsa,Yes,1712,1557,696,41,68,2936,433,11750,4160,1200,2350,94.0,96,11.5,10,11743,47,0.05672967068882657,0.276537225804311,0.4586122355553329,0.9095959481215096,0.45006655312653954,0.1654565875153789,0.4374141191972288,3.179865230418292,1.4141097238962332,1.5348879805589812,1.263654675854437,-0.6241683558478293,-1.060970526681064,0.7988144471230453,0.9094626168224299,Medium,1,1,0.3581403891754813,0.6125530498969481,0.05672967068882622,0.27653722580431106,0.4586122355553323,0.9095959481215091,0.45006655312654,0.1654565875153788,0.43741411919722806,3.179865230418293,1.4141097238962321,1.5348879805589808,1.263654675854437,-0.6241683558478297,-1.0609705266810645,0.7988144471230644,1.3167498122604742,0.6125530498969479,0.612553049896948,1.316749812260474,0.6125530498969481,0.6125530498969483
University of Utah,No,5095,4491,2400,27,53,13894,8374,6857,3975,858,3093,89.0,93,12.8,9,9275,37,1.0361718775070023,1.2948718421232925,1.590507567147317,0.20567765393688317,1.6734834358267023,2.3577114989827375,-0.8773831887758893,1.8284536266085658,2.01585458107506,1.1101537037083895,0.9693375120855497,-0.27529199961519973,-1.18236541463741,0.24803001999274116,0.8814524043179588,Low,0,0,-1.0987972149572356,-1.6325116659989423,1.036171877507002,1.2948718421232925,1.5905075671473166,0.20567765393688278,1.6734834358267028,2.3577114989827375,-0.8773831887758899,1.8284536266085663,2.015854581075059,1.110153703708389,0.9693375120855496,-0.2752919996152001,-1.1823654146374105,0.24803001999276023,1.016864573752495,-1.6325116659989425,-1.6325116659989423,1.0168645737524948,-1.6325116659989423,-1.6325116659989423
University of Vermont,No,7663,6008,1735,18,51,7353,1674,15516,4928,500,990,87.0,90,9.9,10,12646,79,1.3830159447397676,1.561646926812903,1.314597947729494,-0.41691464264756517,1.2224723602745753,1.0969271928392672,1.2173453458893737,-0.22914901677242944,-0.4017596349063919,0.9467830013589739,0.6900649668386472,-1.0758964274030898,-1.060970526681064,0.9577173972772546,0.7840271434164165,High,2,0,1.8150779933081982,-1.6325116659989423,1.3830159447397672,1.561646926812903,1.3145979477294936,-0.41691464264756556,1.2224723602745757,1.0969271928392672,1.217345345889373,-0.22914901677242913,-0.4017596349063929,0.9467830013589735,0.690064966838647,-1.0758964274030902,-1.0609705266810645,0.9577173972772737,0.11112477676490543,-1.6325116659989425,-1.6325116659989423,0.11112477676490502,-1.6325116659989423,-1.6325116659989423
University of Virginia,No,15849,5384,2678,74,95,11278,114,12212,3792,500,1000,90.0,92,9.5,22,13597,95,1.9753736497180794,1.4617604744976094,1.6805951821206353,2.0190756387026667,1.5325223205294194,-0.6510175326391,0.5412117441402403,-0.22914901677242944,-0.3813083118461038,1.1932365358027166,0.8745903245365926,-1.1932219027537532,0.08579840488433134,1.1071791024892947,0.3397059751403874,Medium,1,0,0.3581403891754813,-1.6325116659989423,1.975373649718079,1.4617604744976094,1.6805951821206349,2.0190756387026663,1.5325223205294198,-0.6510175326391001,0.5412117441402396,-0.22914901677242913,-0.3813083118461048,1.1932365358027162,0.8745903245365925,-1.1932219027537536,0.08579840488433095,1.1071791024893138,-2.079527951943099,-1.6325116659989425,-1.6325116659989423,-2.0795279519431,-1.6325116659989423,-1.6325116659989423
University of Washington,No,12749,7025,3343,40,81,20356,4582,8199,4218,708,2172,96.0,94,9.0,10,16527,65,1.8012692185551267,1.7027680790482256,1.8582519744597874,0.8661712529818544,1.9154044247617317,1.864897813719468,-0.4676723837447251,1.0799500196774472,1.2438160485977954,1.7113078679607372,1.0657563528339236,-1.3426312395200746,-1.060970526681064,1.4814208582495607,0.5510236096948781,Low,0,0,-1.0987972149572356,-1.6325116659989423,1.8012692185551262,1.7027680790482256,1.858251974459787,0.8661712529818539,1.9154044247617321,1.864897813719468,-0.4676723837447258,1.0799500196774476,1.2438160485977943,1.7113078679607368,1.0657563528339236,-1.342631239520075,-1.0609705266810645,1.4814208582495798,-1.3540099844336537,-1.6325116659989425,-1.6325116659989423,-1.3540099844336544,-1.6325116659989423,-1.6325116659989423
University of West Florida,No,1558,1254,472,20,57,3754,2477,6172,3994,541,1387,83.0,87,23.4,12,8488,53,-0.03165269109180647,0.05905506315542611,0.05625345047371651,-0.26074560260699386,0.6723276205477827,1.3878765251614615,-1.1071352494247106,0.062383939314563375,0.292775210906879,0.6312170198691968,0.4255260215207906,2.1648568312503946,-0.8347120348951067,0.022118809633498108,0.8048780487804879,Low,0,0,-1.0987972149572356,-1.6325116659989423,-0.031652691091806816,0.059055063155426184,0.056253450473715834,-0.26074560260699425,0.6723276205477832,1.3878765251614615,-1.1071352494247113,0.0623839393145637,0.292775210906878,0.6312170198691964,0.4255260215207905,2.164856831250394,-0.8347120348951071,0.02211880963351718,0.28810160409303576,-1.6325116659989425,-1.6325116659989423,0.28810160409303537,-1.6325116659989423,-1.6325116659989423
University of Wisconsin-Stout,No,2593,1966,1030,9,32,6038,579,6704,2592,376,1750,78.0,78,21.0,17,6254,65,0.43882873757206087,0.5072751577400804,0.8408726450767475,-1.348494791392716,1.0695558358459671,0.3564556021898242,-0.9273445948337822,-1.2592339900156508,0.7817965352714337,0.2576999703306144,-0.2828555413330692,1.660902564484489,-0.3398815888114029,-0.8447342926043563,0.7581951407635943,Low,0,0,-1.0987972149572356,-1.6325116659989423,0.43882873757206053,0.5072751577400805,0.840872645076747,-1.3484947913927166,1.0695558358459676,0.35645560218982414,-0.9273445948337828,-1.2592339900156508,0.7817965352714327,0.25769997033061404,-0.28285554133306934,1.6609025644844886,-0.3398815888114033,-0.8447342926043372,-0.09630053878516259,-1.6325116659989425,-1.6325116659989423,-0.09630053878516305,-1.6325116659989423,-1.6325116659989423
University of Wisconsin-Superior,No,910,910,342,14,53,1434,417,7032,2780,550,1960,75.0,81,15.2,15,6490,36,-0.5476198884052121,-0.26923821492462563,-0.29629815564683426,-0.7737777547234982,-0.2707081931621502,0.1410616310279168,-0.8211276372671248,0.12378880488361321,1.0232499572294602,0.0447497870211825,-0.06061368145330422,0.3334196419182193,-0.5277223720549751,-0.7317980887568306,1.0,Low,0,0,-1.0987972149572356,-1.6325116659989423,-0.5476198884052125,-0.2692382149246256,-0.296298155646835,-0.7737777547234986,-0.2707081931621498,0.14106163102791672,-0.8211276372671255,0.12378880488361355,1.023249957229459,0.04474978702118213,-0.060613681453304334,0.33341964191821893,-0.5277223720549755,-0.7317980887568115,2.422460487936682,-1.6325116659989425,-1.6325116659989423,2.422460487936682,-1.6325116659989423,-1.6325116659989423
University of Wisconsin-Whitewater,No,4400,3719,1472,12,38,7804,1552,6950,2500,300,1200,90.0,95,23.1,16,5559,67,0.9089800652249647,1.1190310347251669,1.169389538661857,-0.9818731086748947,1.2673850142896237,1.041863944887663,-0.8473714795400918,-2.0489462340837274,-0.007646689375954711,1.1932365358027166,1.1638582779526243,2.1030730059438842,-0.4323290036172367,-1.2193651606883835,0.8452272727272727,Low,0,0,-1.0987972149572356,-1.6325116659989423,0.9089800652249643,1.1190310347251669,1.1693895386618565,-0.9818731086748952,1.2673850142896241,1.041863944887663,-0.8473714795400925,-2.0489462340837274,-0.007646689375955717,1.1932365358027162,1.1638582779526243,2.103073005943884,-0.4323290036172371,-1.2193651606883644,0.6561015212166443,-1.6325116659989425,-1.6325116659989423,0.656101521216644,-1.6325116659989423,-1.6325116659989423
University of Wisconsin at Green Bay,No,2409,1939,759,17,50,3819,1347,6900,2800,475,1200,81.0,89,22.2,1,5968,46,0.37192938508140994,0.4936993717452902,0.5451325668708097,-0.5000085327852752,0.6874088158651024,0.9397439156057278,-0.8634737863926079,-0.4173160543227945,-0.007646689375954711,0.47901914729053885,0.6002637149158834,1.9156974608106905,-2.5915300639706675,-0.9907361635530434,0.8048982980489829,Low,0,0,-1.0987972149572356,-1.6325116659989423,0.3719293850814096,0.49369937174529027,0.5451325668708091,-0.5000085327852757,0.6874088158651028,0.9397439156057277,-0.8634737863926085,-0.4173160543227942,-0.007646689375955717,0.47901914729053846,0.6002637149158833,1.91569746081069,-2.591530063970668,-0.9907361635530243,0.28827773837766424,-1.6325116659989425,-1.6325116659989423,0.28827773837766385,-1.6325116659989423,-1.6325116659989423
University of Wisconsin at Madison,No,14901,10932,4631,36,80,23945,2200,9096,4290,535,1545,93.0,96,11.5,20,11006,72,1.9263193552150328,2.0935394456217393,2.1083730932941074,0.683476302864234,2.012271982278197,1.2987779284318965,-0.2178985889026833,0.02095051300777232,0.5186656921692018,1.448076800235107,1.263654675854437,-0.6241683558478293,-0.07789765626183243,0.6544535683185625,0.7336420374471512,Medium,1,0,0.3581403891754813,-1.6325116659989423,1.9263193552150324,2.0935394456217393,2.108373093294107,0.6834763028642336,2.0122719822781976,1.2987779284318965,-0.21789858890268402,0.020950513007772644,0.5186656921692008,1.4480768002351065,1.263654675854437,-0.6241683558478297,-0.07789765626183281,0.6544535683185816,-0.2818365823564626,-1.6325116659989425,-1.6325116659989423,-0.2818365823564631,-1.6325116659989423,-1.6325116659989423
University of Wisconsin at Milwaukee,No,5244,3782,1930,12,37,11561,7443,8786,2964,570,1980,79.0,87,15.9,8,8094,38,1.0610105169933077,1.1347855624951806,1.4067168797921612,-0.9818731086748947,1.549609454115485,2.2593690716373347,-0.30231073153020604,0.25716645871250754,1.0449788162965008,0.3305429069207441,0.4255260215207906,0.5034686642441683,-1.310419180097965,-0.10352647929714527,0.721205186880244,Low,0,0,-1.0987972149572356,-1.6325116659989423,1.0610105169933073,1.1347855624951806,1.4067168797921608,-0.9818731086748952,1.5496094541154855,2.2593690716373347,-0.30231073153020677,0.25716645871250793,1.0449788162964997,0.33054290692074373,0.4255260215207905,0.5034686642441678,-1.3104191800979654,-0.1035264792971262,-0.37165953084080156,-1.6325116659989425,-1.6325116659989423,-0.37165953084080205,-1.6325116659989423,-1.6325116659989423
University of Wyoming,No,2029,1516,1073,23,46,7535,1488,5988,3422,600,1500,91.0,94,15.1,13,8745,45,0.21448915144111408,0.249897799281482,0.879434927328466,-0.04753313995778422,1.240990772271076,1.01137671914272,-1.1716827354094568,0.4497726389260374,0.4565936404384389,1.2772512278910106,1.0657563528339236,0.3088698067143141,-0.7285459060471434,0.09933207024629197,0.7471660916707737,Low,0,0,-1.0987972149572356,-1.6325116659989423,0.21448915144111372,0.2498977992814821,0.8794349273284654,-0.04753313995778462,1.2409907722710765,1.01137671914272,-1.1716827354094574,0.4497726389260378,0.4565936404384379,1.2772512278910102,1.0657563528339236,0.3088698067143137,-0.7285459060471439,0.09933207024631104,-0.1810112018086585,-1.6325116659989425,-1.6325116659989423,-0.18101120180865898,-1.6325116659989423,-1.6325116659989423
Upper Iowa University,Yes,663,452,192,10,35,1481,1160,8840,3060,500,1000,69.0,75,17.4,19,3733,78,-0.8610392255076436,-1.0114204776075368,-0.9731782126716294,-1.2174962818199055,-0.2357806209755607,0.8333534155666923,-0.2874675143248177,-0.22914901677242944,-0.3813083118461038,-0.3560631885270026,-0.4916463924532397,0.8579148600429469,-0.16286735762255852,-2.6784469934530826,0.6817496229260935,Medium,1,1,0.3581403891754813,0.6125530498969481,-0.8610392255076439,-1.0114204776075368,-0.9731782126716302,-1.217496281819906,-0.23578062097556027,0.8333534155666922,-0.28746751432481843,-0.22914901677242913,-0.3813083118461048,-0.35606318852700297,-0.4916463924532398,0.8579148600429465,-0.1628673576225589,-2.6784469934530635,-0.6389850418125561,0.6125530498969479,0.612553049896948,-0.6389850418125567,0.6125530498969481,0.6125530498969483
Ursinus College,Yes,1399,1026,308,44,77,1131,17,14900,5160,500,800,82.0,85,11.6,40,12082,79,-0.13333306856195795,-0.145543706740321,-0.4146893188785438,1.0350695150852658,-0.535508149362532,-1.646013991684304,1.0990191229607795,-0.22914901677242944,-0.8318078970334455,0.5546527948873138,0.25719681074029643,-0.5967914238632761,1.3055390172857926,0.8606138736250957,0.7333809864188706,Medium,1,1,0.3581403891754813,0.6125530498969481,-0.1333330685619583,-0.1455437067403209,-0.41468931887854454,1.0350695150852653,-0.5355081493625315,-1.646013991684304,1.0990191229607789,-0.22914901677242913,-0.8318078970334465,0.5546527948873134,0.2571968107402963,-0.5967914238632765,1.3055390172857921,0.8606138736251148,-0.28375025222161215,0.6125530498969479,0.612553049896948,-0.28375025222161265,0.6125530498969481,0.6125530498969483
Ursuline College,Yes,325,260,86,21,47,699,717,9600,4202,450,750,39.0,69,10.5,15,7164,68,-1.5933080782965794,-1.6234685460953355,-2.0177688760477355,-0.18710169614595554,-1.116384844835426,0.5001101137804034,-0.08460572927136699,-0.6143252338289236,-0.960715953306189,-1.8598688064952549,-0.870204749794732,-0.9033411845194759,-0.5277223720549751,-0.44141045499366877,0.8,Medium,1,1,0.3581403891754813,0.6125530498969481,-1.5933080782965798,-1.6234685460953355,-2.017768876047737,-0.18710169614595593,-1.1163848448354257,0.5001101137804033,-0.08460572927136771,-0.6143252338289233,-0.96071595330619,-1.8598688064952553,-0.8702047497947321,-0.9033411845194763,-0.5277223720549755,-0.44141045499364967,0.24591424374288126,0.6125530498969479,0.612553049896948,0.24591424374288087,0.6125530498969481,0.6125530498969483
Valley City State University,No,368,344,212,5,27,863,189,4286,2570,600,2000,39.0,41,14.9,25,4958,40,-1.462994961670164,-1.3107704089767596,-0.8527408804559998,-2.0101834480079033,-0.8544404258101077,-0.3532444310201672,-1.8419835201801726,0.4497726389260374,1.0665053144911143,-1.8598688064952549,-2.0249833565326143,0.25957157781628776,0.31770887154146105,-1.6068654725985199,0.9347826086956522,Low,0,0,-1.0987972149572356,-1.6325116659989423,-1.4629949616701645,-1.3107704089767596,-0.8527408804560006,-2.0101834480079037,-0.8544404258101073,-0.3532444310201673,-1.8419835201801733,0.4497726389260378,1.0665053144911132,-1.8598688064952553,-2.0249833565326143,0.25957157781628737,0.31770887154146066,-1.6068654725985008,1.604365726072254,-1.6325116659989425,-1.6325116659989423,1.604365726072254,-1.6325116659989423,-1.6325116659989423
Valparaiso University,Yes,2075,1727,520,49,81,2501,198,11800,3260,500,800,87.0,89,14.2,23,9681,95,0.23516164947312557,0.37951415708721153,0.15886297680070843,1.23000324536072,0.2984561966384836,-0.3251451417740173,0.4487755975664263,-0.22914901677242944,-0.8318078970334455,0.9467830013589739,0.6002637149158834,0.0848788535167615,0.16480224108923644,0.3533523323198108,0.832289156626506,Medium,1,1,0.3581403891754813,0.6125530498969481,0.2351616494731252,0.3795141570872116,0.1588629768007078,1.2300032453607195,0.29845619663848405,-0.3251451417740174,0.4487755975664256,-0.22914901677242913,-0.8318078970334465,0.9467830013589735,0.6002637149158833,0.08487885351676108,0.16480224108923605,0.3533523323198299,0.5343288478505251,0.6125530498969479,0.612553049896948,0.5343288478505248,0.6125530498969481,0.6125530498969483
Vanderbilt University,Yes,7791,4690,1499,71,92,5500,90,17865,6525,630,952,93.0,98,5.8,26,23850,83,1.3968749412523718,1.3349636318139333,1.1856289104675153,1.9367494180219447,0.9947867523964566,-0.785510162318298,1.6421623485696037,0.6341541487893395,-0.4812598480099949,1.448076800235107,1.4683762334705521,-2.3886463107948757,0.3918121831278882,2.0861100782277937,0.6019766397124887,High,2,1,1.8150779933081982,0.6125530498969481,1.3968749412523713,1.3349636318139333,1.1856289104675148,1.9367494180219442,0.9947867523964571,-0.7855101623182981,1.642162348569603,0.63415414878934,-0.4812598480099959,1.4480768002351065,1.4683762334705521,-2.388646310794876,0.3918121831278878,2.086110078227813,-1.1041130931831271,0.6125530498969479,0.612553049896948,-1.1041130931831278,0.6125530498969481,0.6125530498969483
Vassar College,Yes,3550,1877,653,53,87,2164,77,18920,5950,600,800,90.0,98,9.7,39,17089,90,0.7203235791103756,0.46174432283364736,0.3941903339893986,1.3749718020632458,0.15696623070595683,-0.8726164632592459,1.8210331515393803,0.4497726389260374,-0.8318078970334455,1.1932365358027166,1.4683762334705521,-1.1343222081673965,1.2464286838639715,1.5416673598242954,0.5287323943661972,High,2,1,1.8150779933081982,0.6125530498969481,0.7203235791103753,0.4617443228336474,0.394190333989398,1.3749718020632453,0.15696623070595728,-0.872616463259246,1.8210331515393796,0.4497726389260378,-0.8318078970334465,1.1932365358027162,1.4683762334705521,-1.134322208167397,1.246428683863971,1.5416673598243145,-1.452920063548043,0.6125530498969479,0.612553049896948,-1.4529200635480437,0.6125530498969481,0.6125530498969483
Villanova University,Yes,7759,5588,1477,30,68,6362,1292,15925,6507,400,300,89.0,90,13.4,24,10458,96,1.3934332326128354,1.4957218522332334,1.172422675701964,0.3771313679720627,1.110768615910773,0.9099300547454298,1.294213764486313,-1.0388011424180428,-2.7252136699495475,1.1101537037083895,0.6900649668386472,-0.11908588055207388,0.24207061628816592,0.537072693277588,0.7201959015337028,High,2,1,1.8150779933081982,0.6125530498969481,1.393433232612835,1.4957218522332334,1.1724226757019636,0.3771313679720623,1.1107686159107735,0.9099300547454297,1.2942137644863123,-1.0388011424180428,-2.7252136699495484,1.110153703708389,0.690064966838647,-0.1190858805520743,0.24207061628816554,0.5370726932776071,-0.3788291825678186,0.6125530498969479,0.612553049896948,-0.37882918256781917,0.6125530498969481,0.6125530498969483
Virginia Commonwealth University,No,4963,3497,1567,18,45,10262,5065,10217,4182,500,3630,81.0,87,8.7,11,11183,45,1.0135068595218872,1.0611468081678554,1.225073561386061,-0.41691464264756517,1.4665746675610412,1.9450427101487018,0.07245475037244582,-0.22914901677242944,2.372158297289465,0.47901914729053885,0.4255260215207906,-1.433828974687128,-0.9453261344609437,0.6904592463184166,0.7046141446705622,Medium,1,0,0.3581403891754813,-1.6325116659989423,1.0135068595218868,1.0611468081678554,1.2250735613860606,-0.41691464264756556,1.4665746675610416,1.9450427101487018,0.0724547503724451,-0.22914901677242913,2.372158297289464,0.47901914729053846,0.4255260215207905,-1.4338289746871284,-0.9453261344609442,0.6904592463184357,-0.48727752506845046,-1.6325116659989425,-1.6325116659989423,-0.487277525068451,-1.6325116659989423,-1.6325116659989423
Virginia State University,No,2996,2440,704,2,30,3006,338,5587,4845,500,600,61.0,63,16.0,11,5733,31,0.569087813370154,0.7176286101910586,0.4700901954279349,-2.807938928862917,0.47189763435101445,0.006449966980143823,-1.317010467369587,-0.22914901677242944,-1.4016694654541817,-0.8385089510035679,-1.1989966331316235,0.5275108544518977,-0.9453261344609437,-1.1190276635781944,0.8144192256341789,Low,0,0,-1.0987972149572356,-1.6325116659989423,0.5690878133701537,0.7176286101910587,0.4700901954279343,-2.8079389288629173,0.4718976343510149,0.006449966980143751,-1.3170104673695877,-0.22914901677242913,-1.4016694654541828,-0.8385089510035683,-1.1989966331316235,0.5275108544518973,-0.9453261344609442,-1.1190276635781753,0.3720269914249188,-1.6325116659989425,-1.6325116659989423,0.3720269914249184,-1.6325116659989423,-1.6325116659989423
Virginia Tech,No,15712,11719,4277,29,53,18511,604,10260,3176,740,2200,85.0,89,13.8,20,8944,73,1.9684823517281167,2.1538718639258936,2.0485135462729525,0.32152095127645364,1.8571042066659982,0.3846496495077527,0.08316567005402882,1.2505228253687197,1.271441718087908,0.7871378673668015,0.6002637149158834,-0.01650783055462927,-0.07789765626183243,0.15675571266200902,0.7458630346232179,Medium,1,0,0.3581403891754813,-1.6325116659989423,1.9684823517281163,2.1538718639258936,2.048513546272952,0.32152095127645325,1.8571042066659986,0.38464964950775266,0.0831656700540281,1.2505228253687202,1.271441718087907,0.7871378673668011,0.6002637149158833,-0.016507830554629687,-0.07789765626183281,0.1567557126620281,-0.19087092495194272,-1.6325116659989425,-1.6325116659989423,-0.19087092495194322,-1.6325116659989423,-1.6325116659989423
Virginia Union University,Yes,1847,1610,453,19,59,1298,67,7384,3494,500,1763,51.0,67,13.7,8,6757,30,0.12745669228243348,0.3098825999640241,0.012257974584972098,-0.337261774390416,-0.3801957208656953,-0.9491810589817518,-0.7106995601376148,-0.22914901677242944,0.7975035226222122,-1.358194779853355,-0.9851956007117693,-0.042038843535126456,-1.310419180097965,-0.6114270919997995,0.8716838115863562,Low,0,1,-1.0987972149572356,0.6125530498969481,0.12745669228243311,0.3098825999640242,0.012257974584971423,-0.3372617743904164,-0.38019572086569486,-0.9491810589817519,-0.7106995601376155,-0.22914901677242913,0.7975035226222112,-1.3581947798533553,-0.9851956007117694,-0.04203884353512687,-1.3104191800979654,-0.6114270919997804,0.91663818993148,0.6125530498969479,0.612553049896948,0.9166381899314798,0.6125530498969481,0.6125530498969483
Virginia Wesleyan College,Yes,1470,900,287,20,49,1130,417,10900,5100,500,550,70.0,81,15.7,14,7804,68,-0.08647233183032574,-0.28068207201942724,-0.4956100164975276,-0.26074560260699386,-0.5365208871280956,0.1410616310279168,0.2392103164884853,-0.22914901677242944,-1.5716298036474603,-0.2915826792352699,-0.06061368145330422,0.4551990742383173,-0.6263490551654358,-0.20219946116884377,0.6122448979591837,Medium,1,1,0.3581403891754813,0.6125530498969481,-0.08647233183032609,-0.2806820720194272,-0.49561001649752834,-0.26074560260699425,-0.5365208871280952,0.14106163102791672,0.23921031648848456,-0.22914901677242913,-1.5716298036474614,-0.2915826792352703,-0.060613681453304334,0.4551990742383169,-0.6263490551654363,-0.2021994611688247,-1.0495063183513995,0.6125530498969479,0.612553049896948,-1.0495063183514002,0.6125530498969481,0.6125530498969483
Viterbo College,Yes,647,518,271,17,43,1014,387,9140,3365,500,2245,51.0,65,10.7,31,8050,73,-0.885516322915528,-0.864058666450731,-0.5619877918729925,-0.5000085327852752,-0.6620223966765572,0.09292599325465443,-0.20607144744132522,-0.22914901677242944,1.3151650666524375,-1.358194779853355,-1.0947584403093151,-0.8466922550814785,0.7420738947418721,-0.11814405379940093,0.8006182380216383,Medium,1,1,0.3581403891754813,0.6125530498969481,-0.8855163229155283,-0.8640586664507309,-0.5619877918729933,-0.5000085327852757,-0.6620223966765567,0.09292599325465437,-0.20607144744132594,-0.22914901677242913,1.3151650666524364,-1.3581947798533553,-1.0947584403093151,-0.8466922550814789,0.7420738947418717,-0.11814405379938187,0.25123426167368074,0.6125530498969479,0.612553049896948,0.25123426167368035,0.6125530498969481,0.6125530498969483
Voorhees College,Yes,1465,1006,188,10,30,703,20,4450,2522,500,1200,75.0,43,22.9,3,5861,58,-0.08969209881850071,-0.1657686411994799,-0.9989996149315227,-1.2174962818199055,-1.1091333179555782,-1.5692140322425172,-1.7704914026663219,-0.22914901677242944,-0.007646689375954711,0.0447497870211825,-1.9721337198740063,2.0616989959450525,-2.110816300186537,-1.0481656942873756,0.6866894197952218,Low,0,1,-1.0987972149572356,0.6125530498969481,-0.08969209881850106,-0.16576864119947982,-0.9989996149315234,-1.217496281819906,-1.1091333179555778,-1.5692140322425172,-1.7704914026663225,-0.22914901677242913,-0.007646689375955717,0.04474978702118213,-1.9721337198740063,2.061698995945052,-2.1108163001865377,-1.0481656942873565,-0.6069416146370812,0.6125530498969479,0.612553049896948,-0.6069416146370817,0.6125530498969481,0.6125530498969483
Wabash College,Yes,800,623,256,41,76,801,5,12925,4195,500,635,78.0,85,9.9,55,14904,72,-0.6742648940576297,-0.6666738186648417,-0.628453545084318,0.9095959481215096,-0.9457246506082393,-2.1648813283667963,0.6964542189006792,-0.22914901677242944,-1.2903290422384914,0.2576999703306144,0.25719681074029643,-1.0758964274030898,2.1136198006949316,1.2881294141422053,0.77875,Medium,1,1,0.3581403891754813,0.6125530498969481,-0.67426489405763,-0.6666738186648415,-0.6284535450843188,0.9095959481215091,-0.9457246506082388,-2.1648813283667963,0.6964542189006785,-0.22914901677242913,-1.2903290422384925,0.25769997033061404,0.2571968107402963,-1.0758964274030902,2.113619800694931,1.2881294141422244,0.06770322274381664,0.6125530498969479,0.612553049896948,0.06770322274381622,0.6125530498969481,0.6125530498969483
Wagner College,Yes,1416,1015,417,10,44,1324,117,13500,5800,585,1700,67.0,78,13.2,23,9006,75,-0.12188424019020269,-0.15661469943165796,-0.07726054175254093,-1.2174962818199055,-0.35821275340335973,-0.6360549970094623,0.8175992438831524,0.3545466040777631,0.7203603688354095,-0.4822397840169151,-0.2828555413330692,-0.17083644547256602,0.16480224108923644,0.17424554557840552,0.7168079096045198,Medium,1,1,0.3581403891754813,0.6125530498969481,-0.12188424019020304,-0.15661469943165787,-0.07726054175254163,-1.217496281819906,-0.3582127534033593,-0.6360549970094624,0.8175992438831517,0.3545466040777635,0.7203603688354085,-0.4822397840169155,-0.28285554133306934,-0.17083644547256643,0.16480224108923605,0.1742455455784246,-0.4027663733847027,0.6125530498969479,0.612553049896948,-0.4027663733847033,0.6125530498969481,0.6125530498969483
Wake Forest University,Yes,5661,2392,903,75,88,3499,172,13850,4360,500,1250,95.0,97,4.3,37,41766,89,1.1266902706001451,0.6984119147585888,0.7151246191118071,2.045929987248018,0.6099319481094975,-0.4098129665865338,0.8896875349698704,-0.22914901677242944,0.07671009872843897,1.6226316210808194,1.3651568927969056,-2.9524395103415952,1.1257980885897985,2.806030575859644,0.4225401872460696,Medium,1,1,0.3581403891754813,0.6125530498969481,1.1266902706001447,0.6984119147585889,0.7151246191118066,2.0459299872480177,0.6099319481094979,-0.4098129665865339,0.8896875349698697,-0.22914901677242913,0.07671009872843797,1.622631621080819,1.3651568927969056,-2.9524395103415957,1.125798088589798,2.8060305758596633,-1.847350618939114,0.6125530498969479,0.612553049896948,-1.847350618939115,0.6125530498969481,0.6125530498969483
Walsh University,Yes,1092,890,477,27,92,847,497,8670,4180,500,1450,42.0,58,11.3,33,5738,68,-0.3704051160865801,-0.2922626977533954,0.06749209804203221,0.20567765393688317,-0.8772145500249536,0.25546532130005223,-0.33440002124787394,-0.22914901677242944,0.38556868420312496,-1.7468982196620897,-1.436985365837391,-0.6792077728800088,0.8739402534841448,-1.1162139332636565,0.815018315018315,Low,0,1,-1.0987972149572356,0.6125530498969481,-0.37040511608658044,-0.29226269775339536,0.06749209804203155,0.20567765393688278,-0.8772145500249532,0.2554653213000522,-0.33440002124787466,-0.22914901677242913,0.38556868420312396,-1.7468982196620901,-1.436985365837391,-0.6792077728800092,0.8739402534841444,-1.1162139332636374,0.3773594509639271,0.6125530498969479,0.612553049896948,0.37735945096392676,0.6125530498969481,0.6125530498969483
Warren Wilson College,Yes,440,311,112,25,49,466,7,10000,3052,400,1100,65.0,75,11.4,20,9430,63,-1.2775944486362185,-1.4227383390698465,-1.6604962888730483,0.08298682799864276,-1.6554241201188573,-2.0337059225665857,0.01794519882414195,-1.0388011424180428,-0.18660316336359328,-0.6047051624414783,-0.4916463924532397,-0.6516401064957508,-0.07789765626183243,0.2890640351901074,0.7068181818181818,Medium,1,1,0.3581403891754813,0.6125530498969481,-1.277594448636219,-1.4227383390698465,-1.6604962888730492,0.08298682799864236,-1.6554241201188569,-2.0337059225665857,0.017945198824141233,-1.0388011424180428,-0.18660316336359428,-0.6047051624414786,-0.4916463924532398,-0.6516401064957512,-0.07789765626183281,0.2890640351901265,-0.4721906577404818,0.6125530498969479,0.612553049896948,-0.47219065774048236,0.6125530498969481,0.6125530498969483
Wartburg College,Yes,1231,1074,345,34,66,1295,105,11600,3610,400,850,66.0,91,12.4,37,7735,67,-0.2552175552107637,-0.09867538145843012,-0.28650895646692215,0.5861080901616065,-0.3827667217361517,-0.6981485957704842,0.40313794040544176,-1.0388011424180428,-0.7101522318661437,-0.5439362728703399,0.781503315639944,-0.38106451301120514,1.1257980885897985,-0.22651363351716397,0.8724614134849715,Medium,1,1,0.3581403891754813,0.6125530498969481,-0.25521755521076406,-0.09867538145843005,-0.28650895646692287,0.586108090161606,-0.3827667217361513,-0.6981485957704843,0.40313794040544104,-1.0388011424180428,-0.7101522318661447,-0.5439362728703402,0.7815033156399439,-0.38106451301120553,1.125798088589798,-0.2265136335171449,0.9245355971625544,0.6125530498969479,0.612553049896948,0.9245355971625542,0.6125530498969481,0.6125530498969483
Washington and Jefferson College,Yes,1305,1100,334,42,64,1098,151,16260,4005,300,500,91.0,91,12.1,40,10162,86,-0.19945939947469637,-0.0742147940925431,-0.32289449779263835,0.9521981331052524,-0.5695174566801785,-0.4871693496281269,1.3562137566016816,-2.0489462340837274,-1.756532921293452,1.2772512278910106,0.781503315639944,-0.4612920948206636,1.3055390172857926,0.4696426859743391,0.842911877394636,High,2,1,1.8150779933081982,0.6125530498969481,-0.19945939947469674,-0.07421479409254303,-0.32289449779263907,0.9521981331052519,-0.5695174566801781,-0.48716934962812697,1.356213756601681,-2.0489462340837274,-1.756532921293453,1.2772512278910102,0.7815033156399439,-0.46129209482066397,1.3055390172857921,0.4696426859743582,0.6340416543508602,0.6125530498969479,0.612553049896948,0.6340416543508599,0.6125530498969481,0.6125530498969483
Washington and Lee University,Yes,3315,1096,425,68,93,1584,3,13750,4619,680,1115,81.0,96,9.6,45,15736,90,0.6595012109719031,-0.07793746656679172,-0.056616119522534834,1.8516207702243794,-0.1637502618201717,-2.3443456717122193,0.8692141979442372,0.9250882537516802,-0.1588224576786911,0.47901914729053885,1.263654675854437,-1.1637120187547967,1.590170069482996,1.391059603843642,0.3306184012066365,Medium,1,1,0.3581403891754813,0.6125530498969481,0.6595012109719027,-0.07793746656679165,-0.05661611952253552,1.851620770224379,-0.16375026182017124,-2.3443456717122193,0.8692141979442365,0.9250882537516807,-0.1588224576786921,0.47901914729053846,1.263654675854437,-1.1637120187547971,1.5901700694829957,1.3910596038436611,-2.101550174518867,0.6125530498969479,0.612553049896948,-2.101550174518868,0.6125530498969481,0.6125530498969483
Washington College,Yes,1209,942,214,31,60,822,46,15276,5318,500,300,79.0,86,11.2,37,10830,65,-0.272490066136602,-0.2335016119751344,-0.8414215923447178,0.4313193649006998,-0.9138691867387,-1.1508735098970577,1.1716177349983823,-0.22914901677242944,-2.7252136699495475,0.3305429069207441,0.3405662242258264,-0.706872473805698,1.1257980885897985,0.6177546787401086,0.7791563275434243,High,2,1,1.8150779933081982,0.6125530498969481,-0.2724900661366023,-0.2335016119751343,-0.8414215923447186,0.4313193649006994,-0.9138691867386995,-1.1508735098970577,1.1716177349983816,-0.22914901677242913,-2.7252136699495484,0.33054290692074373,0.3405662242258263,-0.7068724738056984,1.125798088589798,0.6177546787401277,0.07102722729781498,0.6125530498969479,0.612553049896948,0.07102722729781456,0.6125530498969481,0.6125530498969483
Washington State University,No,6540,5839,2440,31,70,14445,1344,8200,4210,800,2719,84.0,87,16.9,30,10912,56,1.2495845992054913,1.5357315781311336,1.604192860041189,0.4313193649006998,1.6990569133761568,0.9381466348574098,-0.4673841666852411,1.553695186961413,1.7320536593020115,0.7087119890670915,0.4255260215207906,0.7412034085943565,0.6744919519989533,0.6349666060707768,0.8928134556574924,Low,0,0,-1.0987972149572356,-1.6325116659989423,1.2495845992054908,1.5357315781311336,1.6041928600411886,0.4313193649006994,1.6990569133761573,0.9381466348574097,-0.4673841666852418,1.5536951869614135,1.7320536593020104,0.7087119890670912,0.4255260215207905,0.7412034085943561,0.6744919519989528,0.6349666060707959,1.136238008007843,-1.6325116659989425,-1.6325116659989423,1.1362380080078427,-1.6325116659989423,-1.6325116659989423
Washington University,Yes,7654,5259,1254,62,93,4879,1274,18350,5775,768,1512,91.0,98,3.9,31,45702,90,1.382032148891488,1.4402632868366951,1.0241769963734981,1.6720322845414457,0.8965273244674812,0.8999206722762453,1.7252303691215456,1.3945734568073531,0.4733130712975343,1.2772512278910106,1.4683762334705521,-3.1140711184585355,0.7420738947418721,2.9026704495838045,0.687091716749412,High,2,1,1.8150779933081982,0.6125530498969481,1.3820321488914875,1.4402632868366951,1.0241769963734977,1.6720322845414453,0.8965273244674816,0.8999206722762452,1.725230369121545,1.3945734568073536,0.4733130712975333,1.2772512278910102,1.4683762334705521,-3.114071118458536,0.7420738947418717,2.9026704495838236,-0.6043144200574394,0.6125530498969479,0.612553049896948,-0.60431442005744,0.6125530498969481,0.6125530498969483
Wayne State College,No,1373,1373,724,6,21,2754,474,2700,2660,540,1660,60.0,68,20.3,29,4550,52,-0.15113497351650598,0.15055766364788475,0.4981381365274651,-1.8174726933497243,0.39020200367016955,0.22440445293881253,-2.6503412816072407,0.05550628934752403,0.6699943097441695,-0.8946430399991983,-0.9283850943804479,1.5094948543988653,0.605737985971725,-1.9139131052566696,1.0,Low,0,0,-1.0987972149572356,-1.6325116659989423,-0.15113497351650634,0.15055766364788484,0.49813813652746447,-1.8174726933497247,0.39020200367017,0.22440445293881245,-2.6503412816072416,0.05550628934752436,0.6699943097441685,-0.8946430399991986,-0.928385094380448,1.5094948543988649,0.6057379859717246,-1.9139131052566505,2.422460487936682,-1.6325116659989425,-1.6325116659989423,2.422460487936682,-1.6325116659989423,-1.6325116659989423
Waynesburg College,Yes,1190,978,324,12,30,1280,61,8840,3620,500,1200,57.0,58,16.2,26,6563,63,-0.28768080300987153,-0.1948177842924227,-0.35719214564265944,-0.9818731086748947,-0.3957315203513089,-1.0002238486978667,-0.2874675143248177,-0.22914901677242944,-0.007646689375954711,-1.057488442042449,-1.436985365837391,0.5754126153059119,0.3918121831278882,-0.6981385027047662,0.8218487394957983,Medium,1,1,0.3581403891754813,0.6125530498969481,-0.28768080300987187,-0.1948177842924226,-0.35719214564266016,-0.9818731086748952,-0.39573152035130843,-1.0002238486978667,-0.28746751432481843,-0.22914901677242913,-0.007646689375955717,-1.0574884420424495,-1.436985365837391,0.5754126153059115,0.3918121831278878,-0.6981385027047471,0.43868653328724877,0.6125530498969479,0.612553049896948,0.43868653328724844,0.6125530498969481,0.6125530498969483
Webber College,Yes,280,143,79,5,27,327,110,5590,2900,650,1952,53.0,63,15.1,4,4839,90,-1.751116929101196,-2.3108011256329446,-2.1355150862755283,-2.0101834480079033,-2.166789250154402,-0.6715325760288845,-1.3158981904854206,0.7528645357434074,1.0145008615765816,-1.2616584368949362,-1.1989966331316235,0.3088698067143141,-1.9198799308640517,-1.6922849165721516,0.5107142857142857,Low,0,1,-1.0987972149572356,0.6125530498969481,-1.7511169291011965,-2.3108011256329446,-2.1355150862755297,-2.0101834480079037,-2.1667892501544017,-0.6715325760288846,-1.3158981904854212,0.7528645357434078,1.0145008615765805,-1.2616584368949366,-1.1989966331316235,0.3088698067143137,-1.9198799308640522,-1.6922849165721325,-1.5285233691500364,0.6125530498969479,0.612553049896948,-1.5285233691500373,0.6125530498969481,0.6125530498969483
Webster University,Yes,665,462,226,17,44,1739,1550,9160,4340,500,500,68.0,68,20.6,14,6951,48,-0.8580241902768575,-0.9876682744552945,-0.7759682850486828,-0.5000085327852752,-0.06547827500584556,1.0409287504646096,-0.20070783734938485,-0.22914901677242944,-1.756532921293452,-0.4196154901574144,-0.9283850943804479,1.5746432349321753,-0.6263490551654358,-0.5284724540946957,0.6947368421052632,Medium,1,1,0.3581403891754813,0.6125530498969481,-0.8580241902768578,-0.9876682744552944,-0.7759682850486835,-0.5000085327852757,-0.0654782750058451,1.0409287504646096,-0.20070783734938558,-0.22914901677242913,-1.756532921293453,-0.4196154901574148,-0.928385094380448,1.5746432349321748,-0.6263490551654363,-0.5284724540946766,-0.553880606275237,0.6125530498969479,0.612553049896948,-0.5538806062752376,0.6125530498969481,0.6125530498969483
Wellesley College,Yes,2895,1249,579,80,96,2195,156,18345,5995,500,700,94.0,98,10.6,51,21409,91,0.5382912883575871,0.05500941558708314,0.27094621856668183,2.17609570222636,0.17107100569052386,-0.46790331500725246,1.7243814015295955,-0.22914901677242944,-1.0978374622751548,1.5348879805589812,1.4683762334705521,-0.8749639552550215,1.9107498885325442,1.9204223281075454,0.431433506044905,High,2,1,1.8150779933081982,0.6125530498969481,0.5382912883575868,0.055009415587083214,0.2709462185666812,2.1760957022263594,0.1710710056905243,-0.4679033150072525,1.7243814015295948,-0.22914901677242913,-1.0978374622751559,1.5348879805589808,1.4683762334705521,-0.8749639552550219,1.9107498885325438,1.9204223281075645,-1.818778654613085,0.6125530498969479,0.612553049896948,-1.818778654613086,0.6125530498969481,0.6125530498969483
Wells College,Yes,318,240,130,40,85,416,19,14900,5550,600,500,93.0,98,8.3,42,13935,69,-1.616260761999927,-1.7139474080897388,-1.4649170396167148,0.8661712529818544,-1.8150220375101371,-1.5936320124729781,1.0990191229607795,0.4497726389260374,-1.756532921293452,1.448076800235107,1.4683762334705521,-1.5573448858410492,1.4214971999277994,1.1564756361816688,0.7547169811320755,Medium,1,1,0.3581403891754813,0.6125530498969481,-1.6162607619999274,-1.7139474080897388,-1.4649170396167157,0.8661712529818539,-1.8150220375101367,-1.5936320124729781,1.0990191229607789,0.4497726389260378,-1.756532921293453,1.4480768002351065,1.4683762334705521,-1.5573448858410497,1.421497199927799,1.156475636181688,-0.12325946498559316,0.6125530498969479,0.612553049896948,-0.12325946498559362,0.6125530498969481,0.6125530498969483
Wentworth Institute of Technology,Yes,1480,1257,452,6,25,2961,572,9850,6050,850,920,10.0,68,15.4,8,17858,64,-0.08006790355746565,0.06147417892588261,0.009883678419619842,-1.8174726933497243,0.45793554595258434,0.3483621876242042,-0.020190033493514257,1.7915380157237073,-0.5505199373911869,-2.5265754853049125,-0.9283850943804479,0.3823236670850935,-1.310419180097965,1.619322212063175,0.8493243243243244,Medium,1,1,0.3581403891754813,0.6125530498969481,-0.080067903557466,0.06147417892588269,0.009883678419619167,-1.8174726933497247,0.4579355459525848,0.3483621876242041,-0.020190033493514975,1.7915380157237077,-0.5505199373911879,-2.526575485304913,-0.928385094380448,0.38232366708509313,-1.3104191800979654,1.619322212063194,0.6954246906191932,0.6125530498969479,0.612553049896948,0.6954246906191929,0.6125530498969481,0.6125530498969483
Wesley College,Yes,980,807,350,10,25,872,448,9890,4674,500,1350,52.0,57,14.4,15,6243,84,-0.47530453764545033,-0.394112964695231,-0.27040980620663224,-1.2174962818199055,-0.8418548561887925,0.18759135722239323,-0.009983543493118242,-0.22914901677242944,0.236441135041996,-1.3103887835738515,-1.4808140901662576,0.13513949985508442,-0.5277223720549751,-0.8501583729075494,0.823469387755102,Medium,1,1,0.3581403891754813,0.6125530498969481,-0.47530453764545066,-0.39411296469523094,-0.27040980620663296,-1.217496281819906,-0.8418548561887921,0.18759135722239315,-0.00998354349311896,-0.22914901677242913,0.236441135041995,-1.310388783573852,-1.4808140901662576,0.135139499855084,-0.5277223720549755,-0.8501583729075303,0.45338133145527165,0.6125530498969479,0.612553049896948,0.4533813314552713,0.6125530498969481,0.6125530498969483
Wesleyan University,Yes,4772,1973,712,60,86,2714,27,19130,5600,1400,1400,90.0,94,12.1,39,16262,92,0.9795390855001427,0.5107622560707896,0.4814184877265137,1.6091146533387966,0.37639681708212636,-1.4231391560978544,1.8558505883247511,3.8204197376162234,0.3122382660840021,1.1932365358027166,1.0657563528339236,-0.4612920948206636,1.2464286838639715,1.4519042542365592,0.41345347862531434,High,2,1,1.8150779933081982,0.6125530498969481,0.9795390855001423,0.5107622560707897,0.4814184877265131,1.609114653338796,0.3763968170821268,-1.4231391560978544,1.8558505883247505,3.8204197376162243,0.3122382660840011,1.1932365358027162,1.0657563528339236,-0.46129209482066397,1.246428683863971,1.4519042542365783,-1.875772113969664,0.6125530498969479,0.612553049896948,-1.8757721139696648,0.6125530498969481,0.6125530498969483
West Chester University of Penn.,No,6502,3539,1372,11,51,7484,1904,7844,4108,400,2000,76.0,79,15.3,16,6773,52,1.24464817430477,1.0723941555079977,1.1060983394764514,-1.095737735489672,1.2358570132129332,1.1914383598578429,-0.5714845836094821,-1.0388011424180428,1.0665053144911143,0.11480358880148679,-0.21028570541136532,0.3579040707316264,-0.4323290036172367,-0.6044470664275187,0.5442940633651184,Low,0,0,-1.0987972149572356,-1.6325116659989423,1.2446481743047695,1.0723941555079977,1.106098339476451,-1.0957377354896725,1.2358570132129336,1.1914383598578429,-0.5714845836094827,-1.0388011424180428,1.0665053144911132,0.11480358880148643,-0.21028570541136543,0.357904070731626,-0.4323290036172371,-0.6044470664274996,-1.3845117757535197,-1.6325116659989425,-1.6325116659989423,-1.3845117757535204,-1.6325116659989423,-1.6325116659989423
West Liberty State College,No,1164,1062,478,12,25,2138,227,4470,2890,600,1210,33.0,33,16.3,10,4249,60,-0.30889519356706063,-0.11017932397356985,0.06972351130966178,-0.9818731086748947,0.14494512608681673,-0.2418985936692285,-1.7618919498830183,0.4497726389260374,0.009481775432553024,-2.0609672537347192,-2.197826020784701,0.599273199975862,-1.060970526681064,-2.16908036170828,0.9123711340206185,Low,0,0,-1.0987972149572356,-1.6325116659989423,-0.30889519356706097,-0.11017932397356978,0.06972351130966112,-0.9818731086748952,0.14494512608681717,-0.24189859366922858,-1.761891949883019,0.4497726389260378,0.009481775432552018,-2.0609672537347197,-2.197826020784701,0.5992731999758616,-1.0609705266810645,-2.169080361708261,1.3489762905190534,-1.6325116659989425,-1.6325116659989423,1.3489762905190532,-1.6325116659989423,-1.6325116659989423
West Virginia Wesleyan College,Yes,1566,1400,483,28,55,1509,170,14200,3775,450,1100,58.0,81,16.4,42,8080,67,-0.026834723308074286,0.17013762377151362,0.08080033358776872,0.26440143846515807,-0.21560870475517116,-0.4167989147875154,0.9605887205013244,-0.6143252338289236,-0.18660316336359328,-1.004132554468048,-0.06061368145330422,0.6230742516139866,1.4214971999277994,-0.10816420664260272,0.8939974457215837,Medium,1,1,0.3581403891754813,0.6125530498969481,-0.026834723308074633,0.1701376237715137,0.08080033358776806,0.2644014384651577,-0.21560870475517072,-0.41679891478751546,0.9605887205013237,-0.6143252338289233,-0.18660316336359428,-1.0041325544680484,-0.060613681453304334,0.6230742516139861,1.421497199927799,-0.10816420664258365,1.148854485887168,0.6125530498969479,0.612553049896948,1.1488544858871679,0.6125530498969481,0.6125530498969483
Western Carolina University,No,3224,2519,1057,11,31,5000,706,6390,2380,110,1622,67.0,78,14.6,9,6554,55,0.6346950924137782,0.7483919901103695,0.8652982610284117,-1.095737735489672,0.9168295590538801,0.48963054946312307,-1.0322761357968588,-5.290281559754384,0.6210943598416085,-0.4822397840169151,-0.2828555413330692,0.18511882893705714,-1.18236541463741,-0.7022570454724648,0.7813275434243176,Low,0,0,-1.0987972149572356,-1.6325116659989423,0.6346950924137779,0.7483919901103696,0.8652982610284111,-1.0957377354896725,0.9168295590538805,0.489630549463123,-1.0322761357968595,-5.290281559754385,0.6210943598416075,-0.4822397840169155,-0.28285554133306934,0.18511882893705672,-1.1823654146374105,-0.7022570454724457,0.08884371616744899,-1.6325116659989425,-1.6325116659989423,0.08884371616744857,-1.6325116659989423,-1.6325116659989423
Western Maryland College,Yes,1205,984,278,31,50,1071,98,14510,5340,500,1400,84.0,91,12.5,39,10026,60,-0.27566673156426297,-0.18851874301150634,-0.5324062373126774,0.4313193649006998,-0.5982832472797769,-0.737407288429772,1.0224342684615746,-0.22914901677242944,0.3122382660840021,0.7087119890670915,0.781503315639944,-0.3544948895129964,1.2464286838639715,0.4376362388752852,0.816597510373444,Medium,1,1,0.3581403891754813,0.6125530498969481,-0.2756667315642633,-0.18851874301150626,-0.5324062373126782,0.4313193649006994,-0.5982832472797764,-0.7374072884297721,1.022434268461574,-0.22914901677242913,0.3122382660840011,0.7087119890670912,0.7815033156399439,-0.3544948895129968,1.246428683863971,0.4376362388753043,0.39145158253519674,0.6125530498969479,0.612553049896948,0.3914515825351964,0.6125530498969481,0.6125530498969483
Western Michigan University,No,9167,7191,2738,24,53,15739,4278,6940,4100,500,1700,80.0,84,24.7,11,5983,55,1.5320486572587946,1.7237110773417472,1.698621008842008,0.018775285270126344,1.7547049655016775,1.8103959826095524,-0.8505858381761061,-0.22914901677242944,0.7203603688354095,0.4043159082560863,0.17540598418550252,2.4288747342123322,-0.9453261344609437,-0.9828121115563805,0.7844442020290171,Low,0,0,-1.0987972149572356,-1.6325116659989423,1.5320486572587941,1.7237110773417472,1.6986210088420075,0.018775285270125945,1.754704965501678,1.8103959826095524,-0.8505858381761068,-0.22914901677242913,0.7203603688354085,0.40431590825608593,0.1754059841855024,2.428874734212332,-0.9453261344609442,-0.9828121115563614,0.11457972698602258,-1.6325116659989425,-1.6325116659989423,0.11457972698602217,-1.6325116659989423,-1.6325116659989423
Western New England College,Yes,1650,1471,409,7,21,1803,1116,8994,5500,498,2065,74.0,97,15.4,15,8409,59,0.022214997826867207,0.21975748689713356,-0.09836709906618117,-1.6457438988012263,-0.02797003750372891,0.8060510282768524,-0.24546135115669115,-0.243896802994549,1.1351150092709685,-0.024374663811267006,1.3651568927969056,0.3823236670850935,-0.5277223720549751,-0.0023446539784726045,0.8915151515151515,Medium,1,1,0.3581403891754813,0.6125530498969481,0.02221499782686686,0.21975748689713365,-0.09836709906618187,-1.6457438988012267,-0.02797003750372845,0.8060510282768523,-0.24546135115669188,-0.2438968029945487,1.1351150092709674,-0.02437466381126737,1.3651568927969056,0.38232366708509313,-0.5277223720549755,-0.0023446539784535334,1.1224418172629482,0.6125530498969479,0.612553049896948,1.122441817262948,0.6125530498969481,0.6125530498969483
Western State College of Colorado,No,2702,1623,604,7,24,2315,146,5918,3755,500,2050,76.0,79,19.4,4,4599,52,0.47609766387543134,0.31788239014638625,0.3145232378170718,-1.6457438988012263,0.2234652075220178,-0.5070236655837428,-1.1965808561746167,-0.22914901677242944,1.1194614140887247,0.11480358880148679,-0.21028570541136532,1.3116300610018234,-1.9198799308640517,-1.8748285263996944,0.6006661732050333,Low,0,0,-1.0987972149572356,-1.6325116659989423,0.476097663875431,0.3178823901463863,0.3145232378170712,-1.6457438988012267,0.22346520752201823,-0.5070236655837429,-1.1965808561746174,-0.22914901677242913,1.1194614140887236,0.11480358880148643,-0.21028570541136543,1.311630061001823,-1.9198799308640522,-1.8748285263996753,-1.11097620310941,-1.6325116659989425,-1.6325116659989423,-1.1109762031094106,-1.6325116659989423,-1.6325116659989423
Western Washington University,No,5548,3563,1549,30,71,8909,506,8124,4144,639,2385,75.0,89,22.7,10,7203,61,1.1094185486068266,1.078757261231973,1.2148276972317582,0.3771313679720627,1.3652165599961592,0.26726367116458916,-0.48935481133167896,0.6879747191692652,1.4461824713582152,0.0447497870211825,0.6002637149158834,2.0201750817185355,-1.060970526681064,-0.4259009424773406,0.6422134102379236,Low,0,0,-1.0987972149572356,-1.6325116659989423,1.1094185486068262,1.078757261231973,1.2148276972317578,0.3771313679720623,1.3652165599961597,0.2672636711645891,-0.4893548113316797,0.6879747191692657,1.446182471358214,0.04474978702118213,0.6002637149158833,2.020175081718535,-1.0609705266810645,-0.4259009424773215,-0.8814730624829298,-1.6325116659989425,-1.6325116659989423,-0.8814730624829304,-1.6325116659989423,-1.6325116659989423
Westfield State College,No,3100,2150,825,3,20,3234,941,5542,3788,500,1300,75.0,79,15.7,20,4222,65,0.5996558650526717,0.5947898609844905,0.6272966794506794,-2.490004639445861,0.5389221090654759,0.6867115780169966,-1.3337419054172122,-0.22914901677242944,0.1579982604829097,0.0447497870211825,-0.21028570541136532,0.4551990742383173,-0.07789765626183243,-2.1933317440900617,0.6935483870967742,Low,0,0,-1.0987972149572356,-1.6325116659989423,0.5996558650526713,0.5947898609844906,0.6272966794506788,-2.4900046394458615,0.5389221090654763,0.6867115780169964,-1.3337419054172128,-0.22914901677242913,0.15799826048290871,0.04474978702118213,-0.21028570541136543,0.4551990742383169,-0.07789765626183281,-2.1933317440900426,-0.5617842429476635,-1.6325116659989425,-1.6325116659989423,-0.561784242947664,-1.6325116659989423,-1.6325116659989423
Westminster College MO,Yes,662,553,184,20,43,665,37,10720,4050,600,1650,66.0,70,12.5,20,7925,62,-0.8625504017494298,-0.7938512323137594,-1.0254609739704748,-0.26074560260699386,-1.1801381959424015,-1.2640771217354958,0.19594511020954414,0.4497726389260374,0.6572272294828756,-0.5439362728703399,-0.8106418143240208,-0.3544948895129964,-0.07789765626183243,-0.16035225168961043,0.8353474320241692,Medium,1,1,0.3581403891754813,0.6125530498969481,-0.8625504017494301,-0.7938512323137593,-1.0254609739704756,-0.26074560260699425,-1.180138195942401,-1.2640771217354958,0.19594511020954342,0.4497726389260378,0.6572272294828746,-0.5439362728703402,-0.8106418143240209,-0.3544948895129968,-0.07789765626183281,-0.16035225168959136,0.5627859413737768,0.6125530498969479,0.612553049896948,0.5627859413737765,0.6125530498969481,0.6125530498969483
Westminster College,Yes,996,866,377,29,58,1411,72,12065,3615,430,685,62.0,78,12.5,41,8596,80,-0.4595533120048728,-0.32063358423610366,-0.18782749499926185,0.32152095127645364,-0.2883128332247027,-0.9096993359514103,0.508469374506252,-0.7789267328414803,-1.1407438405766797,-0.7814483389667398,-0.2828555413330692,-0.3544948895129964,1.3638859589907049,0.05499999144991835,0.8694779116465864,Medium,1,1,0.3581403891754813,0.6125530498969481,-0.45955331200487315,-0.3206335842361036,-0.18782749499926255,0.32152095127645325,-0.28831283322470225,-0.9096993359514104,0.5084693745062513,-0.7789267328414801,-1.1407438405766808,-0.7814483389667402,-0.28285554133306934,-0.3544948895129968,1.3638859589907044,0.05499999144993742,0.8943104086741722,0.6125530498969479,0.612553049896948,0.894310408674172,0.6125530498969481,0.6125530498969483
Westminster College of Salt Lake City,Yes,917,720,213,21,60,979,743,8820,4050,600,2025,68.0,83,10.5,34,7170,50,-0.5401243394397569,-0.5136628163079656,-0.8470659416908405,-0.18710169614595554,-0.7033647572673078,0.5243081390362937,-0.29295803868213743,0.4497726389260374,1.0931347662332067,-0.4196154901574144,0.09518189874570733,-0.9033411845194759,0.9383237726310382,-0.43901590979046584,0.7851690294438386,Medium,1,1,0.3581403891754813,0.6125530498969481,-0.5401243394397572,-0.5136628163079655,-0.8470659416908413,-0.18710169614595593,-0.7033647572673074,0.5243081390362936,-0.29295803868213816,0.4497726389260378,1.0931347662332056,-0.4196154901574148,0.09518189874570722,-0.9033411845194763,0.9383237726310377,-0.43901590979044675,0.12059241164126351,0.6125530498969479,0.612553049896948,0.12059241164126311,0.6125530498969481,0.6125530498969483
Westmont College,No,950,713,351,42,72,1276,9,14320,5304,490,1410,77.0,77,14.9,17,8837,87,-0.5055957205543463,-0.5239455086149515,-0.26722180546366914,0.9521981331052524,-0.39922009808553394,-1.9297030229627374,0.9846331619167052,-0.303409250383206,0.3270962863829321,0.18578692338884797,-0.3539307841170397,0.25957157781628776,-0.3398815888114029,0.1261275436581606,0.7505263157894737,Medium,1,0,0.3581403891754813,-1.6325116659989423,-0.5055957205543467,-0.5239455086149514,-0.26722180546366986,0.9521981331052519,-0.3992200980855335,-1.9297030229627374,0.9846331619167046,-0.3034092503832057,0.3270962863829311,0.1857869233888476,-0.3539307841170398,0.25957157781628737,-0.3398815888114033,0.12612754365817966,-0.1554414347796772,-1.6325116659989425,-1.6325116659989423,-0.15544143477967767,-1.6325116659989423,-1.6325116659989423
Wheaton College IL,Yes,1432,920,548,56,84,2200,56,11480,4200,530,1400,81.0,83,12.7,40,11916,85,-0.11124279675248883,-0.2579280362501733,0.21379145129323002,1.4781382686650963,0.1733232211325852,-1.046334992329698,0.3755067479974553,-0.013888070295108445,0.3122382660840021,0.47901914729053885,0.09518189874570733,-0.3016095177954872,1.3055390172857926,0.830691053043354,0.6424581005586593,Medium,1,1,0.3581403891754813,0.6125530498969481,-0.11124279675248917,-0.25792803625017324,0.21379145129322938,1.478138268665096,0.17332322113258564,-1.046334992329698,0.3755067479974546,-0.013888070295108126,0.3122382660840011,0.47901914729053846,0.09518189874570722,-0.3016095177954876,1.3055390172857921,0.8306910530433731,-0.8800465451075412,0.6125530498969479,0.612553049896948,-0.8800465451075419,0.6125530498969481,0.6125530498969483
Westminster College PA,Yes,1738,1373,417,21,55,1335,30,18460,5970,700,850,92.0,96,13.2,41,22704,71,0.07080629466869835,0.15055766364788475,-0.07726054175254093,-0.18710169614595554,-0.3490700939831937,-1.3705870945384853,1.7438693303908241,1.0362571162148249,-0.7101522318661437,1.3621979324255895,1.263654675854437,-0.17083644547256602,1.3638859589907049,2.0117475391754946,0.7899884925201381,High,2,1,1.8150779933081982,0.6125530498969481,0.070806294668698,0.15055766364788484,-0.07726054175254163,-0.18710169614595593,-0.3490700939831933,-1.3705870945384853,1.7438693303908235,1.0362571162148253,-0.7101522318661447,1.362197932425589,1.263654675854437,-0.17083644547256643,1.3638859589907044,2.0117475391755137,0.16083554712500486,0.6125530498969479,0.612553049896948,0.16083554712500445,0.6125530498969481,0.6125530498969483
Wheeling Jesuit College,Yes,903,755,213,15,49,971,305,10500,4545,600,600,66.0,71,14.1,27,7494,72,-0.5551775334707205,-0.4638027768291172,-0.8470659416908405,-0.6779904542213022,-0.7130676799615191,-0.05848524546827141,0.14241229539730088,0.4497726389260374,-1.4016694654541817,-0.5439362728703399,-0.7496836000340958,0.05964138157856781,0.464466880638092,-0.3141311308777317,0.8361018826135105,Medium,1,1,0.3581403891754813,0.6125530498969481,-0.5551775334707209,-0.46380277682911714,-0.8470659416908413,-0.6779904542213027,-0.7130676799615187,-0.05848524546827149,0.14241229539730016,0.4497726389260378,-1.4016694654541828,-0.5439362728703402,-0.749683600034096,0.059641381578567396,0.4644668806380916,-0.3141311308777126,0.5698370463847724,0.6125530498969479,0.612553049896948,0.5698370463847721,0.6125530498969481,0.6125530498969483
Whitman College,Yes,1861,998,359,45,77,1220,46,16670,4900,750,800,80.0,83,10.5,51,13198,72,0.13447183109245409,-0.17397929870778767,-0.24208900787139492,1.0754007694010428,-0.4495061522603849,-1.1508735098970577,1.430962721212024,1.302507133936391,-0.8318078970334455,0.4043159082560863,0.09518189874570733,-0.9033411845194759,1.9107498885325442,1.0464958995264366,0.5362708221386352,High,2,1,1.8150779933081982,0.6125530498969481,0.13447183109245373,-0.17397929870778758,-0.24208900787139562,1.0754007694010423,-0.44950615226038443,-1.1508735098970577,1.4309627212120233,1.3025071339363914,-0.8318078970334465,0.40431590825608593,0.09518189874570722,-0.9033411845194763,1.9107498885325438,1.0464958995264557,-1.4201482593551922,0.6125530498969479,0.612553049896948,-1.4201482593551928,0.6125530498969481,0.6125530498969483
Whittier College,Yes,1681,1069,344,35,63,1235,30,16249,5699,500,1998,84.0,92,13.6,29,11778,52,0.039643093800635784,-0.10345190316376357,-0.2897610787733104,0.635335268105144,-0.4357649064611021,-1.3705870945384853,1.3541913285898803,-0.22914901677242944,1.064361659463255,0.7087119890670915,0.8745903245365926,-0.06764502846155519,0.605737985971725,0.8053217058261557,0.635930993456276,High,2,1,1.8150779933081982,0.6125530498969481,0.03964309380063544,-0.1034519031637635,-0.28976107877331114,0.6353352681051435,-0.43576490646110166,-1.3705870945384853,1.3541913285898797,-0.22914901677242913,1.064361659463254,0.7087119890670912,0.8745903245365925,-0.06764502846155561,0.6057379859717246,0.8053217058261748,-0.9177915897992618,0.6125530498969479,0.612553049896948,-0.9177915897992625,0.6125530498969481,0.6125530498969483
Whitworth College,Yes,1121,926,372,43,70,1270,160,12660,4500,678,2424,80.0,80,16.9,20,8328,80,-0.3451214544760843,-0.25120484764075857,-0.2025953892567085,0.9940119830251011,-0.40447803257382675,-0.45289018201859543,0.6394283751772636,0.9138150375754116,1.481411064254909,0.4043159082560863,-0.13620911968157937,0.7412034085943565,-0.07789765626183243,-0.0277982558330732,0.8260481712756468,Medium,1,1,0.3581403891754813,0.6125530498969481,-0.3451214544760846,-0.2512048476407585,-0.2025953892567092,0.9940119830251006,-0.4044780325738263,-0.4528901820185955,0.6394283751772629,0.913815037575412,1.4814110642549079,0.40431590825608593,-0.13620911968157948,0.7412034085943561,-0.07789765626183281,-0.02779825583305413,0.4768781974435335,0.6125530498969479,0.612553049896948,0.47687819744353316,0.6125530498969481,0.6125530498969483
Widener University,Yes,2139,1492,502,24,64,2186,2171,12350,5370,500,1350,88.0,86,12.6,19,9603,63,0.2631195264626962,0.23394394207398386,0.12171654935416844,0.018775285270126344,0.16700121262843368,1.2888650182685932,0.5717146700387211,-0.22914901677242944,0.236441135041996,1.0280025774963892,0.3405662242258264,-0.3280101887390996,-0.16286735762255852,0.3336520647489451,0.6975222066386162,Medium,1,1,0.3581403891754813,0.6125530498969481,0.2631195264626959,0.23394394207398395,0.12171654935416777,0.018775285270125945,0.16700121262843412,1.2888650182685932,0.5717146700387205,-0.22914901677242913,0.236441135041995,1.0280025774963888,0.3405662242258263,-0.3280101887391,-0.1628673576225589,0.3336520647489642,-0.5352646663572475,0.6125530498969479,0.612553049896948,-0.535264666357248,0.6125530498969481,0.6125530498969483
Wilkes University,Yes,1631,1431,434,15,36,1803,603,11150,5130,550,1260,78.0,92,13.3,24,8543,67,0.011358705772861525,0.19212623470330803,-0.03392052671602056,-0.6779904542213022,-0.02797003750372891,0.38354251347302554,0.2985290755011674,0.12378880488361321,0.09320570195943828,0.2576999703306144,0.8745903245365926,-0.1449220622273889,0.24207061628816592,0.03894397061917556,0.8773758430410791,Medium,1,1,0.3581403891754813,0.6125530498969481,0.011358705772861178,0.1921262347033081,-0.03392052671602125,-0.6779904542213027,-0.02797003750372845,0.3835425134730255,0.2985290755011667,0.12378880488361355,0.09320570195943728,0.25769997033061404,0.8745903245365925,-0.14492206222738932,0.24207061628816554,0.03894397061919463,0.9747697416097888,0.6125530498969479,0.612553049896948,0.9747697416097886,0.6125530498969481,0.6125530498969483
Willamette University,Yes,1658,1327,395,49,80,1595,159,14800,4620,400,790,91.0,94,13.3,37,10779,68,0.026745999126825754,0.11623114201930364,-0.13647545429044783,1.23000324536072,-0.15639632853797097,-0.4566112261183258,1.0795087451013774,-1.0388011424180428,-0.8569811356939347,1.2772512278910106,1.0657563528339236,-0.1449220622273889,1.1257980885897985,0.6069479676277789,0.8003618817852834,Medium,1,1,0.3581403891754813,0.6125530498969481,0.026745999126825407,0.11623114201930371,-0.13647545429044852,1.2300032453607195,-0.15639632853797053,-0.45661122611832583,1.0795087451013767,-1.0388011424180428,-0.8569811356939357,1.2772512278910102,1.0657563528339236,-0.14492206222738932,1.125798088589798,0.606947967627798,0.24902734318506936,0.6125530498969479,0.612553049896948,0.24902734318506897,0.6125530498969481,0.6125530498969483
William Jewell College,Yes,663,547,315,32,67,1279,75,10060,2970,500,2600,74.0,80,11.2,19,7885,59,-0.8610392255076436,-0.8055436188953229,-0.38912030548659476,0.48416411722208674,-0.3966024179149419,-0.8871813039023969,0.03309406225502743,-0.22914901677242944,1.6341314740660062,-0.024374663811267006,-0.13620911968157937,-0.706872473805698,-0.16286735762255852,-0.1740764057886531,0.8250377073906485,Medium,1,1,0.3581403891754813,0.6125530498969481,-0.8610392255076439,-0.8055436188953228,-0.3891203054865955,0.48416411722208635,-0.39660241791494144,-0.887181303902397,0.033094062255026716,-0.22914901677242913,1.6341314740660051,-0.02437466381126737,-0.13620911968157948,-0.7068724738056984,-0.1628673576225589,-0.17407640578863404,0.4676544691774351,0.6125530498969479,0.612553049896948,0.46765446917743475,0.6125530498969481,0.6125530498969483
William Woods University,Yes,469,435,227,17,39,851,120,10535,4365,550,3700,39.0,66,12.9,16,7438,52,-1.211939478268899,-1.0531170863470656,-0.7706952927942133,-0.5000085327852752,-0.8714721725969379,-0.6214362405081376,0.15097785030464678,0.12378880488361321,2.414948897159594,-1.8598688064952549,-1.0406490873905974,-0.24905677256531966,-0.4323290036172367,-0.3351150602596006,0.9275053304904051,Medium,1,1,0.3581403891754813,0.6125530498969481,-1.2119394782688995,-1.0531170863470656,-0.7706952927942141,-0.5000085327852757,-0.8714721725969374,-0.6214362405081377,0.15097785030464606,0.12378880488361355,2.414948897159593,-1.8598688064952553,-1.0406490873905974,-0.24905677256532008,-0.4323290036172371,-0.3351150602595815,1.5200516210049948,0.6125530498969479,0.612553049896948,1.5200516210049948,0.6125530498969481,0.6125530498969483
Williams College,Yes,4186,1245,526,81,96,1988,29,19629,5790,500,1200,94.0,99,9.0,64,22014,99,0.8654251019593864,0.05176040602662842,0.1709163523272022,2.2013505166432816,0.07192696987112561,-1.3875671938646397,1.9375880374604852,-0.22914901677242944,-0.007646689375954711,1.5348879805589812,1.5733239615731247,-1.3426312395200746,2.5434953825905566,1.9641189126369678,0.2974199713330148,High,2,1,1.8150779933081982,0.6125530498969481,0.865425101959386,0.05176040602662849,0.17091635232720157,2.201350516643281,0.07192696987112607,-1.3875671938646397,1.9375880374604846,-0.22914901677242913,-0.007646689375955717,1.5348879805589808,1.5733239615731247,-1.342631239520075,2.543495382590556,1.964118912636987,-2.176762249412199,0.6125530498969479,0.612553049896948,-2.1767622494122,0.6125530498969481,0.6125530498969483
Wilson College,Yes,167,130,46,16,50,199,676,11428,5084,450,475,67.0,76,8.3,43,10291,67,-2.31114009054328,-2.4228310295410225,-2.9192320815028254,-0.5868962977653778,-2.9528806841012067,0.46027341073206085,0.3634742936744985,-0.6143252338289236,-1.8554964117299413,-0.4822397840169151,-0.42352364534226566,-1.5573448858410492,1.4783988095896108,0.4993970803796138,0.7784431137724551,Medium,1,1,0.3581403891754813,0.6125530498969481,-2.3111400905432804,-2.4228310295410225,-2.9192320815028268,-0.5868962977653782,-2.9528806841012063,0.4602734107320608,0.3634742936744978,-0.6143252338289233,-1.8554964117299424,-0.4822397840169155,-0.4235236453422658,-1.5573448858410497,1.4783988095896103,0.4993970803796329,0.06519484111353105,0.6125530498969479,0.612553049896948,0.06519484111353063,0.6125530498969481,0.6125530498969483
Wingate College,Yes,1239,1017,383,10,34,1207,157,7820,3400,550,1550,69.0,81,13.9,8,7264,91,-0.2490186102594501,-0.15459227749060372,-0.1704014491150514,-1.2174962818199055,-0.461582841194099,-0.4641175328239365,-0.5786133400413754,0.12378880488361321,0.5254588977321721,-0.3560631885270026,-0.06061368145330422,0.008948736859618622,-1.310419180097965,-0.40190044227188454,0.8208232445520581,Low,0,1,-1.0987972149572356,0.6125530498969481,-0.24901861025945046,-0.15459227749060364,-0.1704014491150521,-1.217496281819906,-0.46158284119409854,-0.46411753282393653,-0.5786133400413761,0.12378880488361355,0.5254588977321711,-0.35606318852700297,-0.060613681453304334,0.008948736859618205,-1.3104191800979654,-0.40190044227186544,0.42941671497065986,0.6125530498969479,0.612553049896948,0.42941671497065953,0.6125530498969481,0.6125530498969483
Winona State University,No,3325,2047,1301,20,45,5800,872,4200,2700,300,1200,53.0,60,20.2,18,5318,58,0.6621824864407029,0.5468362383576992,1.0578333662585166,-0.26074560260699386,1.0375245319322146,0.6339963730150892,-1.8801934194490562,-2.0489462340837274,-0.007646689375954711,-1.2616584368949362,-1.3455990913496088,1.4876907284232481,-0.2501326687269887,-1.366624416724946,0.6156390977443609,Low,0,0,-1.0987972149572356,-1.6325116659989423,0.6621824864407025,0.5468362383576993,1.0578333662585162,-0.26074560260699425,1.037524531932215,0.633996373015089,-1.8801934194490568,-2.0489462340837274,-0.007646689375955717,-1.2616584368949366,-1.3455990913496088,1.4876907284232477,-0.2501326687269891,-1.3666244167249268,-1.0311287553690465,-1.6325116659989425,-1.6325116659989423,-1.0311287553690471,-1.6325116659989423,-1.6325116659989423
Winthrop University,No,2320,1805,769,24,61,3395,670,6400,3392,580,2150,71.0,80,12.8,26,6729,59,0.33757414000932745,0.4231869179660469,0.5581010760976476,0.018775285270126344,0.5828716253013351,0.45425959746489153,-1.0288827529671758,0.32233103515844,1.22187775373758,-0.22617376518526458,-0.13620911968157937,-0.27529199961519973,0.3918121831278882,-0.6237036800488555,0.7780172413793104,Low,0,0,-1.0987972149572356,-1.6325116659989423,0.3375741400093271,0.42318691796604696,0.558101076097647,0.018775285270125945,0.5828716253013355,0.4542595974648915,-1.0288827529671765,0.3223310351584404,1.221877753737579,-0.22617376518526494,-0.13620911968157948,-0.2752919996152001,0.3918121831278878,-0.6237036800488364,0.061716946752379806,-1.6325116659989425,-1.6325116659989423,0.06171694675237938,-1.6325116659989423,-1.6325116659989423
Wisconsin Lutheran College,Yes,152,128,75,17,41,282,22,9100,3700,500,1400,48.0,48,8.5,26,8960,50,-2.4152636429642724,-2.441118150040483,-2.20828251071282,-0.5000085327852752,-2.3924029027075435,-1.5234113181736704,-0.2168218431910953,-0.22914901677242944,0.3122382660840021,-1.4960693268775773,-1.8218082056103093,-1.4953059552097332,0.3918121831278882,0.16128708308407785,0.8421052631578947,Medium,1,1,0.3581403891754813,0.6125530498969481,-2.415263642964273,-2.441118150040483,-2.2082825107128214,-0.5000085327852757,-2.392402902707543,-1.5234113181736704,-0.21682184319109601,-0.22914901677242913,0.3122382660840011,-1.4960693268775778,-1.8218082056103093,-1.4953059552097336,0.3918121831278878,0.16128708308409692,0.6263842072293859,0.6125530498969479,0.612553049896948,0.6263842072293856,0.6125530498969481,0.6125530498969483
Wittenberg University,Yes,1979,1739,575,42,68,1980,144,15948,4404,400,800,82.0,95,12.8,29,10414,78,0.19144070047939815,0.3863688000805629,0.2637724853236595,0.9521981331052524,0.06784523433009049,-0.5151386977046785,1.2984977259247215,-1.0388011424180428,-0.8318078970334455,0.5546527948873138,1.1638582779526243,-0.27529199961519973,0.605737985971725,0.5272366531752225,0.8787266296109146,High,2,1,1.8150779933081982,0.6125530498969481,0.1914407004793978,0.38636880008056296,0.2637724853236589,0.9521981331052519,0.06784523433009094,-0.5151386977046786,1.2984977259247208,-1.0388011424180428,-0.8318078970334465,0.5546527948873134,1.1638582779526243,-0.2752919996152001,0.6057379859717246,0.5272366531752416,0.9886751841401646,0.6125530498969479,0.612553049896948,0.9886751841401644,0.6125530498969481,0.6125530498969483
Wofford College,Yes,1501,935,273,51,83,1059,34,12680,4150,605,1440,91.0,92,15.3,42,7875,75,-0.06676842722663451,-0.24120690639373502,-0.55344685963562,1.3036072146864357,-0.6113531438650709,-1.3073231570114363,0.6437594209478201,0.48105339119478674,0.37109196117654986,1.2772512278910106,0.8745903245365926,0.3579040707316264,1.4214971999277994,-0.1775242338968489,0.6229180546302465,Medium,1,1,0.3581403891754813,0.6125530498969481,-0.06676842722663485,-0.24120690639373493,-0.5534468596356208,1.3036072146864353,-0.6113531438650704,-1.3073231570114363,0.6437594209478195,0.4810533911947871,0.37109196117654886,1.2772512278910102,0.8745903245365925,0.357904070731626,1.421497199927799,-0.17752423389682984,-0.9911617433683343,0.6125530498969479,0.612553049896948,-0.991161743368335,0.6125530498969481,0.6125530498969483
Worcester Polytechnic Institute,Yes,2768,2314,682,49,86,2802,86,15884,5370,530,730,92.0,94,15.2,34,10774,82,0.49788795708045286,0.666287302683967,0.4381543727254352,1.23000324536072,0.4064490143176429,-0.8110301629978574,1.2865670450571682,-0.013888070295108445,-1.0145187375301117,1.3621979324255895,1.0657563528339236,0.3334196419182193,0.9383237726310382,0.6058842411354646,0.8359826589595376,High,2,1,1.8150779933081982,0.6125530498969481,0.4978879570804525,0.6662873026839671,0.4381543727254346,1.2300032453607195,0.40644901431764335,-0.8110301629978575,1.2865670450571676,-0.013888070295108126,-1.0145187375301128,1.362197932425589,1.0657563528339236,0.33341964191821893,0.9383237726310377,0.6058842411354837,0.5687219630968966,0.6125530498969479,0.612553049896948,0.5687219630968963,0.6125530498969481,0.6125530498969483
Worcester State College,No,2197,1515,543,4,26,3089,2029,6797,3900,500,1200,60.0,60,21.0,14,4469,40,0.2876916053568054,0.2492384650055668,0.2042237736564076,-2.23068678014793,0.4969934790494799,1.2385072597424571,-0.8968877463453164,-0.22914901677242944,-0.007646689375954711,-0.8946430399991983,-1.3455990913496088,1.660902564484489,-0.6263490551654358,-1.979966351680746,0.6895766954938553,Low,0,0,-1.0987972149572356,-1.6325116659989423,0.28769160535680505,0.24923846500556687,0.20422377365640695,-2.2306867801479306,0.4969934790494803,1.2385072597424571,-0.8968877463453171,-0.22914901677242913,-0.007646689375955717,-0.8946430399991986,-1.3455990913496088,1.6609025644844886,-0.6263490551654363,-1.9799663516807269,-0.5880273205502045,-1.6325116659989425,-1.6325116659989423,-0.588027320550205,-1.6325116659989423,-1.6325116659989423
Xavier University,Yes,1959,1805,695,24,47,2849,1107,11520,4960,600,1250,73.0,75,13.3,31,9189,83,0.1820457903835227,0.4231869179660469,0.45716678278950773,0.018775285270126344,0.4220320217127037,0.8003455640035335,0.3847381392148688,0.4497726389260374,0.07671009872843897,-0.09256994792772753,-0.4916463924532397,-0.1449220622273889,0.7420738947418721,0.22480351466369863,0.9213884635017866,Medium,1,1,0.3581403891754813,0.6125530498969481,0.18204579038352234,0.42318691796604696,0.4571667827895071,0.018775285270125945,0.42203202171270415,0.8003455640035334,0.3847381392148681,0.4497726389260378,0.07671009872843797,-0.0925699479277279,-0.4916463924532398,-0.14492206222738932,0.7420738947418717,0.2248035146637177,1.4502182670938044,0.6125530498969479,0.612553049896948,1.4502182670938042,0.6125530498969481,0.6125530498969483
Xavier University of Louisiana,Yes,2097,1915,695,34,61,2793,166,6900,4200,617,781,67.0,75,14.4,20,8323,49,0.24487530811129501,0.4814611284145833,0.45716678278950773,0.5861080901616065,0.40342866899215174,-0.43099780182840153,-0.8634737863926079,0.5552169461664446,-0.8798905050596704,-0.4822397840169151,-0.4916463924532397,0.13513949985508442,-0.07789765626183243,-0.029381975380488378,0.9132093466857415,Low,0,1,-1.0987972149572356,0.6125530498969481,0.24487530811129465,0.48146112841458333,0.4571667827895071,0.586108090161606,0.4034286689921522,-0.4309978018284016,-0.8634737863926085,0.555216946166445,-0.8798905050596714,-0.4822397840169155,-0.4916463924532398,0.135139499855084,-0.07789765626183281,-0.029381975380469307,1.3583023691167808,0.6125530498969479,0.612553049896948,1.3583023691167806,0.6125530498969481,0.6125530498969483
Yale University,Yes,10705,2453,1317,95,99,5217,83,19840,6510,630,2115,96.0,96,5.8,49,40386,99,1.6594575558953393,0.7227635662108772,1.0689714092410962,2.53127593336289,0.9517805927233017,-0.8308840038168034,1.971739775403602,0.6341541487893395,1.1865436163238656,1.7113078679607372,1.263654675854437,-2.3886463107948757,1.806191872967965,2.7687494821808425,0.22914525922466136,High,2,1,1.8150779933081982,0.6125530498969481,1.6594575558953388,0.7227635662108773,1.0689714092410958,2.5312759333628896,0.9517805927233022,-0.8308840038168035,1.9717397754036012,0.63415414878934,1.1865436163238645,1.7113078679607368,1.263654675854437,-2.388646310794876,1.8061918729679645,2.7687494821808616,-2.307829588290578,0.6125530498969479,0.612553049896948,-2.307829588290579,0.6125530498969481,0.6125530498969483
York College of Pennsylvania,Yes,2989,1855,691,28,63,2988,1726,4990,3560,500,1250,75.0,75,18.1,28,4509,99,0.5669895889883275,0.45013316705121614,0.451360856019211,0.26440143846515807,0.4663435780232252,1.1192892214818095,-1.5466561583709155,-0.22914901677242944,0.07671009872843897,0.0447497870211825,-0.4916463924532397,1.0190329338711737,0.5357515534995189,-1.9471187603004503,0.6206088992974239,Low,0,1,-1.0987972149572356,0.6125530498969481,0.5669895889883272,0.4501331670512162,0.4513608560192104,0.2644014384651577,0.4663435780232256,1.1192892214818095,-1.5466561583709162,-0.22914901677242913,0.07671009872843797,0.04474978702118213,-0.4916463924532398,1.0190329338711732,0.5357515534995184,-1.9471187603004312,-1.0039233251569022,0.6125530498969479,0.612553049896948,-1.0039233251569029,0.6125530498969481,0.6125530498969483
